{
"type": "FeatureCollection",
"name": "railways",
"crs": { "type": "name", "properties": { "name": "urn:ogc:def:crs:OGC:1.3:CRS84" } },
"features": [
{ "type": "Feature", "properties": { "shape_id": 82 }, "geometry": { "type": "MultiLineString", "coordinates": [ [ [ 120.318858169, 23.190164483000046 ], [ 120.318887525000036, 23.189370608000047 ], [ 120.318769881000094, 23.18884136500003 ], [ 120.318564036000112, 23.188459140000077 ], [ 120.31826998400004, 23.188106322000067 ], [ 120.317917131000058, 23.187812313000052 ], [ 120.317064409000068, 23.187253706000035 ], [ 120.315793906000067, 23.186573788000032 ], [ 120.315023296000049, 23.186222870000051 ], [ 120.313300715000082, 23.185519137000028 ], [ 120.311765365000042, 23.184638007000046 ], [ 120.311345725000024, 23.184432031000028 ], [ 120.310659050000027, 23.184226070000022 ], [ 120.309583255, 23.183856094000078 ], [ 120.308324347000053, 23.183440350000069 ], [ 120.307599522000032, 23.183209595000051 ], [ 120.307027297000104, 23.183108533000052 ], [ 120.30601255900001, 23.183081882000067 ], [ 120.30528012000002, 23.183118160000049 ], [ 120.303555852000045, 23.183457761000057 ], [ 120.300069173000111, 23.184198002000073 ], [ 120.297261517000038, 23.18477417500003 ], [ 120.295911099000023, 23.185098498000059 ], [ 120.29522444700001, 23.185298808000027 ], [ 120.294675129000098, 23.185501018000025 ], [ 120.293874046000042, 23.185903516000053 ], [ 120.291661529000066, 23.186992742000029 ], [ 120.289891512000054, 23.187801561000072 ], [ 120.28843430500001, 23.188549328000079 ], [ 120.286725324000031, 23.189356236000037 ], [ 120.28503291100003, 23.190295591000051 ], [ 120.283551044000092, 23.191071899000065 ], [ 120.282845382000119, 23.191260113000055 ], [ 120.282327891000023, 23.191307184000038 ], [ 120.281645731000026, 23.191142564000074 ], [ 120.280587201000117, 23.190813307000042 ], [ 120.277999664000049, 23.189660853000078 ], [ 120.275764975000016, 23.188720080000053 ], [ 120.273600853000062, 23.187755782000067 ], [ 120.272307090000027, 23.187285405000068 ], [ 120.271577875000048, 23.186956132000034 ], [ 120.270895700000096, 23.186556289000066 ], [ 120.270495799000059, 23.186226999000041 ], [ 120.268064974000026, 23.183807610000031 ], [ 120.267414175000113, 23.18315986500005 ], [ 120.266830776, 23.182444820000057 ], [ 120.265833365000049, 23.18144753100006 ], [ 120.263330426000039, 23.178926082000032 ], [ 120.262050509000119, 23.177535576000025 ], [ 120.261165436000056, 23.176858503000062 ], [ 120.260906018000014, 23.176675408000051 ], [ 120.260066742000049, 23.17632640100004 ], [ 120.25809885000001, 23.17584024000007 ], [ 120.256894492000015, 23.175689759000022 ], [ 120.25503151800001, 23.175746308000043 ], [ 120.254466319000016, 23.175739091000025 ], [ 120.25356371700002, 23.175727566000035 ], [ 120.249517848000096, 23.175596049000035 ], [ 120.245434351000085, 23.17557744000004 ], [ 120.242574012000091, 23.175408228000038 ], [ 120.240146497000069, 23.175427170000034 ], [ 120.233898925000062, 23.175220495000076 ], [ 120.232788665000044, 23.175201734000041 ], [ 120.232626988000106, 23.175196690000064 ], [ 120.229175610000084, 23.175089013000047 ], [ 120.227481995000062, 23.175089100000037 ], [ 120.224094741000044, 23.174731736000069 ], [ 120.221949485000096, 23.17456248700006 ], [ 120.220919183000092, 23.17445536300005 ], [ 120.219013883000116, 23.174543819000064 ], [ 120.216699329000107, 23.175447190000057 ], [ 120.206873400000063, 23.179476301000022 ], [ 120.206232526, 23.179691868000077 ], [ 120.205858674000069, 23.179657554000073 ], [ 120.203783395000073, 23.179175094000072 ], [ 120.199167418000116, 23.177958424000053 ], [ 120.196756438000079, 23.177504592000048 ], [ 120.194444652000016, 23.177180456000031 ], [ 120.190736632000039, 23.17656837800007 ], [ 120.189149661000101, 23.176309056000036 ], [ 120.188737658000036, 23.176240412000027 ], [ 120.185114641000041, 23.175762567000049 ], [ 120.183064683000111, 23.175397619000023 ], [ 120.182503048000058, 23.175257243000033 ], [ 120.180698309671641, 23.173073304100271 ], [ 120.179745326067902, 23.172673996120679 ], [ 120.177711996179028, 23.173394031491839 ], [ 120.179762074119139, 23.172725348452378 ], [ 120.18068093716947, 23.173124478813538 ], [ 120.181315670243364, 23.174629591123775 ], [ 120.181832876000044, 23.176267469000038 ], [ 120.182298406000086, 23.178344580000044 ], [ 120.182557888000019, 23.179603435000047 ], [ 120.182664768000109, 23.180703987000072 ], [ 120.183359582000094, 23.189382520000038 ], [ 120.183642056000053, 23.192369459000076 ], [ 120.183871007000107, 23.193408969000075 ], [ 120.188641772000096, 23.20606622300005 ], [ 120.190098078, 23.210143072000051 ], [ 120.190166486000066, 23.211105297000074 ], [ 120.190158902, 23.211862527000051 ], [ 120.190006456000106, 23.214281090000043 ], [ 120.18966214000011, 23.218527992000077 ], [ 120.189022874000102, 23.224870902000077 ], [ 120.188367132000053, 23.231560110000032 ], [ 120.188123070000074, 23.232977305000077 ], [ 120.18797819800011, 23.234482233000051 ], [ 120.1878280090001, 23.235013928000058 ], [ 120.186534511000104, 23.236909264000076 ], [ 120.184789803000058, 23.239616883000053 ], [ 120.184007649000023, 23.240098261000071 ], [ 120.183466155000019, 23.240399126000057 ], [ 120.1826839900001, 23.240700003000029 ], [ 120.17793076800001, 23.241482422000047 ], [ 120.174952469000118, 23.24172324400007 ], [ 120.172997017000057, 23.241843679000056 ], [ 120.170308502000012, 23.241902841000069 ], [ 120.166669163000051, 23.241540627000063 ], [ 120.162793304000047, 23.241140277000056 ], [ 120.159695670000019, 23.240840977000062 ], [ 120.157589894000012, 23.24070566100005 ], [ 120.155397808000089, 23.240550986000073 ], [ 120.152780522000057, 23.240882042000067 ], [ 120.145397871000114, 23.241898399000036 ], [ 120.142981317000022, 23.242266932000064 ] ], [ [ 120.322562541000025, 23.305612053000061 ], [ 120.322287821000032, 23.305299910000031 ], [ 120.322175434000087, 23.305137595000076 ], [ 120.322002190000035, 23.304957151000053 ], [ 120.321492688000035, 23.304186407000032 ], [ 120.321160752000083, 23.303509879000046 ], [ 120.320560720000117, 23.302348293000023 ], [ 120.32055561300001, 23.302332976000059 ], [ 120.320139444, 23.301914305000025 ], [ 120.319830052000043, 23.301722325000071 ], [ 120.318921340000088, 23.301498511000034 ], [ 120.31645742, 23.300767285000063 ], [ 120.315926862000083, 23.300561431000062 ], [ 120.315550715000086, 23.300102805000051 ], [ 120.315148121000107, 23.299438150000071 ], [ 120.314673648000053, 23.298497076000046 ], [ 120.314649880000047, 23.298474610000028 ], [ 120.314075757000069, 23.297931933000029 ], [ 120.313216983000075, 23.297445786000026 ], [ 120.312113909000118, 23.297343086000069 ], [ 120.310334431000115, 23.297456059000069 ], [ 120.306576250000035, 23.297711306000053 ], [ 120.304685006000113, 23.297823771000026 ], [ 120.301142104000064, 23.298084629000073 ], [ 120.299330687000065, 23.298180953000042 ], [ 120.295718853000039, 23.29842872100005 ], [ 120.293932662000088, 23.298568831000068 ], [ 120.289171085000021, 23.298857291000047 ], [ 120.286651712000094, 23.299062757000058 ], [ 120.283464099000071, 23.299250426000071 ], [ 120.278530155000112, 23.299648857000022 ], [ 120.275661438000043, 23.299832113000036 ], [ 120.271701687000018, 23.299958204000063 ], [ 120.270129998000016, 23.300082264000025 ], [ 120.269382301000064, 23.300141432000032 ], [ 120.268405719000043, 23.300234944000067 ], [ 120.267986103000112, 23.300429518000044 ], [ 120.267482567000116, 23.300717557000041 ], [ 120.267185036000114, 23.301104771000041 ], [ 120.26694855300002, 23.301667459000043 ], [ 120.26659007100011, 23.30346232100004 ], [ 120.265911240000037, 23.306821247000073 ], [ 120.265209545000062, 23.310590262000062 ], [ 120.265049376000093, 23.311465757000065 ], [ 120.26466794800001, 23.312316467000073 ], [ 120.263737233000029, 23.313892009000028 ], [ 120.263180336000119, 23.314937281000027 ], [ 120.263020142000073, 23.315396967000027 ], [ 120.262829450000027, 23.316177094000068 ], [ 120.262448126000095, 23.318755888000055 ], [ 120.262493940000013, 23.31936434000005 ], [ 120.26264659200001, 23.320361890000072 ], [ 120.26279927500002, 23.321870619000038 ], [ 120.262768801000107, 23.322601146000068 ], [ 120.262410621000072, 23.329700406000029 ], [ 120.261090956000089, 23.330847375000076 ], [ 120.261035606000064, 23.330895481000027 ], [ 120.260551699000075, 23.331326586000046 ], [ 120.260366512000019, 23.331696617000034 ], [ 120.260310603000107, 23.332088088000035 ], [ 120.260463277000099, 23.33257758600007 ], [ 120.260642896000036, 23.332937125000058 ], [ 120.261109162000025, 23.333587499000032 ], [ 120.261095445000024, 23.333999723000034 ], [ 120.261047414000018, 23.335023413000044 ], [ 120.260703957000032, 23.336102081000035 ], [ 120.260250587000087, 23.337434959000063 ], [ 120.260113207000018, 23.337922763000051 ], [ 120.259659785000053, 23.338376231000041 ], [ 120.259082683000088, 23.338644207000073 ], [ 120.258155177000049, 23.33875418100007 ], [ 120.257567345000098, 23.338942169000063 ], [ 120.257550702000117, 23.338942786000075 ], [ 120.25658403400007, 23.338978638000071 ], [ 120.255928477000111, 23.33872374200007 ], [ 120.25370685900009, 23.337776972000029 ], [ 120.250949825000021, 23.338179876000027 ], [ 120.250378247000071, 23.338565919000075 ], [ 120.250044211000045, 23.338833175000048 ], [ 120.249791831000039, 23.339085580000074 ], [ 120.247479424000062, 23.341346318000035 ], [ 120.244092654000042, 23.344624170000031 ], [ 120.242890863000071, 23.345243349000043 ], [ 120.241725468000027, 23.345461920000048 ], [ 120.23935825600006, 23.345862647000047 ], [ 120.238702725000053, 23.346044774000063 ], [ 120.238047205000044, 23.346408994000058 ], [ 120.236117085000046, 23.347865839000065 ], [ 120.231200743000045, 23.35158079200005 ], [ 120.230253893000054, 23.352309213000069 ], [ 120.228360163000048, 23.353292614000054 ], [ 120.219474159000015, 23.357189866000056 ], [ 120.218454464000047, 23.357809035000059 ], [ 120.217944628000055, 23.358318922000024 ], [ 120.215140628000086, 23.362689302000035 ], [ 120.212591560000078, 23.367023250000045 ], [ 120.212190980000059, 23.367496713000037 ], [ 120.211098456000059, 23.368261560000064 ], [ 120.208549239000035, 23.370155461000024 ], [ 120.204434071000037, 23.373142001000076 ], [ 120.202358268000012, 23.374489598000025 ], [ 120.201484254000093, 23.375181596000061 ], [ 120.193545257000096, 23.380936150000025 ], [ 120.19139662900011, 23.38250226200006 ], [ 120.190704697000115, 23.382975739000074 ], [ 120.190012759000069, 23.383376380000072 ], [ 120.189284393000094, 23.383594929000026 ], [ 120.188810954000019, 23.383740629000044 ], [ 120.188155412000015, 23.383740663000026 ], [ 120.181761450000067, 23.383435429000031 ], [ 120.180798745000061, 23.383340438000062 ], [ 120.178067307000106, 23.38315848600007 ], [ 120.176719801000104, 23.383122137000043 ], [ 120.175554387000034, 23.38304936000003 ], [ 120.173988361000056, 23.382903766000027 ], [ 120.172640857000033, 23.382903836000025 ], [ 120.172094572000105, 23.38290386400007 ], [ 120.171366189000082, 23.38286748400003 ], [ 120.17089273900001, 23.382831089000035 ], [ 120.170601385000055, 23.382794686000068 ] ], [ [ 120.186723869067308, 23.58458840266162 ], [ 120.188968151978855, 23.587630703380999 ], [ 120.190334420156262, 23.58930024531308 ], [ 120.192015406934118, 23.591279419340299 ], [ 120.192993489351238, 23.591655541007565 ], [ 120.194046814026962, 23.592144510548327 ], [ 120.198222434999039, 23.593122341746263 ], [ 120.198699269113419, 23.593236996173196 ], [ 120.204166113921119, 23.594551487915872 ], [ 120.210373130279137, 23.59620632390299 ], [ 120.211576911718339, 23.596469581980191 ], [ 120.212216414326235, 23.596507165894874 ], [ 120.213304098182775, 23.596548649709565 ], [ 120.214676348940102, 23.596308628111153 ], [ 120.215639584826334, 23.595905111143399 ], [ 120.221959167583307, 23.592895400464325 ], [ 120.229106315757733, 23.589509474087059 ], [ 120.230874281254643, 23.588456098543958 ], [ 120.233168850152609, 23.586687967562973 ], [ 120.235770004370934, 23.584754235430015 ], [ 120.238668223185826, 23.582640017290071 ], [ 120.239386272289849, 23.581947562870912 ], [ 120.240391596025233, 23.581064005906061 ], [ 120.245601055543759, 23.577377387796965 ], [ 120.247246148410809, 23.576219606449371 ], [ 120.250612494458551, 23.573827875627995 ], [ 120.251602611349327, 23.573370838929236 ], [ 120.252470886672327, 23.573279396663793 ], [ 120.258182925915662, 23.57299695239983 ], [ 120.262040605755033, 23.57288159777006 ], [ 120.265538331915394, 23.572902407777352 ], [ 120.267422833268284, 23.572764978338956 ], [ 120.270749453667122, 23.571776373096078 ], [ 120.271494254560409, 23.571555033124199 ], [ 120.276031762257617, 23.570347489374761 ], [ 120.279421355769841, 23.569515157442353 ], [ 120.283527944523541, 23.568453684652745 ], [ 120.285013698874039, 23.568066017065416 ], [ 120.286961924807486, 23.567892516193723 ], [ 120.288474341236252, 23.567724388269696 ], [ 120.2899980741592, 23.567558639001302 ], [ 120.290543700476036, 23.567499286843614 ], [ 120.290661942560121, 23.56748642444186 ], [ 120.292636302376948, 23.567271656689549 ], [ 120.295663312182199, 23.568047005500784 ], [ 120.296392372716838, 23.568277675944113 ], [ 120.29715631670399, 23.568448451755117 ], [ 120.29787817116484, 23.568609818665294 ], [ 120.298404201027694, 23.568757444651023 ], [ 120.29894527954238, 23.568901700168972 ], [ 120.299640841341343, 23.569246482084427 ], [ 120.299688347666034, 23.569285351108338 ], [ 120.300136082918002, 23.569732493655899 ], [ 120.300185351845244, 23.569781697267747 ], [ 120.300536059550822, 23.570224639177422 ], [ 120.301219002809333, 23.570861358854142 ], [ 120.301597396953355, 23.571322755994078 ], [ 120.302344947183897, 23.572088669021888 ], [ 120.303203200141027, 23.572227049351628 ], [ 120.304126035725005, 23.572097804538004 ], [ 120.305417999651709, 23.571820887093928 ], [ 120.306580766616221, 23.571562433058276 ], [ 120.30862944182563, 23.570953256047972 ], [ 120.309838343597278, 23.570574831230395 ], [ 120.311342550754574, 23.570122564329765 ], [ 120.312837528905831, 23.569661069575798 ], [ 120.313769580450426, 23.569328800875926 ], [ 120.314950796903545, 23.568950377508767 ], [ 120.316925640633656, 23.568276606008354 ], [ 120.31771925489457, 23.567769006127762 ], [ 120.319897077202185, 23.56632927210654 ], [ 120.322037991424295, 23.564981823390021 ], [ 120.322143841943685, 23.564914659678831 ], [ 120.323329924739483, 23.564206575793765 ], [ 120.324741820911555, 23.563320581912084 ], [ 120.327777842912013, 23.56115176463652 ], [ 120.331515190279845, 23.558401525660109 ], [ 120.333120864892393, 23.557210986617978 ], [ 120.334495842219354, 23.556241939674631 ], [ 120.336046157534028, 23.555235970259542 ], [ 120.337162750573853, 23.554460731849545 ], [ 120.337476503765402, 23.554239235436363 ], [ 120.338076344641109, 23.554119235822583 ], [ 120.34084487208689, 23.554072949946722 ], [ 120.342847444568903, 23.554109758990005 ], [ 120.344739271306693, 23.554072747111004 ], [ 120.346037430000024, 23.554055371000061 ] ], [ [ 120.20180739407914, 23.699850501594618 ], [ 120.222798538684785, 23.694239117688184 ], [ 120.23264640788291, 23.689278438302157 ], [ 120.242798587154581, 23.684347819135503 ], [ 120.243168790864019, 23.684176933443467 ], [ 120.243644932923033, 23.684073399082408 ], [ 120.244038267833631, 23.683990570943607 ], [ 120.244535119663254, 23.684011246827911 ], [ 120.258919769922542, 23.686656174218452 ], [ 120.263466845375959, 23.687611656922027 ], [ 120.272012271811647, 23.689596121466487 ], [ 120.274670096379069, 23.69013426350665 ], [ 120.277327896005318, 23.690268694652744 ], [ 120.296605363898337, 23.691411532805155 ], [ 120.299936028137111, 23.691646856413211 ], [ 120.301214461404143, 23.69168043204348 ], [ 120.301887340697689, 23.69201682253339 ], [ 120.302884946260008, 23.692832592227404 ], [ 120.303464853571896, 23.693774806784663 ], [ 120.304478091154209, 23.695986510400587 ], [ 120.305387738787658, 23.697459761130634 ], [ 120.305822659324519, 23.698005248570777 ], [ 120.30690053973504, 23.698543219020181 ], [ 120.312414707278592, 23.699284754180141 ], [ 120.318709175653822, 23.700154188993515 ], [ 120.328482768649124, 23.70151173036561 ], [ 120.332106853365318, 23.701963589162119 ], [ 120.335334172217486, 23.701978679110255 ], [ 120.336641071915309, 23.701569492517816 ], [ 120.339601599248482, 23.700761915734994 ], [ 120.347472651889589, 23.698695445230079 ], [ 120.3595043019575, 23.695169980070201 ], [ 120.371497876655155, 23.692825184124782 ], [ 120.379636095591806, 23.691373542045451 ], [ 120.383109983763617, 23.690680682954191 ], [ 120.385505642846113, 23.690148399003863 ], [ 120.386375405161715, 23.68996715253585 ], [ 120.388900767055688, 23.689431047042792 ], [ 120.392685002198476, 23.68874228538234 ], [ 120.394935706281188, 23.688328266478052 ], [ 120.395683399463692, 23.688217599395308 ], [ 120.39616406646725, 23.688261443916311 ], [ 120.396574015667397, 23.688148576866162 ], [ 120.39727017188342, 23.688301351514159 ], [ 120.397745615409775, 23.688725801910572 ], [ 120.397995220483708, 23.689102501715926 ], [ 120.398262277523173, 23.689447723148209 ], [ 120.398515523680416, 23.68999267482058 ] ], [ [ 120.245840037000107, 23.463739219000047 ], [ 120.243575840000062, 23.46358318700004 ], [ 120.242040347000056, 23.463427117000037 ], [ 120.240504854000051, 23.463271048000024 ], [ 120.238266668000051, 23.462880791000032 ], [ 120.234362866000083, 23.462360496000031 ], [ 120.231656231000102, 23.462022313000034 ], [ 120.230328936000092, 23.461814184000048 ], [ 120.22949612900004, 23.461762177000026 ], [ 120.22751822500004, 23.461866379000071 ], [ 120.218695727000068, 23.46228323400004 ], [ 120.213164738000046, 23.462509787000045 ] ], [ [ 120.249821902, 23.464051310000059 ], [ 120.247452046000035, 23.463865565000049 ], [ 120.245840037000107, 23.463739219000047 ] ], [ [ 120.249821902, 23.464051310000059 ], [ 120.245840037000107, 23.463739219000047 ] ], [ [ 120.300706847000015, 23.479366160000041 ], [ 120.300209470000027, 23.479270487000065 ], [ 120.300200859000029, 23.47926883100007 ], [ 120.299880661000088, 23.479207239000061 ], [ 120.298067469000102, 23.478858463000051 ], [ 120.29684428600001, 23.478596421000077 ], [ 120.296090722000031, 23.478530934000048 ], [ 120.295293479000065, 23.478541897000071 ], [ 120.294638210000016, 23.478531009000051 ], [ 120.293895569000028, 23.478487364000046 ], [ 120.292978193000067, 23.478476491000038 ], [ 120.291918838000015, 23.478432862000034 ], [ 120.291351097000074, 23.478424811000025 ], [ 120.290870408000046, 23.478432916000031 ], [ 120.288675254000054, 23.478378425000074 ], [ 120.287179054000035, 23.478323897000053 ], [ 120.286228914000048, 23.478313026000023 ], [ 120.285344296000062, 23.478225703000078 ], [ 120.284732697000095, 23.477985472000057 ], [ 120.282592098, 23.477090059000034 ], [ 120.280429651000077, 23.476129121000042 ], [ 120.276650837000034, 23.474523926000074 ], [ 120.273723888000063, 23.473180791000061 ], [ 120.270611280000026, 23.471848587000068 ], [ 120.268202441000085, 23.470745001000068 ], [ 120.266614035000089, 23.470123271000034 ], [ 120.264058423000051, 23.469074985000077 ], [ 120.263250238000069, 23.468736475000071 ], [ 120.261328066000033, 23.467917498000077 ], [ 120.259307597000088, 23.466989315000035 ], [ 120.25799394, 23.466419148000057 ], [ 120.255209174000015, 23.465170100000023 ], [ 120.253049035000117, 23.464311391000024 ], [ 120.252268271000048, 23.464155283000025 ], [ 120.249821902, 23.464051310000059 ] ], [ [ 120.328105976781856, 23.770461362001885 ], [ 120.324556631874046, 23.770903447033902 ], [ 120.324216127039705, 23.770873856273518 ], [ 120.323594338955814, 23.770873888936674 ], [ 120.320455717947539, 23.769719316549384 ], [ 120.314745945863436, 23.767345616488161 ], [ 120.310976831033983, 23.765804652612335 ], [ 120.305017967187325, 23.76336733579728 ], [ 120.299773328853775, 23.761133894755318 ], [ 120.299403208618713, 23.761000675269859 ], [ 120.29512473250233, 23.76129698640554 ], [ 120.292770833147941, 23.761504370543555 ], [ 120.292297090727729, 23.76151919974259 ], [ 120.29166356438742, 23.761534173567387 ], [ 120.290868041719378, 23.7613895779938 ], [ 120.289234701770809, 23.760485508128983 ], [ 120.287774856059414, 23.759677463671018 ], [ 120.285747645132133, 23.758468172479173 ], [ 120.283606916544443, 23.757282258635456 ], [ 120.282796918325985, 23.756949635263258 ], [ 120.28232280768799, 23.75656121697978 ], [ 120.282271051600148, 23.756460396631638 ], [ 120.282224366926656, 23.756357130100319 ], [ 120.282182868905196, 23.756251672291508 ], [ 120.282146659970451, 23.756144283519873 ], [ 120.282115829501478, 23.756035228866551 ], [ 120.282090453601, 23.755924777524768 ], [ 120.282070594907495, 23.755813202135368 ], [ 120.28174067538815, 23.755419554612434 ], [ 120.281661006018965, 23.755331110097089 ], [ 120.281576516071553, 23.755247258505158 ], [ 120.281487469891786, 23.755168262185293 ], [ 120.281394146080757, 23.755094368295314 ], [ 120.281296836623028, 23.755025808028957 ], [ 120.281195845973286, 23.754962795892471 ], [ 120.281091490103535, 23.754905529033554 ], [ 120.280984095514668, 23.754854186624517 ], [ 120.280873998214943, 23.754808929301671 ], [ 120.280761542668557, 23.754769898662765 ], [ 120.28064708071814, 23.754737216823976 ], [ 120.280530970483696, 23.754710986037804 ], [ 120.277219556048223, 23.753395062624058 ], [ 120.274653515341967, 23.752157857403883 ], [ 120.274523038255964, 23.752083314261068 ], [ 120.274389420086848, 23.752014560097564 ], [ 120.274252917519149, 23.751951726992178 ], [ 120.274113792778422, 23.751894935649208 ], [ 120.273972313127501, 23.751844295166531 ], [ 120.27382875035299, 23.751799902826029 ], [ 120.273683380243327, 23.751761843906738 ], [ 120.273536482058901, 23.751730191520966 ], [ 120.273388337995499, 23.751705006473912 ], [ 120.273239232642311, 23.751686337146808 ], [ 120.273089452435272, 23.751674219403991 ], [ 120.258695185997183, 23.748693619542813 ] ], [ [ 120.263629540889752, 23.798131739185553 ], [ 120.265970645695973, 23.794958720300091 ], [ 120.266086011128095, 23.794880626757383 ], [ 120.266204790676269, 23.79480783113063 ], [ 120.266326741221022, 23.794740482418852 ], [ 120.266451613152356, 23.794678718472259 ], [ 120.266579150880858, 23.794622665710083 ], [ 120.26670909336066, 23.794572438861852 ], [ 120.266841174623806, 23.794528140732499 ], [ 120.266975124324702, 23.794489861992041 ], [ 120.267110668293356, 23.794457680989847 ], [ 120.26724752909665, 23.794431663594448 ], [ 120.267385426606111, 23.794411863058556 ], [ 120.267524078571356, 23.794398319910169 ], [ 120.267663201197806, 23.794391061869586 ], [ 120.282588895908162, 23.791805418771546 ], [ 120.282767185899544, 23.791776624389026 ], [ 120.282946442828262, 23.79175463823432 ], [ 120.2831264068097, 23.791739492182707 ], [ 120.283306816934157, 23.791731208192758 ], [ 120.283487411645112, 23.791729798274503 ], [ 120.283667929118465, 23.791735264472017 ], [ 120.283848107642029, 23.791747598860482 ], [ 120.284027685995099, 23.791766783557637 ], [ 120.284197598686347, 23.791755447184212 ], [ 120.284537427585121, 23.791789411644721 ], [ 120.284843273101444, 23.79181205045008 ], [ 120.285171773736806, 23.79183468806448 ], [ 120.285545581797052, 23.791812013531189 ], [ 120.285953376755529, 23.791857301860091 ], [ 120.286179929353779, 23.791879944833578 ], [ 120.287256051732172, 23.791947852912291 ], [ 120.288739968360176, 23.792049721877419 ], [ 120.28980476176578, 23.792094975667741 ], [ 120.292262853418251, 23.792276085508338 ], [ 120.294347130674296, 23.792377922908884 ], [ 120.295338284379667, 23.792253268949413 ], [ 120.296170846625813, 23.792038003797696 ], [ 120.298674202760566, 23.791482827577862 ], [ 120.299478448915366, 23.791312873681797 ], [ 120.299761633675558, 23.791244894148136 ], [ 120.300099546687406, 23.791216088810994 ], [ 120.302625770259269, 23.790594750482949 ], [ 120.30337121694474, 23.790470470191064 ], [ 120.304323726581046, 23.790221937909909 ], [ 120.304903519302343, 23.79013908002841 ], [ 120.305773200669151, 23.789890552102605 ], [ 120.313931666517036, 23.787985092996681 ], [ 120.314872380755489, 23.78775524801463 ], [ 120.318197260403423, 23.786990939969147 ], [ 120.319493957199356, 23.786667570781962 ], [ 120.320150943645771, 23.786474969758498 ], [ 120.320479430891737, 23.786282386002252 ], [ 120.320739952082832, 23.786078478378148 ], [ 120.321045774367335, 23.785727311645758 ], [ 120.32123831684747, 23.785308186224643 ], [ 120.322110448157957, 23.783846900556462 ], [ 120.323107165041918, 23.782102422336219 ], [ 120.323509249080914, 23.781388772455834 ], [ 120.324030264049981, 23.780539187041928 ], [ 120.324483319293122, 23.779780224725179 ], [ 120.324719996375094, 23.779208664108008 ], [ 120.324749500610935, 23.777520969637653 ], [ 120.324764172824445, 23.775389146235423 ], [ 120.32476410486116, 23.774293626277625 ], [ 120.324941723700604, 23.773731052642066 ], [ 120.325104547246312, 23.773316523022189 ], [ 120.325430210868802, 23.772753941610414 ], [ 120.32584470044246, 23.772176551209597 ], [ 120.326688503352884, 23.771332660430598 ], [ 120.327132618412094, 23.771021746303045 ], [ 120.327547126351419, 23.770740442378742 ], [ 120.328105976781856, 23.770461362001885 ] ], [ [ 120.292552680626954, 22.638221459426433 ], [ 120.29574052072374, 22.639782628183394 ], [ 120.295902835185984, 22.639850114737087 ], [ 120.297255432327262, 22.639827503828428 ], [ 120.299735196147935, 22.639827379419636 ], [ 120.302521629302831, 22.639484466841896 ], [ 120.310035866487809, 22.638957168897001 ], [ 120.311173659393106, 22.638899258427809 ], [ 120.315888746852451, 22.638600112711316 ], [ 120.318974267945478, 22.638117846365212 ], [ 120.32367003245416, 22.637163029930651 ], [ 120.326929110011378, 22.63658433258437 ], [ 120.332724103526289, 22.635668029954513 ], [ 120.340351120344408, 22.634385230681342 ], [ 120.34701390634747, 22.633160333192375 ], [ 120.352268931891288, 22.632301911094302 ], [ 120.357313410776328, 22.631352954334545 ], [ 120.361120511510563, 22.630777994733076 ], [ 120.361756905956511, 22.630777962811006 ], [ 120.362798287664958, 22.630932186253386 ], [ 120.364186808206227, 22.631337090259674 ], [ 120.365575351197265, 22.632127683458204 ], [ 120.368333160352307, 22.633843862027696 ], [ 120.372469874071442, 22.636418129848362 ], [ 120.373530560650806, 22.636919472577784 ], [ 120.374109119007997, 22.637227994901117 ], [ 120.375459060054851, 22.637459340679932 ], [ 120.37651973202837, 22.637709985431531 ], [ 120.383876929849762, 22.639300584142749 ], [ 120.39114968108467, 22.640737417019675 ], [ 120.392172095806401, 22.640934717747317 ], [ 120.400083421285188, 22.641079214960083 ], [ 120.411196960608819, 22.641469871680048 ], [ 120.415471399249611, 22.641629040824341 ], [ 120.416543647550313, 22.641947754374844 ], [ 120.417615916108772, 22.642614214143126 ], [ 120.418253502005783, 22.64336763228312 ], [ 120.418572311839569, 22.644034129868498 ], [ 120.418949139139656, 22.645714884350355 ], [ 120.419876695881513, 22.649540046211978 ], [ 120.421452080892706, 22.656510758102922 ], [ 120.421833286492244, 22.658045240971532 ], [ 120.422340549761458, 22.660233118812922 ], [ 120.422572410255071, 22.660696768797195 ], [ 120.423354873507435, 22.661131412270176 ], [ 120.42480388497458, 22.662029683887216 ], [ 120.425644304897205, 22.662435345592915 ], [ 120.426223893593871, 22.662522253031227 ], [ 120.428571192057049, 22.662261325443222 ], [ 120.433526601569667, 22.661739457169983 ], [ 120.444726996458954, 22.660739124137002 ], [ 120.446683086874813, 22.660666578742585 ], [ 120.448074104405677, 22.660956297365939 ], [ 120.456710035101494, 22.663274171503435 ], [ 120.464873795107692, 22.665681040597271 ], [ 120.474060309542438, 22.668418546057186 ], [ 120.476212178881056, 22.669109528433289 ], [ 120.479392852903601, 22.669981085025373 ], [ 120.479989719744964, 22.670138121053011 ], [ 120.480633697761093, 22.670138088685238 ], [ 120.481827399354913, 22.669902429647024 ], [ 120.486012222170004, 22.669404433502127 ], [ 120.488007973102143, 22.669140348777287 ], [ 120.490214757892886, 22.668833959114703 ], [ 120.49118855811605, 22.668488364919099 ], [ 120.492005278616773, 22.667938592789863 ], [ 120.492963343641577, 22.667106094718491 ], [ 120.493202719805339, 22.666813494272045 ] ], [ [ 120.292552680626954, 22.638221459426433 ], [ 120.293621227595906, 22.638744756852244 ] ], [ [ 120.292552680626954, 22.638221459426433 ], [ 120.291395244643226, 22.637695430164474 ], [ 120.285292397452935, 22.634872400962948 ], [ 120.284459388241501, 22.63439019602437 ], [ 120.283026410083778, 22.632503092661068 ], [ 120.275671968967828, 22.620972544867978 ], [ 120.278725695340782, 22.626045789300296 ], [ 120.282905604675136, 22.632590953723287 ], [ 120.282927815509325, 22.63448421850044 ], [ 120.282736317857385, 22.635191440268077 ], [ 120.28199241202833, 22.637747754885993 ], [ 120.281638877387678, 22.639044328260088 ], [ 120.281211703144635, 22.6408418472856 ], [ 120.280990765451065, 22.64202054532058 ], [ 120.28084351112615, 22.643449710638752 ], [ 120.280961466980443, 22.64492306341327 ], [ 120.281035157211477, 22.645291399389201 ], [ 120.281234880850079, 22.645602038883919 ], [ 120.281317695636503, 22.646388331108742 ], [ 120.281712579808172, 22.65284689531903 ], [ 120.282129927270987, 22.657930332330469 ], [ 120.282355410287281, 22.65878695694358 ], [ 120.282671053398772, 22.659418146520917 ], [ 120.286086657036819, 22.664433803829951 ], [ 120.286965930187066, 22.66587651492646 ], [ 120.290516784547421, 22.670734364026728 ], [ 120.291193124552237, 22.671433164625952 ], [ 120.291251181446327, 22.671493640496429 ], [ 120.294929462239651, 22.675348894490988 ], [ 120.298220660040442, 22.678853783000626 ] ], [ [ 120.298220660040442, 22.678853783000626 ], [ 120.302273303670631, 22.683362395150105 ] ], [ [ 120.440135957949778, 23.478215250339041 ], [ 120.437791607308171, 23.475664597324737 ], [ 120.4347479248475, 23.472351132073406 ], [ 120.431004921247279, 23.468449674019194 ], [ 120.427214220707, 23.464246257513818 ], [ 120.423598350242884, 23.460185865986535 ], [ 120.419823545517573, 23.456030126593223 ], [ 120.416064641419695, 23.452001527750518 ], [ 120.412162690093851, 23.447782224142866 ], [ 120.408673972212355, 23.443880752614639 ], [ 120.405217052639429, 23.440185884212223 ], [ 120.401442248053257, 23.436030144580979 ], [ 120.398048897017645, 23.432287594763199 ], [ 120.39607008402028, 23.429768707820855 ], [ 120.394989265833203, 23.428052354579084 ], [ 120.392390528267953, 23.423832983153094 ], [ 120.389680526304929, 23.419375227288445 ], [ 120.38746323944352, 23.415521367649134 ], [ 120.387042035931344, 23.414814165279651 ], [ 120.386867175926753, 23.41417846720158 ], [ 120.386808808988732, 23.413712050621996 ], [ 120.386644486590313, 23.411063513774913 ], [ 120.386525132210565, 23.408465067049306 ], [ 120.38665217160333, 23.406764543892901 ], [ 120.38686651201624, 23.403260197241337 ], [ 120.387049148878205, 23.401106729890667 ], [ 120.387049108307664, 23.400439237409987 ], [ 120.386683520626832, 23.39958105171641 ], [ 120.385793464109824, 23.398643429782172 ], [ 120.383433278997373, 23.397046337801097 ], [ 120.381208196133827, 23.395663789969799 ], [ 120.380842637432082, 23.395282384612788 ], [ 120.380238675373988, 23.394726172133741 ], [ 120.379984367581216, 23.394360653695738 ], [ 120.376892954037643, 23.39017309295437 ], [ 120.373785637069076, 23.38581071353742 ], [ 120.370869049775976, 23.381702607070466 ], [ 120.367825312010908, 23.377467365719539 ], [ 120.364861045286986, 23.37334336897214 ], [ 120.36235767895576, 23.369346489788441 ], [ 120.36031034570405, 23.365909363195261 ], [ 120.354733968715664, 23.356800125815127 ], [ 120.3511840025607, 23.350828191008844 ], [ 120.347886863041538, 23.345446081930405 ], [ 120.345811654277782, 23.341854491895131 ], [ 120.345200685747997, 23.340906568170148 ], [ 120.344568646216544, 23.339874382840453 ], [ 120.342746266582836, 23.336914749907653 ], [ 120.3419246097219, 23.335482326577562 ], [ 120.341102961794903, 23.334197362954075 ], [ 120.338185073759405, 23.32988958348032 ], [ 120.33734235612495, 23.328541423913318 ], [ 120.33493008291444, 23.324781325799133 ], [ 120.333687074941878, 23.322801216689502 ], [ 120.331232655967753, 23.318809398311785 ], [ 120.330073918001702, 23.316934613200733 ], [ 120.328925716180706, 23.315112491723049 ], [ 120.328272613366778, 23.31412243878373 ], [ 120.32675572325779, 23.311721030307293 ], [ 120.324870133404715, 23.308550743772095 ], [ 120.323753540027013, 23.306886613187491 ], [ 120.323085062050623, 23.305871195311177 ], [ 120.321864095776647, 23.303916317394219 ], [ 120.321551275904667, 23.30339955789924 ], [ 120.321048036648307, 23.302447628748666 ], [ 120.320721595081977, 23.301563687274847 ], [ 120.320626365666016, 23.301019717843722 ], [ 120.32057192655104, 23.300339752724796 ], [ 120.320571894501171, 23.299809377744918 ], [ 120.320585461136474, 23.299265402705853 ], [ 120.320775817242179, 23.298653421761443 ], [ 120.321489664356818, 23.296552284084665 ], [ 120.322033541074205, 23.294838736892942 ], [ 120.322693009904057, 23.293063986638341 ], [ 120.322815371777253, 23.292506406640555 ], [ 120.322828894069474, 23.291228066261894 ], [ 120.32275388858379, 23.287780632802143 ], [ 120.322719690687663, 23.284482790192019 ], [ 120.322712691018978, 23.281171346833883 ], [ 120.32261048992126, 23.277778312242177 ], [ 120.322535488694669, 23.274398875618679 ], [ 120.322501287665048, 23.271046635621573 ], [ 120.322480687819692, 23.26772159365175 ], [ 120.322392121649003, 23.264913330793696 ], [ 120.322385146799533, 23.262009868238049 ], [ 120.32232374935748, 23.258698427756851 ], [ 120.322207920319542, 23.254829416417863 ], [ 120.321915322342974, 23.251368394920256 ], [ 120.321595504090553, 23.247553791531189 ], [ 120.321180496719336, 23.243861587267617 ], [ 120.321048586154234, 23.242399539721475 ], [ 120.320833479551723, 23.240046985297177 ], [ 120.320622535287725, 23.237524315309834 ], [ 120.320493269146539, 23.236347977526169 ], [ 120.320302739320013, 23.234076894610386 ], [ 120.320050984309276, 23.231350236369124 ], [ 120.319955728008296, 23.230357488168103 ], [ 120.319663108219117, 23.226529284080005 ], [ 120.31937053348436, 23.223449044658175 ], [ 120.31930249258653, 23.222728282212088 ], [ 120.319009897438434, 23.219308058865042 ], [ 120.318690098410343, 23.215806240780058 ], [ 120.31842469335804, 23.212236423123013 ], [ 120.318104887054773, 23.20861221084084 ], [ 120.317921134711924, 23.205967145299098 ], [ 120.318036663888137, 23.204858791755083 ], [ 120.31828128824796, 23.202084510333318 ], [ 120.318627854584975, 23.198405866443121 ], [ 120.318988014753458, 23.194632026375889 ], [ 120.319172171688862, 23.192711002667117 ], [ 120.319348168434331, 23.190749391474409 ], [ 120.319653958440668, 23.187437932373488 ], [ 120.319959741134596, 23.184004079077489 ], [ 120.320265514071323, 23.180407033517852 ], [ 120.320598492591429, 23.176918781434765 ], [ 120.320945081265478, 23.17360732030787 ], [ 120.320992647302745, 23.173070143281077 ], [ 120.320979011893598, 23.172471772288674 ], [ 120.320870179946041, 23.171873406178744 ], [ 120.320802152228097, 23.171370233472633 ], [ 120.320679731383777, 23.170948659695743 ], [ 120.320543704507301, 23.170418291763699 ], [ 120.319503175488293, 23.167637276695352 ], [ 120.318707459618594, 23.165223431699257 ], [ 120.317748520340146, 23.162320018232368 ], [ 120.316599172516021, 23.159158226748151 ], [ 120.316157113160386, 23.157900308925253 ], [ 120.314905815959094, 23.155520485660688 ], [ 120.313226079323243, 23.152222727777051 ], [ 120.311627952792577, 23.149142555404961 ], [ 120.30983941202264, 23.145708809506456 ], [ 120.308390900480617, 23.142968613361774 ], [ 120.308227681970848, 23.142560641025579 ], [ 120.307901250654623, 23.141839891848452 ], [ 120.307608735435082, 23.13973880624518 ], [ 120.307397842511719, 23.138059296515788 ], [ 120.307227786388609, 23.13701895445196 ], [ 120.307078126678149, 23.135931013596398 ], [ 120.306860464556138, 23.134761480084631 ], [ 120.306534551235373, 23.13313912371154 ], [ 120.306119065554071, 23.130987696627596 ], [ 120.305595312413473, 23.128111459555928 ], [ 120.305112357004859, 23.125221621042197 ], [ 120.304547819233449, 23.122576575121364 ], [ 120.304119292003492, 23.120189910012055 ], [ 120.303445912676182, 23.116783305709532 ], [ 120.302826951743057, 23.113716682532807 ], [ 120.302343981836771, 23.110582055620441 ], [ 120.301806644832084, 23.107964207029529 ], [ 120.301214865118467, 23.104598396633278 ], [ 120.300555090349846, 23.101273387786179 ], [ 120.300085731455397, 23.098329151178039 ], [ 120.299357934041097, 23.094582565774765 ], [ 120.298738950591613, 23.091135160646868 ], [ 120.298119959873105, 23.08756536131877 ], [ 120.297446567112715, 23.083927567994852 ], [ 120.296881958270291, 23.080085778777615 ], [ 120.296276572870212, 23.076611174260005 ], [ 120.295630409276669, 23.073476555726703 ], [ 120.295324385090169, 23.072884999375074 ], [ 120.295038769494724, 23.0724498345736 ], [ 120.294535557742591, 23.071946684105352 ], [ 120.29229152967558, 23.070110885657186 ], [ 120.289725003021019, 23.067998156932617 ], [ 120.287796673384122, 23.06643248938683 ], [ 120.285518644524586, 23.064562694241154 ], [ 120.281118990458452, 23.0609794885168 ], [ 120.276637736110033, 23.057341889477161 ], [ 120.272278875704544, 23.053677085422024 ], [ 120.268028821893765, 23.050189067392434 ], [ 120.263656362798315, 23.046537863278427 ], [ 120.259311108390762, 23.042981853216741 ], [ 120.254843463275719, 23.039507445482013 ], [ 120.253575459185853, 23.038456153219766 ], [ 120.250443807600206, 23.03589704065898 ], [ 120.248573786646617, 23.034408006453788 ], [ 120.247635382566344, 23.033768884534826 ], [ 120.246465781996477, 23.033048178260525 ], [ 120.24498338465115, 23.032191494362387 ], [ 120.241005386550555, 23.029805010038633 ], [ 120.235762592103754, 23.026711423584686 ], [ 120.23060139953121, 23.023699429052392 ], [ 120.225821004489788, 23.020877806057111 ], [ 120.225134203025675, 23.020435861945604 ], [ 120.223896549890512, 23.01879040279217 ], [ 120.222930903105635, 23.017416916918222 ], [ 120.220911201019575, 23.014472758984009 ], [ 120.21837467801447, 23.010862258854825 ], [ 120.215878956799557, 23.007306154051314 ], [ 120.214974515519216, 23.006061858923669 ], [ 120.214702483320977, 23.005354706200912 ], [ 120.214403195542474, 23.003695599861821 ], [ 120.213879428217666, 23.000560974699429 ], [ 120.213784195301457, 22.999949008475582 ], [ 120.212743875645515, 22.996882914415512 ], [ 120.21196141688749, 22.992469454836797 ], [ 120.211832184004294, 22.99183709130881 ], [ 120.211750550614596, 22.991225124394216 ], [ 120.21172332172101, 22.990721949567838 ], [ 120.211791284545569, 22.990137173755187 ], [ 120.211954409215707, 22.988967620747438 ], [ 120.213089749829763, 22.985288936910198 ], [ 120.214320278974753, 22.981474254693655 ], [ 120.215482821915359, 22.977849966964897 ], [ 120.216577377838831, 22.974402474362172 ], [ 120.217386383639578, 22.971621364782624 ], [ 120.217508742114092, 22.970995788155633 ], [ 120.21757670900783, 22.970479009147979 ], [ 120.217379298791528, 22.966813992582882 ], [ 120.217209084412318, 22.963094577220591 ], [ 120.217079725029507, 22.960327114747471 ], [ 120.217134096463298, 22.959878333220146 ], [ 120.217188458225209, 22.959266359416002 ], [ 120.217861415887384, 22.955587699301802 ], [ 120.218425587192968, 22.952072237015532 ], [ 120.218513957007076, 22.951616654088784 ], [ 120.218731513693044, 22.951018271357594 ], [ 120.219044268550732, 22.950447082503249 ], [ 120.219724187580624, 22.94949509302112 ], [ 120.220689686622478, 22.94837989675997 ], [ 120.223021836780589, 22.945585110598678 ], [ 120.225122795308408, 22.942790336214532 ], [ 120.226047495835189, 22.941675142058681 ], [ 120.228855580495861, 22.938064370459728 ], [ 120.230630130739272, 22.934929628843477 ], [ 120.231670117446342, 22.932966123486093 ], [ 120.233007377136516, 22.930581788376713 ], [ 120.233565593597959, 22.929718992632807 ], [ 120.233886973300642, 22.928923876945909 ], [ 120.234479023159253, 22.92804416248164 ], [ 120.235375583573557, 22.927181349571189 ], [ 120.236678151719985, 22.926233931017482 ], [ 120.240036065754808, 22.923704667935372 ], [ 120.242675030424877, 22.921708327114587 ], [ 120.243647725728053, 22.920972387927318 ], [ 120.244002967854115, 22.92065094675862 ], [ 120.247386202139182, 22.917182788579417 ], [ 120.24950916879051, 22.914788924349388 ], [ 120.250135001045791, 22.913029523862274 ], [ 120.251107524337854, 22.90938385951911 ], [ 120.252350666829756, 22.904790829097145 ], [ 120.252586199462655, 22.903832647768724 ], [ 120.252951097851508, 22.902600046267732 ], [ 120.253204781831457, 22.901348174904346 ], [ 120.253255456459101, 22.90004556281772 ], [ 120.253280563930275, 22.895503345256387 ], [ 120.253339498870176, 22.890842706957201 ], [ 120.253313852892802, 22.886266658000963 ], [ 120.253389715156089, 22.881775188955196 ], [ 120.253555302466367, 22.878593136757406 ], [ 120.254006907809483, 22.876945352383988 ], [ 120.255926731645744, 22.872233868916705 ], [ 120.257660480351291, 22.86775923301645 ], [ 120.259461941785503, 22.864028941997468 ], [ 120.260240069970578, 22.862963131234064 ], [ 120.263428685681916, 22.858285417736749 ], [ 120.266542685015409, 22.853768608467444 ], [ 120.268598045660028, 22.850852761797601 ], [ 120.270595726785018, 22.8465378405736 ], [ 120.271502246089781, 22.844724562910262 ], [ 120.27330687570165, 22.840854564884058 ], [ 120.273928025134509, 22.839880760841947 ], [ 120.276924646845202, 22.835104086708494 ], [ 120.279921273544559, 22.830411358571123 ], [ 120.283001840233624, 22.825601101993207 ], [ 120.285964887293844, 22.820891586534596 ], [ 120.289095825154419, 22.816131695125417 ], [ 120.292209972701613, 22.811355015467559 ], [ 120.295240173438216, 22.806578340135491 ], [ 120.295735399201448, 22.805545780441037 ], [ 120.296154914435704, 22.801818560916601 ], [ 120.296414865095088, 22.796974868897983 ], [ 120.296473566250611, 22.795925542087677 ], [ 120.296792521894886, 22.795203591176865 ], [ 120.296810216456421, 22.794025288678498 ], [ 120.297044183969916, 22.792164736623892 ], [ 120.297270734484187, 22.790359888183669 ], [ 120.298244411532025, 22.788546607442512 ], [ 120.298798399656803, 22.787505650235961 ], [ 120.301872601472624, 22.781513856037066 ], [ 120.303200001398963, 22.778883839481114 ], [ 120.304166147113335, 22.776233902628061 ], [ 120.305131094889262, 22.773374108944871 ], [ 120.306008326053657, 22.770874751909485 ], [ 120.307029294640358, 22.767998060179146 ], [ 120.308675656047996, 22.764519628571232 ], [ 120.310234589241219, 22.761264989490556 ], [ 120.310678207765434, 22.760470986967398 ], [ 120.313608838983185, 22.754540802663129 ], [ 120.315275946008583, 22.751006052622504 ], [ 120.316928259413586, 22.747930735838647 ], [ 120.319099244183647, 22.744025450422058 ], [ 120.321166485865987, 22.740134990685458 ], [ 120.323367103170071, 22.736081499857196 ], [ 120.3251675685934, 22.732087310844907 ], [ 120.32527867818925, 22.73132405455263 ], [ 120.325204525023253, 22.730464474979858 ], [ 120.324937707919489, 22.729664186717891 ], [ 120.324285498749319, 22.727885771342493 ], [ 120.323924847463957, 22.726934087543789 ], [ 120.322825434535133, 22.723817644561105 ], [ 120.321528426120807, 22.720253403224895 ], [ 120.321446891744273, 22.71989030748539 ], [ 120.321506144548167, 22.719386410841672 ], [ 120.322647140334013, 22.716170326229587 ], [ 120.323321373561058, 22.71441407469581 ], [ 120.323617659296488, 22.712265101548159 ], [ 120.324069498212268, 22.709041641467987 ], [ 120.32422499160208, 22.706944546828428 ], [ 120.324150870559151, 22.706633322126155 ], [ 120.324047098847174, 22.706159074499205 ], [ 120.32352830872945, 22.704958648078929 ], [ 120.322112807002725, 22.702609685651549 ], [ 120.32182378033653, 22.702172498346496 ], [ 120.320326830875416, 22.700942480320737 ], [ 120.317584884244738, 22.698526892782549 ], [ 120.312849469185011, 22.694370008276362 ], [ 120.310589214905846, 22.692361957503099 ], [ 120.309359027927314, 22.690998542399932 ], [ 120.308766165294927, 22.690316833728676 ], [ 120.305023739740165, 22.686352564401975 ], [ 120.301622202906799, 22.682655045127653 ], [ 120.298220660040442, 22.678853783000626 ] ], [ [ 120.301963629000056, 23.479672675000074 ], [ 120.300706847000015, 23.479366160000041 ] ], [ [ 120.300706847000015, 23.479366160000041 ], [ 120.30075105100002, 23.479376941000055 ], [ 120.301963629000056, 23.479672675000074 ] ], [ [ 120.300768395387635, 23.572074028265924 ], [ 120.299345147042843, 23.572508023125536 ], [ 120.298876525825307, 23.572803113616036 ], [ 120.298425712561823, 23.573359794681316 ], [ 120.29592845099161, 23.575981928915102 ], [ 120.29269782786011, 23.579294889229303 ], [ 120.292298648535862, 23.579815614875162 ], [ 120.291951549835005, 23.580492549258668 ], [ 120.29195157966052, 23.580978540439709 ], [ 120.292453948058522, 23.581336841410014 ], [ 120.292828216925216, 23.581648693361291 ], [ 120.294605990213824, 23.583067615832142 ], [ 120.295494883079698, 23.583878435289009 ], [ 120.297132317509337, 23.585375332929129 ], [ 120.300001725243035, 23.587979310003291 ], [ 120.302418880581584, 23.590029738798076 ], [ 120.307019292376069, 23.594247560333699 ], [ 120.309296101206712, 23.596251215680883 ], [ 120.310169407527681, 23.597178987707391 ], [ 120.310810198044891, 23.598425735740811 ], [ 120.312189038010089, 23.601108462694111 ], [ 120.312368405279656, 23.601747789821768 ], [ 120.312407410704125, 23.602090846389157 ], [ 120.312789785986155, 23.607439421935766 ], [ 120.312977234848248, 23.612710039815006 ], [ 120.313281602794618, 23.617427079771058 ], [ 120.313367524200217, 23.619961030913352 ], [ 120.313790896214371, 23.621948122297511 ], [ 120.314373540436222, 23.623539703413311 ], [ 120.316003422335541, 23.629005165680208 ], [ 120.316377747855597, 23.630237038408733 ], [ 120.317032822086787, 23.632466885155441 ], [ 120.319850024623662, 23.641952388430695 ], [ 120.320495320262154, 23.643647296243444 ], [ 120.328323852990096, 23.651381299325973 ], [ 120.329321913679934, 23.652379235824458 ], [ 120.330288775365077, 23.653190051073448 ], [ 120.33384436658605, 23.656745199812441 ], [ 120.335076340068994, 23.657852279071392 ], [ 120.33590286389051, 23.658756663081512 ], [ 120.339739148172612, 23.662405358511222 ], [ 120.342156325479763, 23.664806642301492 ], [ 120.342970552716395, 23.665872150003494 ], [ 120.343279322623772, 23.66602501017584 ], [ 120.343872121755922, 23.666278058633473 ], [ 120.345587896264959, 23.666042470889835 ], [ 120.348178392961771, 23.665907765089273 ], [ 120.349826883683747, 23.66570582343607 ], [ 120.35346032129425, 23.665739275911989 ], [ 120.360289865419219, 23.666243557112139 ], [ 120.363519604488246, 23.666546171235879 ], [ 120.365336336723814, 23.666781574151393 ], [ 120.367085797636108, 23.667252478552975 ], [ 120.369104397753333, 23.667656083734663 ], [ 120.37216595328313, 23.668463345138569 ], [ 120.373141595885002, 23.66842965151994 ], [ 120.375160144093769, 23.667992192532495 ], [ 120.376438554288171, 23.667655699975178 ], [ 120.382292469983213, 23.66842917267849 ], [ 120.385000757520103, 23.668564535569633 ], [ 120.387381213090308, 23.668934442335829 ], [ 120.389526488593219, 23.669302242672 ], [ 120.390127890360418, 23.669325311090677 ], [ 120.390501749784335, 23.669477881765747 ], [ 120.391630967413533, 23.670093905763153 ], [ 120.393482755064994, 23.671169726918098 ], [ 120.394411879692441, 23.671712647928757 ], [ 120.396097644574212, 23.672697701110049 ], [ 120.396454225368473, 23.672986325644224 ], [ 120.396708978172086, 23.674039011030576 ], [ 120.396844874555953, 23.675057744615184 ], [ 120.397439311759996, 23.677740397339139 ], [ 120.397507268341855, 23.678385596225077 ], [ 120.39762841499865, 23.679626667031787 ], [ 120.39759799412171, 23.681205977600314 ], [ 120.397567570898076, 23.682747140611959 ], [ 120.397628655679668, 23.683525347635772 ], [ 120.397711458863398, 23.685516770463764 ], [ 120.398170041674845, 23.687859850078567 ], [ 120.398475775094525, 23.689608672285601 ], [ 120.398515523680416, 23.68999267482058 ] ], [ [ 120.301963629000056, 23.479672675000074 ], [ 120.30205616100011, 23.479674767000063 ], [ 120.302148654, 23.479671357000029 ], [ 120.302240781000023, 23.479662459000053 ], [ 120.302332217000071, 23.479648102000056 ], [ 120.302422637000063, 23.479628337000065 ], [ 120.302511724000055, 23.479603234000024 ], [ 120.302822764000098, 23.479472251000061 ], [ 120.30341209300002, 23.479046581000034 ], [ 120.303657647000023, 23.47886648900004 ], [ 120.303919567000094, 23.478620914000032 ], [ 120.304345192000028, 23.478293476000033 ], [ 120.304705337000087, 23.478031524000073 ], [ 120.305032741000105, 23.47778594600004 ], [ 120.305229182000062, 23.477605857000071 ], [ 120.305409255000086, 23.477474882000024 ], [ 120.305605696000043, 23.477311163000024 ], [ 120.30572028600011, 23.477196562000074 ], [ 120.305769396000073, 23.477163818000065 ], [ 120.30609680200007, 23.476934609000068 ], [ 120.306663574000027, 23.476489935000075 ], [ 120.308822656000075, 23.47496392100004 ], [ 120.310348500000032, 23.473748842000077 ], [ 120.313545149000106, 23.471270992000029 ], [ 120.316619729000081, 23.468886610000027 ], [ 120.318870348000019, 23.467070669000066 ], [ 120.322501865000049, 23.464287616000036 ], [ 120.326499580000018, 23.461147865000044 ], [ 120.327949136000029, 23.460043418000055 ], [ 120.329185072000087, 23.459095387000048 ], [ 120.33032773900004, 23.458273666000025 ], [ 120.330796667000072, 23.457937683000068 ], [ 120.331244595000044, 23.457580703000076 ], [ 120.331626435000089, 23.457348103000072 ], [ 120.331986490000077, 23.457216709000022 ], [ 120.332518427000082, 23.457160688000045 ], [ 120.336479982000014, 23.457111489000056 ], [ 120.338887712000087, 23.457090366000045 ], [ 120.343640183000048, 23.45711811700005 ], [ 120.352964592000035, 23.45730607400003 ], [ 120.353064460000041, 23.457301757000039 ], [ 120.353163847000019, 23.457291053000063 ], [ 120.353262345000076, 23.457274005000045 ], [ 120.353359548000071, 23.457250683000041 ], [ 120.353455057000019, 23.457221184000048 ], [ 120.353548482000065, 23.457185627000058 ], [ 120.353639437000083, 23.457144160000041 ], [ 120.353727550000031, 23.457096952000029 ], [ 120.353812457000117, 23.457044197000073 ], [ 120.353893812000024, 23.456986112000038 ], [ 120.353971279, 23.456922936000069 ], [ 120.354044540000018, 23.456854928000041 ], [ 120.354113295000047, 23.456782366000027 ], [ 120.354177262, 23.456705551000027 ], [ 120.354236177000075, 23.456624796000028 ], [ 120.354289799000071, 23.456540432000054 ], [ 120.354337906000069, 23.456452808000051 ], [ 120.358008410000025, 23.448821857000041 ], [ 120.358335909000061, 23.448140967000029 ], [ 120.358382415000051, 23.448012928000026 ], [ 120.358434099000078, 23.447886890000063 ], [ 120.35849087500003, 23.447763064000071 ], [ 120.358552650000092, 23.447641652000073 ], [ 120.358619320000116, 23.44752285800007 ], [ 120.358690776000117, 23.447406880000074 ], [ 120.35876689600002, 23.447293910000042 ], [ 120.35890564400006, 23.447193776000063 ], [ 120.359048182000038, 23.447099116000061 ], [ 120.359194296000055, 23.447010075000037 ], [ 120.359496359000104, 23.446849378000024 ], [ 120.359651851000081, 23.446777964000034 ], [ 120.359810005000099, 23.446712657000035 ], [ 120.360133333000022, 23.446600741000054 ], [ 120.360298017000105, 23.446554302000038 ], [ 120.360464384000011, 23.446514308000076 ], [ 120.369349469000099, 23.443822068000031 ], [ 120.378440994000016, 23.441067219000047 ], [ 120.378515645000107, 23.441011823000053 ], [ 120.37858639600006, 23.44095152500006 ], [ 120.378652925000097, 23.440886598000077 ], [ 120.378714930000115, 23.440817338000045 ], [ 120.378772130000016, 23.440744059000053 ], [ 120.37882426300007, 23.440667094000048 ], [ 120.378871096000012, 23.440586793000023 ], [ 120.37891241300008, 23.44050351900006 ], [ 120.378948028000082, 23.440417653000054 ], [ 120.378977779000024, 23.440329582000061 ], [ 120.379001531000085, 23.440239708000036 ], [ 120.383194328000059, 23.426379775000044 ], [ 120.383690324000099, 23.424719750000065 ], [ 120.383671209000113, 23.424147338000068 ], [ 120.383575771000096, 23.423574930000029 ], [ 120.382850603000065, 23.421876808000036 ], [ 120.381285680000019, 23.416782411000042 ], [ 120.380967086000055, 23.415638054000055 ], [ 120.380967086000055, 23.415117361000057 ], [ 120.381304626000087, 23.414569078000056 ], [ 120.381780914000046, 23.414432970000064 ], [ 120.381838875000085, 23.414416407000033 ], [ 120.382315878000099, 23.414206498000055 ], [ 120.383029052000097, 23.413848754000071 ], [ 120.383794935000083, 23.413790430000063 ], [ 120.38443381400009, 23.413939261000053 ], [ 120.384706457000107, 23.414472612000054 ] ], [ [ 120.437564322000071, 23.476345365000043 ], [ 120.437777519000065, 23.47656760700005 ], [ 120.43799140200008, 23.476792155000055 ], [ 120.437835335000045, 23.476782263000075 ], [ 120.437305300000048, 23.476779987000043 ], [ 120.437089196000102, 23.476846202000047 ], [ 120.43326821200003, 23.478016958000069 ], [ 120.428033253000081, 23.47953354200007 ], [ 120.421669406000092, 23.481417480000061 ], [ 120.415720925000073, 23.483192746000043 ], [ 120.414155414000106, 23.483814650000056 ], [ 120.411339074000011, 23.484933443000045 ], [ 120.405642517000047, 23.487074368000037 ], [ 120.39951252100002, 23.489474431000076 ], [ 120.390683193000086, 23.490755611000054 ], [ 120.385002662000034, 23.491566892000037 ], [ 120.382985478000023, 23.491765005000047 ], [ 120.380931575000091, 23.492075708000073 ], [ 120.378524662000018, 23.492381874000046 ], [ 120.375597441000082, 23.492739839000023 ], [ 120.369982282000024, 23.493572873000062 ], [ 120.367248372000063, 23.493995824000024 ], [ 120.364972692000038, 23.494314047000046 ], [ 120.363529819000064, 23.494515813000078 ], [ 120.362051762000078, 23.494751347000033 ], [ 120.35925507200011, 23.495134197000027 ], [ 120.358078503000115, 23.495388180000077 ], [ 120.356847046000098, 23.495966116000034 ], [ 120.354123147000109, 23.497118473000057 ], [ 120.351533573000097, 23.498403858000074 ], [ 120.347525646, 23.50021554500006 ], [ 120.346211044000029, 23.500886913000045 ], [ 120.344870191000041, 23.50138430100003 ], [ 120.342838310000047, 23.501302446000068 ], [ 120.342711031000022, 23.501293781000072 ], [ 120.339831533000051, 23.501097746000028 ], [ 120.336718617000088, 23.500907829000028 ], [ 120.335041078000017, 23.500899397000069 ], [ 120.333407377000071, 23.500756249000062 ], [ 120.331940794000047, 23.500678108000045 ], [ 120.331479783000077, 23.500615268000047 ], [ 120.331078998000066, 23.500567600000068 ], [ 120.330138639000097, 23.500039086000072 ], [ 120.327042941000059, 23.497604599000056 ], [ 120.321124026, 23.493355887000064 ], [ 120.316960688000108, 23.490394074000051 ], [ 120.31381844100008, 23.488152613000068 ], [ 120.309924193000029, 23.48536507700004 ], [ 120.306248640000035, 23.482721956000034 ], [ 120.302990459000057, 23.480385077000051 ], [ 120.301963629000056, 23.479672675000074 ] ], [ [ 120.31882887800009, 23.192016856000066 ], [ 120.318858169, 23.190164483000046 ] ], [ [ 120.318829365000056, 23.191986033000035 ], [ 120.318858169, 23.190164483000046 ] ], [ [ 120.328105976781856, 23.770461362001885 ], [ 120.330937125253669, 23.770043872672655 ], [ 120.335996565390047, 23.76937668220161 ], [ 120.338710265151377, 23.769020079902411 ], [ 120.341734433071224, 23.768663461297407 ], [ 120.34460911700512, 23.768318349249142 ], [ 120.346425902949662, 23.767869804461782 ], [ 120.348909594841672, 23.767007271400054 ], [ 120.351432387418185, 23.766220627721165 ], [ 120.3528398180149, 23.765815799512961 ], [ 120.353308960215131, 23.765659392535294 ], [ 120.358165968633642, 23.764150507842658 ], [ 120.359168647559954, 23.763856088433482 ], [ 120.36121999612574, 23.763193655517057 ], [ 120.363501313681866, 23.762411624038897 ], [ 120.365874614377333, 23.761510001248666 ], [ 120.367953555519463, 23.760773975216928 ], [ 120.369802525374197, 23.760120751913654 ], [ 120.371743484644696, 23.759449125863373 ], [ 120.375744988041475, 23.758059872696741 ], [ 120.377391609419931, 23.757903403900592 ], [ 120.379654569838578, 23.757783698580582 ], [ 120.38199111642102, 23.757562800833306 ], [ 120.383886095181779, 23.757130350189424 ], [ 120.384474828499435, 23.757029130710773 ], [ 120.386857366342625, 23.756743837831159 ], [ 120.391429262382701, 23.756182461182121 ], [ 120.392671126948372, 23.756053610528205 ], [ 120.395228445093764, 23.755740711597213 ], [ 120.397270615528555, 23.75541864075965 ], [ 120.3993863783991, 23.75509656605983 ], [ 120.405126550371477, 23.754470735366688 ], [ 120.408116217777234, 23.754056625187097 ], [ 120.408539373191829, 23.754038205047564 ], [ 120.408944121942255, 23.753881801478361 ], [ 120.40927527311662, 23.753642611136339 ], [ 120.409523627089669, 23.753311435545015 ], [ 120.409762773455213, 23.752842276041775 ], [ 120.410068167423461, 23.752264426233047 ] ], [ [ 120.356777068000042, 22.631083386000057 ], [ 120.356592769000031, 22.631120255000042 ], [ 120.356521380000117, 22.631134537000037 ], [ 120.355314559000021, 22.631323163000047 ], [ 120.354887135000013, 22.631247758000029 ], [ 120.354711113, 22.630820352000057 ], [ 120.354283609000049, 22.629362135000065 ], [ 120.354037879000089, 22.628111545000024 ], [ 120.354006962000085, 22.62795419400004 ], [ 120.353604585000085, 22.626244555000028 ], [ 120.353177045000052, 22.624182927000049 ], [ 120.353029638000066, 22.623549254000068 ], [ 120.352548329000115, 22.621480189000067 ], [ 120.352070505000029, 22.619418564000057 ], [ 120.351743576000104, 22.61808605300007 ], [ 120.351567524000075, 22.617105521000042 ], [ 120.35083820300008, 22.613799378000067 ], [ 120.35031007300006, 22.611360626000078 ], [ 120.35008373800008, 22.610430381000072 ], [ 120.34910293400003, 22.606093427000076 ], [ 120.348775992000014, 22.604509493000023 ], [ 120.348599954000065, 22.603805525000041 ], [ 120.347920929000111, 22.600675374000048 ], [ 120.347493383000028, 22.598488037000038 ], [ 120.347267028000033, 22.597230946000025 ], [ 120.34721672, 22.59682867500004 ], [ 120.347090825, 22.593673354000032 ], [ 120.347040412000069, 22.591460856000026 ], [ 120.346964914000068, 22.590228900000056 ], [ 120.346688043000086, 22.584986796000067 ], [ 120.346612531, 22.583528561000037 ], [ 120.346562122000023, 22.581378918000041 ], [ 120.346422214000086, 22.578933195000047 ], [ 120.346241759, 22.575472348000062 ], [ 120.346097341000018, 22.571795196000039 ], [ 120.345962053000108, 22.568876659000068 ], [ 120.345916861000092, 22.56790174300005 ], [ 120.345872297000028, 22.567311743000062 ], [ 120.345772546000035, 22.565991070000052 ], [ 120.345664339000109, 22.565053760000069 ], [ 120.345639347000088, 22.565012112000034 ], [ 120.345339849000084, 22.564513018000071 ], [ 120.344942985000102, 22.564270777000047 ], [ 120.34490353700005, 22.564248097000075 ], [ 120.344204636000086, 22.563846283000032 ], [ 120.343060198000103, 22.563237230000027 ], [ 120.34276963700006, 22.563098887000024 ] ], [ [ 120.346037430000024, 23.554055371000061 ], [ 120.346123535291937, 23.554054218340145 ] ], [ [ 120.346061208974461, 23.554055052860818 ], [ 120.346060761070689, 23.554055058858044 ], [ 120.346037430000024, 23.554055371000061 ] ], [ [ 120.346123535291937, 23.554054218340145 ], [ 120.346061208974461, 23.554055052860818 ] ], [ [ 120.346741839810178, 23.554044957799913 ], [ 120.34674183900006, 23.554044958000077 ], [ 120.346123535000061, 23.554054219000022 ], [ 120.346061208974461, 23.554055052860818 ] ], [ [ 120.346123535291937, 23.554054218340145 ], [ 120.346741839810178, 23.554044957799913 ] ], [ [ 120.346741839810178, 23.554044957799913 ], [ 120.346749604752972, 23.554043204015645 ] ], [ [ 120.346747174896805, 23.554043752826548 ], [ 120.346741839810178, 23.554044957799913 ] ], [ [ 120.346749604752972, 23.554043204015645 ], [ 120.346747174896805, 23.554043752826548 ] ], [ [ 120.346749606166185, 23.554043203704286 ], [ 120.346747174896805, 23.554043752826548 ] ], [ [ 120.346749606166185, 23.554043203704286 ], [ 120.346749604752972, 23.554043204015645 ] ], [ [ 120.346749606166185, 23.554043203704286 ], [ 120.346753098931046, 23.554042414823151 ] ], [ [ 120.347027917000105, 23.553980344000024 ], [ 120.346749606166185, 23.554043203704286 ] ], [ [ 120.347027917000105, 23.553980344000024 ], [ 120.346753098931046, 23.554042414823151 ] ], [ [ 120.346753098931046, 23.554042414823151 ], [ 120.347027917307301, 23.55398034454673 ], [ 120.347378591014618, 23.553869586248556 ], [ 120.347753654368631, 23.553706086060217 ], [ 120.347906857655076, 23.553535039896829 ] ], [ [ 120.34775365400003, 23.553706086000034 ], [ 120.347378591000052, 23.553869586000076 ], [ 120.347027917000105, 23.553980344000024 ] ], [ [ 120.348035870234199, 23.553391001820358 ], [ 120.34775365400003, 23.553706086000034 ] ], [ [ 120.347906857655076, 23.553535039896829 ], [ 120.34775365400003, 23.553706086000034 ] ], [ [ 120.347906857655076, 23.553535039896829 ], [ 120.348035870234199, 23.553391001820358 ] ], [ [ 120.348144514000069, 23.553269705000048 ], [ 120.348035878663964, 23.553390992806076 ], [ 120.347906857655076, 23.553535039896829 ] ], [ [ 120.348144514000069, 23.553269705000048 ], [ 120.348035870234199, 23.553391001820358 ] ], [ [ 120.348144514000069, 23.553269705000048 ], [ 120.348144514277351, 23.553269704508878 ], [ 120.348476716976236, 23.552928238771099 ], [ 120.348688960213096, 23.552752889331188 ], [ 120.34897503035657, 23.552568307710352 ], [ 120.349298019891691, 23.552476007527687 ], [ 120.350170554797899, 23.552216747797971 ], [ 120.350656910254614, 23.551894911975076 ], [ 120.351156306451514, 23.551319779068862 ], [ 120.352767964914989, 23.548081327947706 ], [ 120.354522752639241, 23.544478889108678 ], [ 120.354997747245505, 23.543739921311058 ], [ 120.355855411244164, 23.542974542768764 ], [ 120.35722769691921, 23.542129964966772 ], [ 120.35991949171121, 23.540533180008087 ], [ 120.361951537996603, 23.539411464231609 ], [ 120.365201511014661, 23.537032787575978 ], [ 120.368344447310449, 23.534722933930173 ], [ 120.36910768649156, 23.534161980652918 ], [ 120.371834556101149, 23.532061105640249 ], [ 120.377244484171797, 23.528009832883409 ], [ 120.378695931002397, 23.52696731988619 ], [ 120.382720394010121, 23.524024533851932 ], [ 120.384448932062384, 23.522731293660694 ], [ 120.386837223436899, 23.52104215683633 ], [ 120.388829670077754, 23.519709316709374 ], [ 120.391683531407764, 23.517747258802984 ], [ 120.392399770161404, 23.516828427240227 ], [ 120.39264941443534, 23.516348234410785 ], [ 120.394248109271714, 23.513899946506719 ], [ 120.395980026909456, 23.511218489341509 ], [ 120.398472344710171, 23.507337000236141 ], [ 120.39950223952448, 23.505700416683663 ], [ 120.3997838116818, 23.505234941106146 ], [ 120.402597357465197, 23.502857736254438 ], [ 120.406405350060595, 23.499704297360406 ], [ 120.406575088394746, 23.498831083360098 ], [ 120.40679725033408, 23.498354128411361 ], [ 120.407122560380159, 23.498013811569624 ], [ 120.407459791654247, 23.497782353569406 ], [ 120.408074739496683, 23.497306215493708 ], [ 120.408504544710979, 23.497021852003893 ], [ 120.409450141881493, 23.496816812724333 ], [ 120.409873343329394, 23.496677926445958 ], [ 120.410144457343918, 23.496598561336317 ], [ 120.411387571060587, 23.49552725798139 ], [ 120.411863658798111, 23.495143703317677 ], [ 120.413318371014483, 23.493966587618022 ], [ 120.413549801015776, 23.493754972877195 ], [ 120.413999437728194, 23.493364807007385 ], [ 120.414330055940439, 23.49312673677343 ], [ 120.415381439420671, 23.492657188616139 ], [ 120.416221222783463, 23.492267002474165 ], [ 120.417332116923646, 23.491744550550361 ], [ 120.419481170839092, 23.490779001506084 ], [ 120.421127676294716, 23.490031693878478 ], [ 120.422430330552373, 23.489396818062303 ], [ 120.422999009187208, 23.489238086481169 ], [ 120.424731501765876, 23.488861079134086 ], [ 120.424956329610822, 23.488821391944001 ], [ 120.426622695632133, 23.488444388035603 ], [ 120.427363303289141, 23.488285647523089 ], [ 120.428474213560435, 23.488027699001581 ], [ 120.429598347522898, 23.487743299455921 ], [ 120.430457981750536, 23.48756471500705 ], [ 120.430821672113112, 23.487472119926522 ], [ 120.431145687758018, 23.487399364661108 ], [ 120.431908720713366, 23.487242118409704 ], [ 120.432461589511362, 23.487128180322983 ], [ 120.433023657901302, 23.48700912459757 ], [ 120.433526211993296, 23.486883459380273 ], [ 120.434372620903233, 23.486704875621172 ], [ 120.434941301945386, 23.486585819553035 ], [ 120.435450467478191, 23.486440316239747 ], [ 120.436376227837542, 23.486255115774576 ], [ 120.436839102362015, 23.486069939360725 ], [ 120.437189556100975, 23.485792192606681 ], [ 120.438313653288461, 23.484906047893212 ], [ 120.438664099757716, 23.484509274622724 ], [ 120.439841067087301, 23.483113958174034 ], [ 120.440872573783381, 23.482009603001075 ], [ 120.441771894819794, 23.482009556280921 ], [ 120.442737384396949, 23.48269721489088 ] ], [ [ 120.391488518295574, 23.599516124296692 ], [ 120.390321963000019, 23.599549602000025 ], [ 120.389444551000111, 23.599393242000076 ], [ 120.388956242000063, 23.599147217000052 ], [ 120.386087382000028, 23.596978677000038 ], [ 120.384775034000086, 23.596026964000032 ], [ 120.383104071000048, 23.594693794000023 ], [ 120.381990094000116, 23.593766867000056 ], [ 120.379655332000084, 23.592027460000054 ], [ 120.378533744000038, 23.591411435000055 ], [ 120.377641057, 23.591020469000057 ], [ 120.374337389000061, 23.590120360000071 ], [ 120.37230025700002, 23.589613104000023 ], [ 120.372269737000011, 23.589601660000028 ], [ 120.371720394000022, 23.589391877000025 ], [ 120.371361787000069, 23.589132493000022 ], [ 120.370942133000085, 23.588690003000067 ], [ 120.370484305000105, 23.587856503000069 ], [ 120.369339725000032, 23.585546728000054 ], [ 120.367673638000042, 23.58191344100004 ], [ 120.36704601200006, 23.580427713000063 ], [ 120.366261500000064, 23.578877393000027 ], [ 120.365015509000045, 23.576385807000065 ], [ 120.363935649000041, 23.574207976000025 ], [ 120.363575694000019, 23.573460500000067 ], [ 120.361960514000089, 23.570138383000028 ], [ 120.359948464000013, 23.566031878000047 ], [ 120.359427630000027, 23.565096339000036 ], [ 120.358757848000096, 23.563632573000064 ], [ 120.358240988000034, 23.562525199000049 ], [ 120.357253423000088, 23.560513473000071 ], [ 120.35626585600005, 23.558492520000073 ], [ 120.355389045000038, 23.556693040000027 ], [ 120.354807581000046, 23.555502615000023 ], [ 120.35428149300003, 23.554413699000065 ], [ 120.353727740000068, 23.553647776000048 ], [ 120.35327552800004, 23.553343264000034 ], [ 120.352611069000091, 23.553149504000032 ], [ 120.352186556000106, 23.553075699000033 ], [ 120.35132830900011, 23.553011145000028 ], [ 120.349371870000027, 23.552845137000077 ], [ 120.349011965000045, 23.55290052600003 ], [ 120.348799714000052, 23.552955907000069 ], [ 120.348559782000052, 23.55306666000007 ], [ 120.348144514000069, 23.553269705000048 ] ], [ [ 120.358104504000039, 22.630827872000054 ], [ 120.358784165000088, 22.630707009000048 ], [ 120.359789855000031, 22.630631533000042 ], [ 120.360569262000013, 22.630530925000073 ], [ 120.36078228000008, 22.630505853000045 ], [ 120.361424095000075, 22.630430314000023 ], [ 120.362580637000065, 22.630329688000074 ], [ 120.36351090900007, 22.630430209000053 ], [ 120.364592051000045, 22.630794714000046 ], [ 120.365120044000037, 22.630870114000061 ], [ 120.366226322000102, 22.631121480000047 ], [ 120.36682974100006, 22.631171733000031 ], [ 120.367558859000042, 22.630995702000064 ], [ 120.368086836000089, 22.630794539000078 ], [ 120.368715365000071, 22.630291666000062 ], [ 120.370098134000045, 22.629260773000055 ], [ 120.371053491000112, 22.628380754000034 ], [ 120.37208428200006, 22.627601298000059 ], [ 120.372737963000077, 22.627261848000046 ], [ 120.373567637000065, 22.626859533000072 ], [ 120.374397308000084, 22.626432077000061 ], [ 120.376106940000113, 22.62560230400004 ], [ 120.377816568000071, 22.62474738800006 ], [ 120.37889765400007, 22.624143925000055 ], [ 120.379953576000048, 22.623188474000074 ], [ 120.380776678000075, 22.622414684000034 ], [ 120.381210625000108, 22.62200673500007 ], [ 120.382291689000112, 22.621051283000043 ], [ 120.382895070000018, 22.620447844000068 ], [ 120.383099972000082, 22.620213979000027 ], [ 120.384022322000078, 22.619082890000072 ], [ 120.385274069000047, 22.617347829000039 ], [ 120.386064651000083, 22.616315575000044 ], [ 120.386899176000043, 22.615623729000049 ], [ 120.387689780000073, 22.614986791000035 ], [ 120.389490603000013, 22.613581133000025 ], [ 120.391774567000084, 22.611670324000045 ], [ 120.393050783000035, 22.610637993000068 ], [ 120.394014611000102, 22.609858346000067 ], [ 120.394673443000102, 22.609243378000031 ], [ 120.395310314000085, 22.608650371000067 ], [ 120.395837356000015, 22.607749903000069 ], [ 120.396386347000089, 22.60662981300004 ], [ 120.397154936000106, 22.605070472000023 ], [ 120.397747845000026, 22.603851551000048 ], [ 120.39803332300005, 22.603302487000065 ], [ 120.398318778000089, 22.602358106000054 ], [ 120.398428572000057, 22.602072595000038 ], [ 120.399131276000048, 22.600557181000056 ], [ 120.399790111000016, 22.599986136000041 ], [ 120.401151699000025, 22.598756195000078 ], [ 120.401898379000045, 22.598119260000033 ], [ 120.402513311, 22.597921571000029 ], [ 120.403369833000056, 22.597822699000062 ], [ 120.403874956000095, 22.597668939000073 ], [ 120.404973060000088, 22.597515151000039 ], [ 120.407213184000057, 22.597075799000038 ], [ 120.407694975000027, 22.596992556000032 ], [ 120.409629008000024, 22.596658399000034 ], [ 120.410462646000042, 22.596549558000049 ], [ 120.410737492000067, 22.596559202000037 ], [ 120.413911604000077, 22.595911477000072 ], [ 120.415646605, 22.595603922000066 ], [ 120.418004320000023, 22.594889974000068 ], [ 120.418359672000065, 22.594641204000027 ], [ 120.418786087000058, 22.594250285000044 ], [ 120.419176953000033, 22.593646152000076 ], [ 120.419532227000104, 22.592082546000029 ], [ 120.419638775000067, 22.59101645800007 ], [ 120.419994018000011, 22.588919811000039 ], [ 120.420278180000082, 22.58668102200005 ], [ 120.42138219800006, 22.580800927000041 ], [ 120.421946600000069, 22.577581249000048 ], [ 120.422022863000052, 22.577001403000054 ], [ 120.422060975000022, 22.576389133000077 ], [ 120.421923588000027, 22.575452619000032 ], [ 120.421648857000037, 22.574323466000067 ], [ 120.42145043000005, 22.573324012000057 ], [ 120.42127490200005, 22.57251720000005 ], [ 120.420893373000013, 22.571647456000051 ], [ 120.419970106000051, 22.570161656000039 ], [ 120.418726376000109, 22.568321101000038 ], [ 120.418176999000025, 22.567514309000046 ], [ 120.417726814000048, 22.566835305000041 ], [ 120.4173452980001, 22.566221150000047 ], [ 120.416963785, 22.565639419000036 ], [ 120.416483067000058, 22.56470482900005 ], [ 120.416139700000031, 22.564090672000077 ], [ 120.414766250000071, 22.561958294000078 ], [ 120.413110481000103, 22.559408216000065 ], [ 120.4122092, 22.558003505000045 ], [ 120.411526226000092, 22.556974633000038 ], [ 120.410689611000066, 22.555779624000024 ], [ 120.410450560000072, 22.555102441000031 ], [ 120.410769082000115, 22.552313973000025 ], [ 120.411167277000118, 22.549565337000047 ], [ 120.411286701000108, 22.548131270000056 ], [ 120.411286671000084, 22.547633333000078 ], [ 120.411047589000077, 22.546438293000051 ], [ 120.41048975700005, 22.544088055000032 ], [ 120.409653010000056, 22.540622450000058 ], [ 120.409135018000029, 22.53835188000005 ], [ 120.408776443000079, 22.537395857000035 ], [ 120.408258528000033, 22.536459759000024 ], [ 120.407262523000099, 22.534428223000077 ], [ 120.405230690000053, 22.530564328000025 ], [ 120.403557407000108, 22.527218269000059 ], [ 120.403119165000021, 22.526341921000039 ], [ 120.40180443700001, 22.523613288000035 ], [ 120.401206842000079, 22.522537772000078 ], [ 120.400330364000069, 22.52086474500004 ], [ 120.400091303000067, 22.520028222000064 ], [ 120.40005133000011, 22.517638122000051 ], [ 120.400130865000051, 22.515287852000029 ], [ 120.400130808000085, 22.514311894000059 ], [ 120.399453529000084, 22.512997372000029 ], [ 120.398377854000046, 22.51096583900005 ], [ 120.397142817000031, 22.508615635000069 ], [ 120.396226489000014, 22.506663764000052 ], [ 120.396027256000025, 22.505707734000055 ], [ 120.396266246000096, 22.505309372000056 ], [ 120.396299777000081, 22.505158442000038 ] ], [ [ 120.368640607000088, 23.897577777000038 ], [ 120.368964806, 23.89682119500003 ], [ 120.369137715000079, 23.896475327000076 ], [ 120.370150472000091, 23.893080104000035 ], [ 120.370146611000109, 23.893074137000042 ], [ 120.371731049000118, 23.886358829000073 ], [ 120.373308681000026, 23.88053319100004 ], [ 120.374751142000036, 23.875429200000042 ], [ 120.375069072000088, 23.875016602000073 ], [ 120.377782728000057, 23.871821644000079 ], [ 120.378431194000086, 23.871410903000026 ], [ 120.390913835000106, 23.866324601000031 ], [ 120.391406715000016, 23.866125219000025 ], [ 120.39323803800005, 23.865379215000075 ], [ 120.400717194000094, 23.863606296000057 ], [ 120.406013102000088, 23.861941572000035 ], [ 120.407158765000077, 23.861855047000063 ], [ 120.410574154000074, 23.86187648300006 ], [ 120.421771336, 23.860233065000045 ], [ 120.429963789000112, 23.857768392000025 ], [ 120.434805790000041, 23.856687328000078 ], [ 120.436315020000052, 23.855916212000068 ], [ 120.436321135000071, 23.855913088000023 ], [ 120.436635700000011, 23.855998523000039 ], [ 120.437494139000023, 23.856377774000066 ], [ 120.437554014000057, 23.856138216000033 ], [ 120.437653803000103, 23.855718989000025 ], [ 120.438033075000021, 23.855279784000061 ], [ 120.438292625000031, 23.854927169000064 ], [ 120.439971942000057, 23.854093118000037 ], [ 120.441160829000069, 23.853876893000063 ], [ 120.450671720000059, 23.848839829000042 ], [ 120.452379410000049, 23.848774890000072 ], [ 120.454713999000091, 23.849099009000042 ], [ 120.458669772, 23.848731326000063 ], [ 120.468807736000031, 23.84685018600004 ], [ 120.477933301, 23.847416251000027 ], [ 120.477953755000044, 23.847417520000079 ], [ 120.478556758000082, 23.847454925000022 ], [ 120.482944872000076, 23.847303380000028 ], [ 120.484177006000095, 23.847303315000033 ], [ 120.48951524000006, 23.848053709000055 ], [ 120.489540165000108, 23.848057213000061 ], [ 120.49055708800006, 23.848616494000055 ], [ 120.491049301000089, 23.848990528000058 ], [ 120.491423390000023, 23.849384256000064 ], [ 120.492726388000051, 23.851051901000062 ], [ 120.495853451000016, 23.855053991000034 ], [ 120.499614080000015, 23.859827985000038 ], [ 120.503453467000099, 23.864739787000076 ], [ 120.504890770000088, 23.866482045000055 ], [ 120.506193857000085, 23.867350656000042 ], [ 120.506367401000034, 23.867466337000053 ], [ 120.508434671000032, 23.868627784000068 ], [ 120.514518353000085, 23.872082600000056 ], [ 120.516231240000025, 23.873155472000064 ], [ 120.516940035000061, 23.873824807000062 ], [ 120.51760945500007, 23.874494143000049 ], [ 120.51790480000011, 23.874986312000033 ], [ 120.518022965000114, 23.875616302000026 ], [ 120.517983707000099, 23.877486607000037 ], [ 120.517491667000058, 23.879898338000032 ], [ 120.517157068000074, 23.881335535000062 ], [ 120.517019303000097, 23.882103351000069 ], [ 120.517019357000095, 23.882969596000066 ], [ 120.517196628000079, 23.884298485000045 ], [ 120.517944854, 23.885853750000024 ], [ 120.519264077000116, 23.888314604000072 ], [ 120.520562340000083, 23.890612947000022 ], [ 120.52113161200009, 23.891011160000062 ], [ 120.521903992000034, 23.891488154000058 ], [ 120.522812653000074, 23.891692550000073 ], [ 120.523698582000065, 23.891669787000069 ], [ 120.524834375000069, 23.891397136000023 ], [ 120.533102897000049, 23.888648068000066 ], [ 120.539690457, 23.886478346000047 ], [ 120.540780817000041, 23.886217055000031 ], [ 120.545642097000041, 23.886466674000076 ], [ 120.551116713000056, 23.886704902000076 ], [ 120.552684126000031, 23.886641215000054 ], [ 120.555373639000095, 23.885296288000063 ], [ 120.557935938000014, 23.883887764000065 ], [ 120.562370003000069, 23.881734057000074 ], [ 120.567258369000115, 23.87921687100004 ], [ 120.569475392000072, 23.877971919000061 ], [ 120.570638368000118, 23.876499864000039 ], [ 120.573418521, 23.871547639000028 ], [ 120.575399186000027, 23.868558115000042 ], [ 120.575780787000099, 23.868067431000043 ], [ 120.576998321000019, 23.867213246000063 ], [ 120.582286473000067, 23.864387102000023 ], [ 120.583267779000039, 23.863832781000042 ], [ 120.587938001000111, 23.860216155000046 ], [ 120.59013681600004, 23.85842602200006 ] ], [ [ 120.390889500000071, 23.599533315000031 ], [ 120.391488518295574, 23.599516124296692 ] ], [ [ 120.391786842582022, 23.599507562948322 ], [ 120.391488518295574, 23.599516124296692 ] ], [ [ 120.3941291000001, 23.59906111500004 ], [ 120.391786843000091, 23.599507563000031 ], [ 120.391786842582022, 23.599507562948322 ] ], [ [ 120.391786842582022, 23.599507562948322 ], [ 120.3941291000001, 23.59906111500004 ] ], [ [ 120.455166332470284, 23.600652465321687 ], [ 120.455097698000031, 23.600590494000073 ], [ 120.453685293000035, 23.599315208000064 ], [ 120.452981881000028, 23.599008640000022 ], [ 120.452269465000086, 23.598936535000064 ], [ 120.451737427000012, 23.599207096000043 ], [ 120.45141972600004, 23.59945676600006 ], [ 120.447399201000053, 23.603843945000051 ], [ 120.442754948000015, 23.608801024000059 ], [ 120.442355049000071, 23.609133538000037 ], [ 120.441939838000053, 23.609445667000045 ], [ 120.441596992000086, 23.60960532100006 ], [ 120.440981642000111, 23.609748216000071 ], [ 120.439757103000034, 23.609959888000049 ], [ 120.435917027000073, 23.609705915000063 ], [ 120.433307694000064, 23.609488611000074 ], [ 120.430698362000044, 23.60929610200003 ], [ 120.424327618, 23.608737573000042 ], [ 120.423921172293262, 23.608691366265617 ], [ 120.422633837000035, 23.608545016000051 ], [ 120.422092120000116, 23.608293271000036 ], [ 120.421657206000077, 23.607824079000068 ], [ 120.421489331000089, 23.607448334000026 ], [ 120.421390127000109, 23.607137436000073 ], [ 120.421443206000049, 23.601800590000039 ], [ 120.421519444000069, 23.600864064000064 ], [ 120.421351544000117, 23.600049623000075 ], [ 120.421015805000025, 23.599458353000045 ], [ 120.420641921000083, 23.598893788000055 ], [ 120.418856531000074, 23.597821936000059 ], [ 120.41598508200002, 23.595902109000065 ], [ 120.415967767000097, 23.595894689000033 ], [ 120.415382523000062, 23.595643910000035 ], [ 120.414873225000065, 23.595565033000071 ], [ 120.414031610000052, 23.595612111000037 ], [ 120.411426778000077, 23.595878648000053 ], [ 120.405207144000087, 23.59705206700005 ], [ 120.3941291000001, 23.59906111500004 ] ], [ [ 120.398515523680416, 23.68999267482058 ], [ 120.398577711055808, 23.690593449634214 ], [ 120.398730569906888, 23.691340518149921 ], [ 120.39891740287112, 23.692342270064408 ], [ 120.399010999815602, 23.693017307177467 ], [ 120.39921486872862, 23.694280786605152 ], [ 120.399581762781096, 23.695421984256747 ], [ 120.399880699690243, 23.696128436183525 ], [ 120.400220414079925, 23.69714736202198 ], [ 120.400994930159101, 23.698940662242972 ], [ 120.401538454727913, 23.700272053449702 ], [ 120.401864540253271, 23.700598098327255 ], [ 120.402149870965417, 23.70097848900058 ], [ 120.40314170184503, 23.701766420106953 ], [ 120.405234047863019, 23.703274347040455 ], [ 120.408956796316019, 23.706004920868637 ], [ 120.414880586790218, 23.710365689078195 ], [ 120.418399535977173, 23.712960414347684 ], [ 120.419084907775328, 23.713302208536735 ], [ 120.419580840782487, 23.713456680151843 ], [ 120.419954690886968, 23.713458567929631 ], [ 120.420824453470829, 23.7132830435568 ], [ 120.422251143086342, 23.71257151677958 ], [ 120.424280545418497, 23.711455594284221 ], [ 120.425485980057942, 23.710795578321463 ], [ 120.427866338984103, 23.709605249705188 ], [ 120.428919185326706, 23.709002463089003 ], [ 120.430219084925199, 23.708223596398074 ], [ 120.431680644711221, 23.707672780033114 ], [ 120.434229250339769, 23.706890717394586 ], [ 120.434969303121946, 23.706606479296831 ], [ 120.435118792149424, 23.706419988368868 ], [ 120.435320238730156, 23.706192559899023 ], [ 120.435546479702992, 23.705808065952468 ], [ 120.435779759031533, 23.705422272738005 ], [ 120.436235488587329, 23.704668595287696 ], [ 120.43648855900004, 23.704147819000074 ], [ 120.436594240618334, 23.703930342948084 ], [ 120.436727920401282, 23.703658854044324 ] ], [ [ 120.410068167423461, 23.752264426233047 ], [ 120.409778157882812, 23.756392616572466 ], [ 120.408640889259658, 23.769106266865293 ], [ 120.408933564770706, 23.769626500721493 ], [ 120.414559391092297, 23.778860628964235 ], [ 120.415437347029041, 23.779283285317561 ], [ 120.417818078279012, 23.780623393924341 ], [ 120.42473722354238, 23.784517804287812 ], [ 120.443044326991867, 23.79488931033428 ], [ 120.443889769002723, 23.795344483922534 ], [ 120.446361004614985, 23.795767056411862 ], [ 120.453091974205975, 23.798595557372256 ], [ 120.45566079387747, 23.799603405050775 ] ], [ [ 120.410068167423461, 23.752264426233047 ], [ 120.410103098599379, 23.752198330992126 ], [ 120.410213414861744, 23.751030057317806 ], [ 120.410286972530827, 23.750468916914588 ], [ 120.410424892806844, 23.749411029310146 ], [ 120.410549766396201, 23.747481467078899 ], [ 120.410571936903906, 23.747138878554036 ], [ 120.410810976132268, 23.744940314652887 ], [ 120.411013219154924, 23.742741752690481 ], [ 120.411068365622995, 23.741969037190255 ], [ 120.411149101205183, 23.741196113894052 ], [ 120.411285866088306, 23.739987368192523 ], [ 120.411403156062988, 23.738435482954728 ], [ 120.411498523800162, 23.737618490311309 ], [ 120.411654328930339, 23.737021093553153 ], [ 120.411816646784033, 23.736735377452966 ], [ 120.412108824630863, 23.736313294101802 ], [ 120.412349064351233, 23.736040560621767 ], [ 120.412667225937881, 23.735780809761525 ], [ 120.441517549817732, 23.716972344315483 ], [ 120.442721935937968, 23.716129183161907 ], [ 120.443715545359296, 23.715286033065304 ], [ 120.443896188749122, 23.71492469588166 ], [ 120.444046719320056, 23.714533249634762 ], [ 120.444079898310221, 23.711916017043901 ], [ 120.445043966064603, 23.709747413958858 ], [ 120.446483443666025, 23.707305462317901 ], [ 120.446626731447893, 23.706325038820228 ], [ 120.446658354011788, 23.706108666538913 ], [ 120.446625225170067, 23.705952399726279 ], [ 120.446480336030504, 23.705824030190026 ], [ 120.446254970377296, 23.705624359707478 ], [ 120.445814352801506, 23.705233979350755 ], [ 120.444905317617739, 23.705036254241691 ], [ 120.442998428490085, 23.704871542573365 ] ], [ [ 120.421035465000045, 22.656893815000046 ], [ 120.421087516000057, 22.657109395000077 ], [ 120.421224739000081, 22.657978138000033 ], [ 120.421407693000106, 22.658968807000065 ], [ 120.421407713, 22.659319355000036 ], [ 120.421240077000107, 22.659654670000066 ], [ 120.421041953000099, 22.659883298000068 ], [ 120.420828595000103, 22.660249098000065 ], [ 120.420356154000046, 22.660980700000039 ], [ 120.419670349000057, 22.661963793000041 ], [ 120.419335060000094, 22.66231435800006 ], [ 120.418877845000111, 22.662786858000061 ], [ 120.418237736000037, 22.663289850000069 ], [ 120.417750052000088, 22.663990971000032 ], [ 120.417536706000078, 22.664554906000035 ], [ 120.417277689000116, 22.666025696000077 ], [ 120.417216736000114, 22.666254318000028 ], [ 120.417155810000054, 22.666924934000065 ], [ 120.41707964200009, 22.667610793000051 ], [ 120.417110278000109, 22.670224659000041 ], [ 120.417064617000051, 22.671306788000038 ], [ 120.417003684000065, 22.671870716000058 ], [ 120.416759852000041, 22.67237368800005 ], [ 120.416485531000035, 22.672785215000033 ], [ 120.416074048000041, 22.673394884000061 ], [ 120.415997858000082, 22.67366923000003 ], [ 120.415921686000047, 22.674271262000047 ], [ 120.415921739000055, 22.675185735000071 ], [ 120.415998037, 22.676725093000073 ], [ 120.416104790000077, 22.677822455000069 ], [ 120.416181014000017, 22.678104414000074 ], [ 120.416318200000092, 22.678348267000047 ], [ 120.41657732200008, 22.678653078000025 ], [ 120.416897412000026, 22.679018851000023 ], [ 120.41727848000005, 22.679582756000059 ], [ 120.417552884000088, 22.680603905000055 ], [ 120.417705349000016, 22.68148788700006 ], [ 120.417659665000087, 22.682166123000059 ], [ 120.417613963, 22.682547156000055 ], [ 120.417476821000037, 22.683065364000072 ], [ 120.417172016000109, 22.683461651000073 ], [ 120.416882447000035, 22.683751249000068 ], [ 120.416562390000081, 22.683949401000064 ], [ 120.416196607000074, 22.684132314000067 ], [ 120.415724140000066, 22.684421920000034 ], [ 120.415129747000037, 22.684772498000029 ], [ 120.414703006000082, 22.685077344000035 ], [ 120.414398195000103, 22.685351702000048 ], [ 120.414337258000046, 22.685854665000022 ], [ 120.414443964000043, 22.68612900100004 ], [ 120.414718323000102, 22.68637284600004 ], [ 120.415297500000065, 22.686449023000023 ], [ 120.415907146000109, 22.68628134000005 ], [ 120.416501554000092, 22.686182242000029 ], [ 120.416806387000065, 22.686273673000073 ], [ 120.417035019000082, 22.686471798000071 ], [ 120.417766617000098, 22.68665465600003 ], [ 120.418361047000076, 22.686928968000075 ], [ 120.418787819000045, 22.687157564000074 ], [ 120.419702331000053, 22.687645237000027 ], [ 120.420601582000018, 22.687797605000071 ], [ 120.421043581000049, 22.68777472000005 ], [ 120.421455101000106, 22.687820423000062 ], [ 120.422979233000092, 22.687698417000036 ], [ 120.425951299000076, 22.687629682000022 ], [ 120.426301850000073, 22.68761442300007 ], [ 120.4277040610001, 22.687675317000071 ], [ 120.4289081390001, 22.687812428000029 ], [ 120.429670222000027, 22.688041008000027 ], [ 120.430264650000026, 22.688284837000026 ], [ 120.430599978000032, 22.688589645000036 ], [ 120.430813390000026, 22.689145938000024 ], [ 120.431057283000086, 22.689664127000071 ], [ 120.432627353000044, 22.693207630000074 ], [ 120.432871244000012, 22.693695337000065 ], [ 120.434471802000076, 22.697345528000028 ], [ 120.434700454000108, 22.697878958000047 ], [ 120.436301010000079, 22.701483425000049 ], [ 120.436575388000051, 22.702047336000078 ], [ 120.437337558000081, 22.703769555000065 ], [ 120.438191183000072, 22.705606079000063 ], [ 120.438541789000055, 22.706520533000059 ], [ 120.439608815000042, 22.708730455000023 ], [ 120.440675849000058, 22.711062308000066 ], [ 120.44146850300001, 22.712815007000074 ], [ 120.442352617000097, 22.714758218000043 ], [ 120.442581268000026, 22.715276408000022 ], [ 120.443221489000052, 22.716693809000049 ], [ 120.443815990000076, 22.718172176000053 ], [ 120.444014174000017, 22.718957089000071 ], [ 120.444059921000076, 22.719353358000035 ], [ 120.444197166000095, 22.720587890000047 ], [ 120.444456420000051, 22.723156021000023 ], [ 120.444563151000011, 22.723857111000029 ], [ 120.444776607000108, 22.725167845000044 ], [ 120.444929092000052, 22.726387134000049 ], [ 120.445070404000035, 22.727389922000043 ], [ 120.445394241000031, 22.729569523000066 ], [ 120.445890781000116, 22.732741813000075 ], [ 120.446365741000022, 22.735935685000072 ], [ 120.446624819000021, 22.737813164000045 ], [ 120.44671117300004, 22.738352668000061 ], [ 120.447078202000057, 22.741060986000036 ], [ 120.447423614000058, 22.743154265000044 ], [ 120.447531580000032, 22.744211698000072 ], [ 120.447984922000046, 22.746768950000046 ], [ 120.44823134, 22.748092812000039 ], [ 120.44841864600005, 22.748823120000054 ], [ 120.448549762000084, 22.749384894000059 ], [ 120.448587285000031, 22.750583361000054 ], [ 120.448568629000079, 22.751781830000027 ], [ 120.448456380000039, 22.753645079000023 ], [ 120.448231738000118, 22.754881010000076 ], [ 120.448156920000088, 22.756360373000064 ], [ 120.448100773000078, 22.756922158000066 ], [ 120.447876199, 22.759328468000035 ], [ 120.447876262000023, 22.760395854000024 ], [ 120.447988717000044, 22.76204374200006 ], [ 120.448101178000115, 22.763813349000031 ], [ 120.448344722000115, 22.765554861000055 ], [ 120.448550797000053, 22.76703420900003 ], [ 120.448794283000097, 22.767773877000025 ], [ 120.449262524, 22.769215760000066 ], [ 120.449805696000112, 22.771088338000027 ], [ 120.450067924000109, 22.772118259000024 ], [ 120.450405049000096, 22.773007730000074 ], [ 120.450835831000063, 22.774318533000041 ], [ 120.451210414000116, 22.775310995000041 ], [ 120.451322826000023, 22.77624729300004 ], [ 120.45147268300002, 22.777033780000068 ], [ 120.451734868000017, 22.777333383000041 ], [ 120.45255892900002, 22.779102955000042 ], [ 120.453008416000102, 22.780076688000065 ], [ 120.453382990000023, 22.780900615000064 ], [ 120.453926103000072, 22.781761987000039 ], [ 120.454281939000111, 22.782398655000065 ], [ 120.454619051, 22.783063414000026 ], [ 120.454656567000029, 22.784130798000035 ], [ 120.454918790000079, 22.785067088000062 ], [ 120.455162295000036, 22.786153187000025 ], [ 120.455293445000052, 22.787276744000053 ], [ 120.455293467000047, 22.787660628000026 ], [ 120.455574420000062, 22.788671821000037 ], [ 120.456117561000042, 22.790001344000075 ], [ 120.45686670300006, 22.791555570000071 ], [ 120.457203820000018, 22.792304595000076 ], [ 120.457653310000069, 22.793306417000053 ], [ 120.458009171000072, 22.794373785000062 ], [ 120.458458700000051, 22.796040382000058 ], [ 120.458795837000025, 22.797145202000024 ], [ 120.458908209000015, 22.797369909000054 ], [ 120.459282805000043, 22.798577722000061 ], [ 120.459694862000106, 22.799925977000044 ], [ 120.459882158000028, 22.800487750000059 ], [ 120.460444043000052, 22.802135615000054 ], [ 120.46093101800011, 22.803689854000027 ], [ 120.461193242000036, 22.804644870000061 ], [ 120.461624014000108, 22.805796501000032 ], [ 120.461792606000017, 22.806732795000073 ], [ 120.461905050000041, 22.808212149000042 ], [ 120.462054945000091, 22.809654049000073 ], [ 120.462111240000013, 22.811629645000039 ], [ 120.462223675000018, 22.812940465000054 ], [ 120.462298661000091, 22.814307463000034 ], [ 120.462354865000066, 22.814738159000058 ], [ 120.462411139000096, 22.816357962000041 ], [ 120.462336273, 22.817032104000077 ], [ 120.462036731000012, 22.818361669000069 ], [ 120.461886984000103, 22.819447788000048 ], [ 120.461381544, 22.822303539000075 ], [ 120.461082027000089, 22.824063804000048 ], [ 120.46095097500006, 22.824606867000057 ], [ 120.460819978000018, 22.826095596000073 ], [ 120.460801285000116, 22.82665737800005 ], [ 120.461026068000024, 22.827799656000025 ], [ 120.461194669000065, 22.828904486000056 ], [ 120.461307070000089, 22.82963479700004 ], [ 120.461513150000087, 22.831179687000031 ], [ 120.461715082000069, 22.831594701000029 ], [ 120.461792262000017, 22.832096172000035 ], [ 120.461734439000111, 22.832771237000031 ], [ 120.461638039000036, 22.83342701600003 ], [ 120.461753821000116, 22.834372097000028 ], [ 120.461927485000047, 22.835645061000037 ], [ 120.462043277000021, 22.83676372900004 ], [ 120.462351935000015, 22.83770880000003 ], [ 120.463007796000056, 22.839058890000047 ], [ 120.463412884000036, 22.839849656000069 ], [ 120.464068751000013, 22.841286539000066 ], [ 120.464454560000036, 22.842231606000041 ], [ 120.464686049000079, 22.84284879300003 ], [ 120.465264757000114, 22.844160313000032 ], [ 120.465631274000089, 22.845028230000025 ], [ 120.466557226000077, 22.847448762000056 ], [ 120.467270961000054, 22.848972436000054 ], [ 120.467772513000114, 22.850187522000056 ], [ 120.468987798000057, 22.852935925000054 ], [ 120.469392889000119, 22.853765266000039 ], [ 120.470029482000086, 22.85544324500006 ], [ 120.470048798000107, 22.855915787000072 ], [ 120.469875259000105, 22.856783732000054 ], [ 120.469238878000056, 22.858693224000035 ], [ 120.468795344000114, 22.860101232000034 ], [ 120.468293903000017, 22.860757032000038 ], [ 120.467946751000113, 22.861191017000067 ], [ 120.467888911000045, 22.861596057000042 ], [ 120.46810111100001, 22.862193958000034 ], [ 120.468699061000052, 22.862733978000051 ], [ 120.469277741000042, 22.863563309000028 ], [ 120.469875700000102, 22.864257629000065 ], [ 120.470550796000111, 22.864701206000063 ], [ 120.470859423000093, 22.865106228000059 ], [ 120.4713417050001, 22.866639557000042 ], [ 120.471708233000072, 22.867681063000077 ], [ 120.472229068000047, 22.868818997000062 ], [ 120.472962086000052, 22.870284808000065 ], [ 120.47367581900005, 22.871779551000031 ], [ 120.473926599000038, 22.872454600000026 ], [ 120.474428117000116, 22.873091061000025 ], [ 120.474678902000051, 22.873862548000034 ], [ 120.474891121000041, 22.874788336000051 ], [ 120.475180482000042, 22.875559820000035 ], [ 120.475682040000038, 22.87688098700005 ], [ 120.476125712000112, 22.877806763000024 ], [ 120.476704412000117, 22.878983270000049 ], [ 120.47728311700007, 22.880236926000066 ], [ 120.477591756000038, 22.88085411000003 ], [ 120.478228330000093, 22.882213845000024 ], [ 120.478749152000091, 22.883120329000064 ], [ 120.47915423500001, 22.883833946000038 ], [ 120.479655742000091, 22.884296820000031 ], [ 120.480523701000038, 22.884508938000067 ], [ 120.481218063000028, 22.884586053000078 ], [ 120.481738821000022, 22.884412439000073 ], [ 120.4819509780001, 22.884296704000064 ], [ 120.482317441000077, 22.884238822000043 ], [ 120.482799632000024, 22.884219510000037 ], [ 120.482937471000014, 22.884285887000033 ], [ 120.483876215, 22.884190605000072 ], [ 120.484852469000089, 22.884042638000039 ], [ 120.486597902000085, 22.883894633000068 ], [ 120.487574151000103, 22.883628332000058 ], [ 120.488520797000092, 22.883066199000041 ], [ 120.489792854000029, 22.882296966000069 ], [ 120.490887416000078, 22.881675659000052 ], [ 120.491597421000051, 22.881586872000071 ], [ 120.49224524300007, 22.88155686500005 ] ], [ [ 120.436727920401282, 23.703658854044324 ], [ 120.43696804366121, 23.703171186959676 ], [ 120.437265547256473, 23.702354813635402 ], [ 120.437578261818231, 23.700758321964997 ], [ 120.437646849273719, 23.69948228257422 ], [ 120.437715430958917, 23.698112781670332 ], [ 120.437700122506897, 23.69731549852407 ], [ 120.437722964370295, 23.696556360936821 ], [ 120.437379551326458, 23.695238380825838 ], [ 120.436830105504797, 23.693372994062521 ], [ 120.436639303388176, 23.692364001169882 ], [ 120.436570533613221, 23.690689327012567 ], [ 120.43660088397391, 23.687969404602811 ], [ 120.436631281240551, 23.686008618581777 ], [ 120.43663505300465, 23.685908189007726 ], [ 120.437172886100086, 23.684452169895703 ], [ 120.437508561140149, 23.684015362790834 ], [ 120.438424059551906, 23.68316462433194 ], [ 120.439400587391148, 23.682195625255659 ], [ 120.440103694936099, 23.681869356006661 ], [ 120.440568410697495, 23.681636969048846 ], [ 120.441126083957187, 23.68159046732162 ], [ 120.443080842412584, 23.681387047666085 ], [ 120.445477089075851, 23.681096468910493 ], [ 120.448526831044418, 23.680297562708809 ], [ 120.451798508410079, 23.679532276633982 ], [ 120.453294240596449, 23.679150459538899 ], [ 120.455169484097183, 23.678461972422774 ], [ 120.457614423001729, 23.677583555091058 ], [ 120.460154298428677, 23.67646775730945 ], [ 120.465115377841997, 23.674521018577224 ], [ 120.467702737614118, 23.673547643633807 ], [ 120.470385042697814, 23.672479313537497 ], [ 120.472507145734724, 23.671572428106163 ], [ 120.472848962970232, 23.671458469981538 ], [ 120.473209766926672, 23.671287540747887 ], [ 120.473418654846355, 23.671211569659139 ], [ 120.473798450211319, 23.671059629470097 ], [ 120.474937837476475, 23.670622798942656 ], [ 120.47554550748022, 23.670337916557678 ], [ 120.476551968942402, 23.669996043183083 ], [ 120.477064697134793, 23.669863086075594 ], [ 120.477577440560921, 23.6699769994643 ], [ 120.477919276542636, 23.670166881952131 ], [ 120.478109192973605, 23.670394752468823 ], [ 120.47835607894315, 23.670603629964912 ], [ 120.478545994202349, 23.670812510443167 ], [ 120.47860297311631, 23.67094543772771 ], [ 120.478764393937809, 23.67100714690153 ], [ 120.478930577553982, 23.671315726322369 ], [ 120.479096756775476, 23.671553093100123 ], [ 120.47928667086309, 23.671742983539765 ], [ 120.479476589345737, 23.672004086622238 ], [ 120.479713983420453, 23.672265187219107 ], [ 120.479975116756265, 23.672550024120685 ], [ 120.480212518156691, 23.672929812455315 ] ], [ [ 120.442998428490085, 23.704871542573365 ], [ 120.442629523366577, 23.704737753374037 ], [ 120.441761976370472, 23.704388712640011 ], [ 120.439354677990096, 23.703340711301713 ], [ 120.438993564686768, 23.70316247224028 ], [ 120.438815887550589, 23.703103257679164 ], [ 120.438578984353569, 23.703018664562045 ], [ 120.438147491627504, 23.703018687176307 ], [ 120.437792146768203, 23.703052548012977 ], [ 120.437326643880922, 23.703323758396031 ], [ 120.436727920401282, 23.703658854044324 ] ], [ [ 120.568989402000057, 23.957631660000061 ], [ 120.568925217000015, 23.956862024000031 ], [ 120.568625876000056, 23.956327569000052 ], [ 120.568048612000098, 23.955857265000077 ], [ 120.567257588000075, 23.955878686000062 ], [ 120.566359680000119, 23.956092521000073 ], [ 120.564734903000044, 23.956605700000068 ], [ 120.563302522000072, 23.956883701000038 ], [ 120.561998423000091, 23.957268589000023 ], [ 120.555712953000011, 23.956905482000025 ], [ 120.549042655000108, 23.956467568000051 ], [ 120.541987682000013, 23.958402729000056 ], [ 120.535103740000068, 23.960295122000048 ], [ 120.52815565700007, 23.962144760000058 ], [ 120.525697102000095, 23.962754188000076 ], [ 120.525034355000116, 23.962818360000028 ], [ 120.523858501000063, 23.962754286000063 ], [ 120.52336678100005, 23.962732933000041 ], [ 120.521292985000059, 23.962305465000043 ], [ 120.514344677000054, 23.960563457000035 ], [ 120.50739636000003, 23.958693175000064 ], [ 120.504937719000054, 23.957934355000077 ], [ 120.500383981000027, 23.958020112000042 ], [ 120.493542695000087, 23.958309089000068 ], [ 120.486637274000032, 23.958619448000036 ], [ 120.484627644000057, 23.958673002000069 ], [ 120.484242818000098, 23.958630264000078 ], [ 120.484013491000042, 23.958457687000077 ], [ 120.483836085, 23.958288129000039 ], [ 120.483619539000074, 23.957975092000027 ], [ 120.483395242000029, 23.957555891000027 ], [ 120.482425386000045, 23.95527388000005 ], [ 120.482318473000078, 23.954995961000066 ], [ 120.482147291000047, 23.952601537000078 ], [ 120.482147266000084, 23.952206029000024 ], [ 120.482123621627508, 23.95282551406715 ], [ 120.482303593763461, 23.955272695140419 ], [ 120.483273168553751, 23.959056411188111 ], [ 120.48311333200003, 23.960588461000047 ], [ 120.482149607000125, 23.962504429000038 ], [ 120.480410201000055, 23.965960223000028 ], [ 120.479728517000026, 23.966924094000039 ], [ 120.478858809000045, 23.968581467000039 ], [ 120.4768844580001, 23.974258797000065 ], [ 120.475249552000051, 23.979017699000057 ], [ 120.475248466000053, 23.979020868000081 ], [ 120.475051136000062, 23.979595250000049 ], [ 120.474910142000127, 23.980500323000062 ], [ 120.473782119000035, 23.986553739000048 ], [ 120.472677581000099, 23.992254532000064 ], [ 120.471620030000068, 23.997485157000032 ], [ 120.47056247400009, 24.002621752000042 ], [ 120.469434436000043, 24.008440086000068 ], [ 120.469128946000083, 24.010344265000075 ], [ 120.469035132000059, 24.013846989000061 ], [ 120.468094869000097, 24.015010693000082 ], [ 120.463228992000055, 24.020829227000039 ], [ 120.457869484000085, 24.027376540000038 ], [ 120.457070260000037, 24.028363926000058 ], [ 120.452415944000123, 24.033947366000067 ], [ 120.447220978000033, 24.04021257300008 ], [ 120.446421750000027, 24.041152943000046 ], [ 120.446069166000044, 24.041811190000036 ], [ 120.445457988000058, 24.042469452000038 ], [ 120.440615607000055, 24.048088165000028 ], [ 120.438170809000113, 24.049310720000054 ] ], [ [ 120.441042976053183, 23.479229128525141 ], [ 120.440135957949778, 23.478215250339041 ] ], [ [ 120.441042976053183, 23.479229128525141 ], [ 120.441042333231664, 23.479228411405121 ], [ 120.440135957949778, 23.478215250339041 ] ], [ [ 120.440197397699308, 24.049622534751645 ], [ 120.438489010580426, 24.050027961352008 ], [ 120.437234899371248, 24.050346456521854 ], [ 120.438489011000115, 24.050027961000069 ], [ 120.440197397699308, 24.049622534751645 ] ], [ [ 120.442524616622379, 24.04906982419023 ], [ 120.441565505351051, 24.049297861714692 ], [ 120.440197397699308, 24.049622534751645 ] ], [ [ 120.440197397699308, 24.049622534751645 ], [ 120.441565505000085, 24.04929786200006 ], [ 120.442524616622379, 24.04906982419023 ] ], [ [ 120.44410149349018, 23.482641155080959 ], [ 120.441042976053183, 23.479229128525141 ] ], [ [ 120.44410149349018, 23.482641155080959 ], [ 120.441184957646783, 23.479391254001801 ], [ 120.441168937432181, 23.479369930008573 ], [ 120.441042976053183, 23.479229128525141 ] ], [ [ 120.441868722000095, 23.479795358000047 ], [ 120.44455201400001, 23.482693078000068 ], [ 120.444696813094609, 23.482803309190267 ], [ 120.444845499830521, 23.48290823748793 ], [ 120.444997880100473, 23.483007725911467 ], [ 120.445153754975351, 23.483101644580909 ], [ 120.4453129209639, 23.48318987088749 ], [ 120.445475170278442, 23.483272289653694 ], [ 120.445640291106002, 23.483348793283625 ], [ 120.445808067884968, 23.483419281903466 ], [ 120.44597828158642, 23.483483663491864 ], [ 120.446150710000097, 23.483541854000066 ], [ 120.447301879000065, 23.484014519000027 ], [ 120.448420740000074, 23.484463229000028 ], [ 120.449097115570027, 23.484816599365963 ], [ 120.449770761111395, 23.485175146729283 ], [ 120.45044163700004, 23.485538850000069 ], [ 120.452423192000083, 23.486658103000025 ], [ 120.452492816388187, 23.48669352050657 ], [ 120.452559659038371, 23.486733943461729 ], [ 120.452623360730854, 23.486779154628078 ], [ 120.452683579125704, 23.486828911035808 ], [ 120.452739990602595, 23.486882945288489 ], [ 120.452792292000026, 23.486940967000066 ], [ 120.452865218511405, 23.487003149819952 ], [ 120.452942262145754, 23.487060152079177 ], [ 120.453023055601548, 23.487111702022432 ], [ 120.453107213700207, 23.487157553888046 ], [ 120.453194335222364, 23.487197489079637 ], [ 120.453284004820702, 23.487231317208249 ], [ 120.453375795000056, 23.487258877000045 ], [ 120.454643040000065, 23.487780857000075 ], [ 120.459474584000077, 23.489745177000032 ], [ 120.459583959103711, 23.489784647853085 ], [ 120.459695304372687, 23.489818160427021 ], [ 120.459808295488131, 23.48984561710871 ], [ 120.459922603337219, 23.489866937924202 ], [ 120.460037894971862, 23.489882060771688 ], [ 120.460153834578477, 23.489890941602365 ], [ 120.460270084456099, 23.489893554548761 ], [ 120.460386306000032, 23.489889892000065 ], [ 120.465008247000014, 23.489819475000047 ], [ 120.465099892876609, 23.489815654182241 ], [ 120.465191597116373, 23.489817628455771 ], [ 120.465282993641011, 23.489825389939444 ], [ 120.465373717600642, 23.489838907649844 ], [ 120.46546340683021, 23.489858127625016 ], [ 120.465551703295247, 23.489882973139878 ], [ 120.46563825452111, 23.489913345012503 ], [ 120.465722715000084, 23.489949122000041 ], [ 120.466699800000015, 23.490257389000078 ], [ 120.468221186000051, 23.49076584200003 ], [ 120.468319561211345, 23.490794531365523 ], [ 120.468416236872613, 23.490828510453333 ], [ 120.468510928781413, 23.49086767937337 ], [ 120.468603358567066, 23.490911922978746 ], [ 120.468693254508921, 23.490961111204239 ], [ 120.468780352335244, 23.491015099448685 ], [ 120.468864396000072, 23.49107372900005 ], [ 120.475796542000012, 23.495740922000039 ], [ 120.475970907378468, 23.495834679631471 ], [ 120.476148520961459, 23.495922127866386 ], [ 120.476329154536799, 23.496003154344255 ], [ 120.476512576011928, 23.496077654955744 ], [ 120.476698549712211, 23.496145533976488 ], [ 120.47688683668369, 23.496206704190058 ], [ 120.477077195000106, 23.49626108700005 ], [ 120.480728326000076, 23.497586913000077 ], [ 120.480865257669535, 23.497620289574922 ], [ 120.481003708097347, 23.497646666778795 ], [ 120.481143319746991, 23.497665976494797 ], [ 120.481283732083156, 23.497678168857217 ], [ 120.481424582502825, 23.497683212380306 ], [ 120.481565507271696, 23.497681094039592 ], [ 120.481706142463437, 23.497671819305513 ], [ 120.481846124899533, 23.497655412129284 ], [ 120.481985093087161, 23.497631914881051 ], [ 120.482122688152714, 23.497601388240483 ], [ 120.482258554768535, 23.497563911040043 ], [ 120.482392342070568, 23.497519580061446 ], [ 120.482523704564386, 23.497468509785698 ], [ 120.482652303017446, 23.497410832097472 ], [ 120.48277780533509, 23.49734669594454 ], [ 120.482899887418185, 23.497276266953094 ], [ 120.483018234000042, 23.497199727000066 ], [ 120.483119007418352, 23.497140908689659 ], [ 120.483216543265826, 23.497076864689674 ], [ 120.483310570820194, 23.497007772761808 ], [ 120.483400829096865, 23.496933824678877 ], [ 120.483487067573321, 23.496855225692524 ], [ 120.483569046884483, 23.496772193963526 ], [ 120.483646539487054, 23.496684959956269 ], [ 120.48371933029118, 23.496593765799044 ], [ 120.483787217257373, 23.496498864612022 ], [ 120.48385001195733, 23.496400519804666 ], [ 120.483907540096951, 23.496299004344614 ], [ 120.483959642000059, 23.496194600000024 ], [ 120.484419214000013, 23.495390150000048 ], [ 120.48451563948926, 23.495265577044133 ], [ 120.484616775140779, 23.495144796762979 ], [ 120.484722471918133, 23.495027987141892 ], [ 120.484832574063518, 23.494915320314899 ], [ 120.484946919327228, 23.494806962311092 ], [ 120.485065339206784, 23.494703072809951 ], [ 120.485187659195248, 23.494603804906042 ], [ 120.485313699038329, 23.494509304883412 ], [ 120.485443273000101, 23.494419712000024 ], [ 120.485708079953923, 23.49414987848586 ], [ 120.485976058, 23.493883194000034 ], [ 120.486021382492865, 23.493842385479123 ], [ 120.486070356961577, 23.493806037900868 ], [ 120.48612254398644, 23.493774475906825 ], [ 120.48617747745449, 23.493747981395689 ], [ 120.486234666722666, 23.493726791005493 ], [ 120.486293601000057, 23.493711094000048 ], [ 120.486678710613489, 23.49360211422762 ], [ 120.487062383080001, 23.493488178089411 ], [ 120.487444554613987, 23.49336930452732 ], [ 120.487825161679339, 23.493245513304103 ], [ 120.488204141000097, 23.493116825000072 ], [ 120.488496011388335, 23.493021497193538 ], [ 120.48878984456735, 23.492932402989791 ], [ 120.489085507419958, 23.492849582751766 ], [ 120.489382866000028, 23.49277307400007 ], [ 120.489526022819291, 23.492730139670964 ], [ 120.489670902894318, 23.492693438235257 ], [ 120.489817234988337, 23.492663038403407 ], [ 120.489964745146253, 23.49263899708836 ], [ 120.490113157207446, 23.49262135929898 ], [ 120.490262193322764, 23.49261015805579 ], [ 120.490411574474777, 23.492605414329162 ], [ 120.490561021000076, 23.49260713700005 ], [ 120.490810807754784, 23.492607476660851 ], [ 120.491060488931026, 23.492614746352857 ], [ 120.491309872300505, 23.492628940479168 ], [ 120.49155876586417, 23.492650048111795 ], [ 120.491806978000113, 23.492678053000077 ], [ 120.491909875254052, 23.492693140806207 ], [ 120.492013383411219, 23.492703217916866 ], [ 120.492117258616133, 23.492708260591325 ], [ 120.49222125614854, 23.492708256949523 ], [ 120.49232513100003, 23.492703207000034 ], [ 120.492464057538839, 23.492680075416175 ], [ 120.492603667004516, 23.492661505266668 ], [ 120.492743809670586, 23.492647516467375 ], [ 120.492884335238742, 23.492638124020818 ], [ 120.493025093000028, 23.492633338000076 ], [ 120.493140883788143, 23.492625519371739 ], [ 120.493256926402594, 23.49262386130361 ], [ 120.493372893307182, 23.492628368475675 ], [ 120.493488457179382, 23.492639028166206 ], [ 120.493603291834262, 23.49265581028768 ], [ 120.493717073145106, 23.492678667471704 ], [ 120.493829479958364, 23.492707535202705 ], [ 120.49394019500005, 23.492742332000034 ], [ 120.494182326922356, 23.492859894598912 ], [ 120.494421748445077, 23.492982883081723 ], [ 120.494658338000022, 23.493111235000072 ], [ 120.49633988800008, 23.494074635000061 ], [ 120.496460232364726, 23.494132428134687 ], [ 120.496583307367786, 23.494184151979603 ], [ 120.496708807147328, 23.494229677992418 ], [ 120.49683641981548, 23.494268893033396 ], [ 120.496965828233456, 23.494301699646609 ], [ 120.49709671079971, 23.494328016302152 ], [ 120.497228742249263, 23.494347777598744 ], [ 120.497361594461893, 23.494360934426265 ], [ 120.497494937277679, 23.494367454087797 ], [ 120.497628439317495, 23.494367320380899 ], [ 120.49776176880647, 23.494360533637852 ], [ 120.497894594398574, 23.494347110724849 ], [ 120.498026586000037, 23.494327085000066 ], [ 120.498159580676898, 23.494304301848992 ], [ 120.498291396351433, 23.494275469853044 ], [ 120.498421758059891, 23.49424064915495 ], [ 120.498550393871398, 23.494199912389707 ], [ 120.498677035455302, 23.494153344533057 ], [ 120.498801418640809, 23.494101042724235 ], [ 120.498923283968125, 23.494043116063338 ], [ 120.499042377229614, 23.493979685383746 ], [ 120.499158450000095, 23.493910883000069 ], [ 120.504790354000079, 23.490547979000041 ], [ 120.505721188000052, 23.489960852000024 ], [ 120.505805594638844, 23.48990512381285 ], [ 120.505893312675667, 23.489854768499978 ], [ 120.505984000561511, 23.489809982130637 ], [ 120.506077305183638, 23.489770939090167 ], [ 120.506172863240451, 23.48973779140103 ], [ 120.506270302656162, 23.489710668130865 ], [ 120.506369244029472, 23.489689674889952 ], [ 120.506469302110929, 23.489674893419974 ], [ 120.50657008730289, 23.489666381275764 ], [ 120.506671207176581, 23.489664171601177 ], [ 120.506772268000077, 23.489668273000063 ], [ 120.508124585000019, 23.489646438000022 ], [ 120.508413892365851, 23.489676345963307 ], [ 120.508702455205196, 23.489712742748097 ], [ 120.50899012800005, 23.489755610000032 ], [ 120.518603441000096, 23.491572725000026 ], [ 120.518754275915057, 23.491586035359671 ], [ 120.518904359805518, 23.491606114280593 ], [ 120.519053389094779, 23.491632921148891 ], [ 120.519201062339249, 23.491666401741945 ], [ 120.519347080838259, 23.49170648833811 ], [ 120.519491149238192, 23.491753099853675 ], [ 120.519632976129955, 23.491806142006897 ], [ 120.519772274638342, 23.491865507508692 ], [ 120.519908763002377, 23.491931076279652 ], [ 120.520042165145199, 23.49200271569293 ], [ 120.520172211232477, 23.492080280842515 ], [ 120.520298638218208, 23.492163614836318 ], [ 120.520421190376808, 23.492252549113537 ], [ 120.520539619820369, 23.492346903785606 ], [ 120.520653687000049, 23.492446488000041 ], [ 120.520789826176809, 23.49253339539537 ], [ 120.52092217927688, 23.492625966598837 ], [ 120.521050510820075, 23.492724036909483 ], [ 120.521174592481316, 23.492827431842414 ], [ 120.52129420349678, 23.492935967439287 ], [ 120.521409131056785, 23.493049450595581 ], [ 120.521519170684329, 23.493167679404163 ], [ 120.521624126598965, 23.493290443514528 ], [ 120.521723812065076, 23.493417524507041 ], [ 120.521818049724089, 23.493548696281575 ], [ 120.521906671910145, 23.493683725459714 ], [ 120.521989520948267, 23.493822371800057 ], [ 120.522066449435016, 23.493964388625606 ], [ 120.522137320500619, 23.494109523262651 ], [ 120.522202008052602, 23.494257517490336 ], [ 120.522260397000082, 23.494408108000073 ], [ 120.525405849000094, 23.499464685000078 ], [ 120.525490573485527, 23.499598980038719 ], [ 120.525581159924087, 23.499729392817933 ], [ 120.525677430708257, 23.499855667645001 ], [ 120.525779197085512, 23.499977556940237 ], [ 120.525886259528477, 23.500094821722421 ], [ 120.525998408126071, 23.500207232077344 ], [ 120.526115422995076, 23.500314567608584 ], [ 120.526237074711275, 23.500416617869636 ], [ 120.526363124759243, 23.500513182776512 ], [ 120.526493326000036, 23.500604073000034 ], [ 120.531430212000032, 23.504254886000069 ], [ 120.546280132000106, 23.515482994000024 ], [ 120.5464053230113, 23.515575991273177 ], [ 120.546526279210582, 23.515674433540269 ], [ 120.546642763962083, 23.515778128211135 ], [ 120.546754549377724, 23.515886872419934 ], [ 120.546861416763122, 23.516000453422023 ], [ 120.546963157045397, 23.516118649010171 ], [ 120.547059571182245, 23.516241227949276 ], [ 120.547150470551287, 23.516367950428755 ], [ 120.547235677319108, 23.516498568531691 ], [ 120.547315024789171, 23.516632826719867 ], [ 120.547388357727925, 23.516770462333685 ], [ 120.547455532668508, 23.51691120610603 ], [ 120.547516418191435, 23.517054782689058 ], [ 120.547570895181693, 23.51720091119288 ], [ 120.54761885706175, 23.517349305735092 ], [ 120.547660210000117, 23.517499676000057 ], [ 120.549489066000092, 23.521903723000037 ], [ 120.549585563468725, 23.522101111103389 ], [ 120.549687228491266, 23.522295888021905 ], [ 120.549793990470377, 23.52248791850025 ], [ 120.549905775269295, 23.522677069190252 ], [ 120.550022505263357, 23.522863208743495 ], [ 120.550144099393933, 23.523046207902528 ], [ 120.550270473224657, 23.523225939590624 ], [ 120.550401539000063, 23.523402279000038 ], [ 120.550531301995335, 23.523563808139659 ], [ 120.550666249402028, 23.523721031850705 ], [ 120.550806238462158, 23.523873783809563 ], [ 120.550951121084267, 23.524021902423186 ], [ 120.551100744000109, 23.52416523100004 ], [ 120.55116331084723, 23.524235494432997 ], [ 120.551230700627968, 23.524301146377528 ], [ 120.551302574347645, 23.524361856580878 ], [ 120.551378570455711, 23.524417319649007 ], [ 120.5514583066646, 23.524467256582849 ], [ 120.551541381872653, 23.52451141618177 ], [ 120.551627378181863, 23.524549576307198 ], [ 120.551715863000027, 23.524581545000046 ], [ 120.553696652000099, 23.525422364000065 ], [ 120.554420025000013, 23.525736287000029 ], [ 120.554464383078809, 23.525763779387557 ], [ 120.554504968985142, 23.525796585709109 ], [ 120.554541149861421, 23.525834194414461 ], [ 120.554572361537851, 23.525876019069635 ], [ 120.55459811732959, 23.525921407501187 ], [ 120.554618015625579, 23.525969651965564 ], [ 120.554631746150918, 23.526020000185 ], [ 120.554639094805026, 23.526071667077776 ], [ 120.554639947000055, 23.526123847000065 ], [ 120.554741275000083, 23.527538390000075 ], [ 120.554732293631545, 23.527609854661026 ], [ 120.554717427440465, 23.527680330608053 ], [ 120.554696778466123, 23.527749334105096 ], [ 120.554670488439882, 23.527816391522776 ], [ 120.554638737812439, 23.5278810425893 ], [ 120.55460174451521, 23.527942843549699 ], [ 120.554559762464493, 23.528001370211687 ], [ 120.554513079818619, 23.52805622085727 ], [ 120.554462017000105, 23.528107019000061 ], [ 120.55350743200006, 23.529047047000063 ], [ 120.553465639512979, 23.529093896991153 ], [ 120.553429168703218, 23.529144998984052 ], [ 120.553398448905497, 23.529199751405642 ], [ 120.553373841753526, 23.529257509709932 ], [ 120.553355636922944, 23.529317593965651 ], [ 120.553344048721144, 23.529379296860405 ], [ 120.55333921356457, 23.529441892027176 ], [ 120.553341188372713, 23.529504642595104 ], [ 120.553349949898106, 23.52956680986394 ], [ 120.553365395000014, 23.529627662000053 ], [ 120.553401476928556, 23.529734193931869 ], [ 120.553442826691523, 23.529838793908759 ], [ 120.55348934138803, 23.529941201628553 ], [ 120.553540905263944, 23.530041162244615 ], [ 120.55359739000005, 23.530138427000054 ], [ 120.554821756000024, 23.531815119000044 ], [ 120.554864042070676, 23.531881000362311 ], [ 120.554911970601282, 23.531942898032863 ], [ 120.554965168491307, 23.532000330168131 ], [ 120.555023221620814, 23.532052849686607 ], [ 120.555085678074121, 23.532100047749129 ], [ 120.555152051657828, 23.5321415569415 ], [ 120.555221825685535, 23.532177054134657 ], [ 120.555294457000059, 23.532206263000035 ], [ 120.55538674702116, 23.532252811603435 ], [ 120.555481743677447, 23.532293552930984 ], [ 120.555579081977939, 23.532328330448582 ], [ 120.555678387934762, 23.532357010535961 ], [ 120.555779280000024, 23.532379483000057 ], [ 120.555863316697611, 23.53240697743276 ], [ 120.555945144708119, 23.532440477985961 ], [ 120.55602433541101, 23.532479809181535 ], [ 120.556100474000118, 23.532524765000062 ], [ 120.556164146022269, 23.532559845693999 ], [ 120.556224081606715, 23.532600985786463 ], [ 120.556279706014053, 23.532647790773371 ], [ 120.556330485845976, 23.532699811828351 ], [ 120.556375934160201, 23.532756550106669 ], [ 120.556415615139855, 23.532817461528794 ], [ 120.556449148272705, 23.53288196199772 ], [ 120.556476212, 23.532949433000056 ], [ 120.55649771543294, 23.533026386507526 ], [ 120.556513983239185, 23.533104614369698 ], [ 120.556524941432144, 23.533183760803272 ], [ 120.556530540173526, 23.533263465847245 ], [ 120.55653075400005, 23.533343367000043 ], [ 120.556533813384704, 23.533436690638474 ], [ 120.556543339524893, 23.533529577203577 ], [ 120.556559286519928, 23.533621579131133 ], [ 120.556581577530849, 23.533712253119443 ], [ 120.556610105150781, 23.533801162265348 ], [ 120.556644731922319, 23.533887878169406 ], [ 120.556685291, 23.533971983000072 ], [ 120.556804799371804, 23.534128109586465 ], [ 120.55692128471857, 23.534286504428234 ], [ 120.557034704000102, 23.534447109000041 ], [ 120.557067146312562, 23.534505991268535 ], [ 120.557093824668613, 23.534567699375774 ], [ 120.557114495823171, 23.534631670686139 ], [ 120.557128971302987, 23.534697321928814 ], [ 120.557137119125073, 23.534764054515875 ], [ 120.55713886500007, 23.534831260000033 ], [ 120.557200414000022, 23.535608290000027 ], [ 120.557213947790515, 23.535704486284711 ], [ 120.557232450093878, 23.535799851652865 ], [ 120.557255871155945, 23.535894129659439 ], [ 120.557284147995631, 23.535987066783399 ], [ 120.557317204574261, 23.536078413109443 ], [ 120.557354952000082, 23.53616792300005 ], [ 120.557380159353272, 23.536237251960205 ], [ 120.557399412595174, 23.536308464515606 ], [ 120.557412573747825, 23.536381050322976 ], [ 120.55741954849212, 23.536454489197645 ], [ 120.557420286843694, 23.53652825484146 ], [ 120.557414783511163, 23.536601818614486 ], [ 120.55740307793404, 23.536674653323487 ], [ 120.55738525400011, 23.536746237000045 ], [ 120.557367257280546, 23.536832217195585 ], [ 120.557343438569987, 23.536916769812141 ], [ 120.557313908785758, 23.536999501110831 ], [ 120.557278805440163, 23.537080025834165 ], [ 120.557238292000079, 23.537157969000077 ], [ 120.5572051375825, 23.537219823384362 ], [ 120.557178062425336, 23.537284569937363 ], [ 120.557157315677145, 23.537351612854216 ], [ 120.557143088251777, 23.537420335198679 ], [ 120.557135511071564, 23.537490104580218 ], [ 120.557134653862533, 23.537560278973363 ], [ 120.557140524512803, 23.537630212625679 ], [ 120.557153069000037, 23.537699262000046 ], [ 120.55715971706519, 23.537747347084554 ], [ 120.557173129911959, 23.537793999712175 ], [ 120.557193035374283, 23.537838273233522 ], [ 120.557219029541471, 23.537879269274725 ], [ 120.557250584954247, 23.53791615596673 ], [ 120.557287061307562, 23.537948184825137 ], [ 120.557327718443403, 23.537974705938012 ], [ 120.557371731369571, 23.537995181153569 ], [ 120.557418207000069, 23.538009195000029 ], [ 120.557473326379323, 23.538032464331035 ], [ 120.55753075687943, 23.538049237684628 ], [ 120.557589735794309, 23.538059292302179 ], [ 120.557649479854106, 23.538062494653282 ], [ 120.557709195627481, 23.53805880220909 ], [ 120.557768090058744, 23.538048264007134 ], [ 120.557825381000043, 23.538031020000062 ], [ 120.557864208582018, 23.538021856847063 ], [ 120.557901175287341, 23.538006856607314 ], [ 120.557935409305813, 23.53798637304137 ], [ 120.557966103274012, 23.537960889226675 ], [ 120.557992533315812, 23.537931006164836 ], [ 120.558014076114134, 23.537897428607813 ], [ 120.558030223610942, 23.537860948437284 ], [ 120.558040594989151, 23.537822425989173 ], [ 120.558044945653748, 23.53778276976378 ], [ 120.558043173000101, 23.537742915000024 ], [ 120.558043842980098, 23.537671396565926 ], [ 120.558050429383513, 23.537600178909553 ], [ 120.558062887023354, 23.537529750630437 ], [ 120.558081130432072, 23.537460594912471 ], [ 120.558105034448005, 23.537393186208941 ], [ 120.558134435074024, 23.537327986987481 ], [ 120.558169130602664, 23.537265444557239 ], [ 120.55820888300002, 23.537205988000039 ], [ 120.558262822871512, 23.537127666652932 ], [ 120.558321002083417, 23.53705244084319 ], [ 120.55838324337607, 23.536980539767832 ], [ 120.558449357113531, 23.536912182494117 ], [ 120.558519141861282, 23.53684757729209 ], [ 120.558592385000111, 23.536786921000044 ], [ 120.558638984769956, 23.536741600139365 ], [ 120.558689300982152, 23.536700444365135 ], [ 120.558742962594096, 23.536663757168917 ], [ 120.558799573893467, 23.536631809090014 ], [ 120.558858717416342, 23.536604835720457 ], [ 120.558919957025594, 23.536583035967695 ], [ 120.558982841127147, 23.536566570587805 ], [ 120.559046906000049, 23.536555561000057 ], [ 120.559139691920166, 23.536543774908647 ], [ 120.559233095411059, 23.536538883404887 ], [ 120.559326604867934, 23.536540913281307 ], [ 120.559419708105523, 23.536549853419544 ], [ 120.559511895163624, 23.536565654851213 ], [ 120.559602661100229, 23.536588231026137 ], [ 120.559691508757368, 23.536617458286411 ], [ 120.559777951484165, 23.536653176543719 ], [ 120.559861515802439, 23.536695190156205 ], [ 120.559941744000071, 23.536743269000056 ], [ 120.560117314947433, 23.536913566574061 ], [ 120.560296564436811, 23.53707998785222 ], [ 120.56047940690587, 23.537242453395567 ], [ 120.56066575507721, 23.537400885653355 ], [ 120.560855520000018, 23.537555209000061 ], [ 120.560929543417359, 23.537582528201881 ], [ 120.561001244342521, 23.537615464237408 ], [ 120.561070197315274, 23.537653821670226 ], [ 120.561135993181267, 23.537697372894325 ], [ 120.561198241519861, 23.537745859484698 ], [ 120.561256572960772, 23.537798993730764 ], [ 120.561310641375883, 23.537856460343612 ], [ 120.561360125933064, 23.537917918326848 ], [ 120.561404733000018, 23.537983003000022 ], [ 120.561485097146701, 23.538067167457179 ], [ 120.561569568196489, 23.538147209281679 ], [ 120.561657934924199, 23.538222928323901 ], [ 120.561749976363259, 23.538294135243621 ], [ 120.561845462358264, 23.538360651983449 ], [ 120.561944154140491, 23.538422312214095 ], [ 120.562045804924907, 23.538478961750268 ], [ 120.562150160527324, 23.53853045893624 ], [ 120.562256960000013, 23.538576675000058 ], [ 120.562416801604186, 23.538606105040461 ], [ 120.562575455695338, 23.538641380316029 ], [ 120.562732708594453, 23.5386824533172 ], [ 120.562888348509688, 23.538729268725902 ], [ 120.563042165821585, 23.538781763490064 ], [ 120.563193953365442, 23.538839866908518 ], [ 120.563343506710254, 23.538903500726231 ], [ 120.563490624434138, 23.538972579239708 ], [ 120.56363510839553, 23.539047009412403 ], [ 120.563776764000067, 23.539126691000035 ], [ 120.563878021769966, 23.539168019782384 ], [ 120.563976502692753, 23.539215587755479 ], [ 120.564071822777734, 23.539269209445255 ], [ 120.56416361035879, 23.539328675773362 ], [ 120.564251507543531, 23.5393937548724 ], [ 120.564335171608718, 23.539464192990014 ], [ 120.564414276336649, 23.539539715478281 ], [ 120.564488513287117, 23.539620027864636 ], [ 120.564557593000018, 23.539704817000029 ], [ 120.564600841893807, 23.539832788204276 ], [ 120.564650442003298, 23.539958434235132 ], [ 120.564706268983983, 23.540081440105556 ], [ 120.564768182880982, 23.540201497447221 ], [ 120.564836028479888, 23.540318305283602 ], [ 120.564909635695869, 23.540431570784467 ], [ 120.564988820000053, 23.540541010000027 ], [ 120.565324976000056, 23.540794188000064 ], [ 120.565426228740606, 23.540830593302459 ], [ 120.565529666637374, 23.54086022546441 ], [ 120.565634837159067, 23.540882954847934 ], [ 120.565741280194331, 23.540898682014067 ], [ 120.565848530064656, 23.540907338157897 ], [ 120.565956117561711, 23.540908885409593 ], [ 120.566063572000076, 23.540903317000073 ], [ 120.566130919240109, 23.540906150832271 ], [ 120.566198191310207, 23.540901890558573 ], [ 120.566264643013469, 23.54089058337156 ], [ 120.566329538240566, 23.540872354525 ], [ 120.566392158123747, 23.540847405946369 ], [ 120.566451809000114, 23.540816014000029 ], [ 120.566487242925689, 23.540801037406951 ], [ 120.566520018484326, 23.540780897293292 ], [ 120.566549388658629, 23.540756052690597 ], [ 120.566574684046415, 23.540727069854665 ], [ 120.566595328117614, 23.540694609359505 ], [ 120.566610850354564, 23.54065941104162 ], [ 120.566620896975905, 23.540622277137683 ], [ 120.566625239000018, 23.540584054000078 ], [ 120.566614307391731, 23.54053650418243 ], [ 120.566596566030825, 23.540491053887262 ], [ 120.566572393377598, 23.540448672664372 ], [ 120.566542305085278, 23.540410264593824 ], [ 120.566506943000036, 23.540376649000052 ], [ 120.566478524081774, 23.540248712103057 ], [ 120.56644348710023, 23.540122427129873 ], [ 120.566401926968993, 23.539998136180809 ], [ 120.566353956272593, 23.539876175954447 ], [ 120.56629970496148, 23.539756876835543 ], [ 120.566239320000022, 23.539640562000045 ], [ 120.566209366800663, 23.539573051440691 ], [ 120.566185348347929, 23.539503208876987 ], [ 120.566167443670352, 23.53943155490084 ], [ 120.566155786225679, 23.539358623606052 ], [ 120.566150462906066, 23.539284958607276 ], [ 120.566151513390423, 23.539211108988056 ], [ 120.566158929848655, 23.539137625208053 ], [ 120.566172657000038, 23.539065055000037 ], [ 120.56620077224261, 23.539017689535108 ], [ 120.566234461089479, 23.538974111837479 ], [ 120.566273219285733, 23.538934974178432 ], [ 120.566316466698453, 23.538900862370699 ], [ 120.566363556000056, 23.538872287000061 ], [ 120.566456542514757, 23.538831021481268 ], [ 120.566551446878861, 23.538794381385337 ], [ 120.566648039173543, 23.538762455477926 ], [ 120.566746085390733, 23.538735321103925 ], [ 120.566845348000015, 23.538713044000076 ], [ 120.566925018523492, 23.538687815777035 ], [ 120.56700230899763, 23.53865603467953 ], [ 120.567076681512091, 23.538617921891095 ], [ 120.567147618464375, 23.53857374266126 ], [ 120.567214626162126, 23.538523804459526 ], [ 120.567277238258953, 23.538468454835495 ], [ 120.567335019000097, 23.538408079000078 ], [ 120.56737190906442, 23.538363949976539 ], [ 120.567413348504715, 23.538324062380067 ], [ 120.5674588527297, 23.538288882654747 ], [ 120.567507889614632, 23.538258822190993 ], [ 120.567559885723966, 23.53823423251476 ], [ 120.567614233017153, 23.538215401176817 ], [ 120.567670295958919, 23.538202548390139 ], [ 120.567727418951279, 23.538195824454739 ], [ 120.567784934000088, 23.53819530800007 ], [ 120.568099991878583, 23.538202552421343 ], [ 120.56841496100003, 23.538212964000024 ], [ 120.568480884443019, 23.538212266012934 ], [ 120.568546363977873, 23.538204596721158 ], [ 120.568610664477148, 23.538190042226518 ], [ 120.56867306405023, 23.538168765929811 ], [ 120.568732862147854, 23.538141006696353 ], [ 120.568789387427088, 23.538107076174271 ], [ 120.568842005288374, 23.538067355295695 ], [ 120.568890125000053, 23.538022290000072 ], [ 120.56895516114146, 23.537977051362446 ], [ 120.569023621496314, 23.537937183909111 ], [ 120.569095063479281, 23.537902945376828 ], [ 120.569169025229243, 23.537874557112289 ], [ 120.569245028595233, 23.537852202641123 ], [ 120.569322582227514, 23.537836026481443 ], [ 120.569401184754156, 23.53782613320956 ], [ 120.569480328022266, 23.537822586783907 ], [ 120.569559500383178, 23.537825410131568 ], [ 120.569638190000092, 23.537834585000041 ], [ 120.56980910014633, 23.537876205719844 ], [ 120.569981451642533, 23.537911384181445 ], [ 120.570155001745078, 23.537940070838733 ], [ 120.570329506022233, 23.537962225288798 ], [ 120.570504718698359, 23.537977816328823 ], [ 120.570680393000089, 23.53798682200005 ], [ 120.570821695136928, 23.537975823083173 ], [ 120.570963337334845, 23.537970847359986 ], [ 120.571105062963738, 23.537971903845602 ], [ 120.571246615242416, 23.537978990625859 ], [ 120.571387737703688, 23.53799209486079 ], [ 120.571528174659164, 23.538011192807893 ], [ 120.571667671662482, 23.538036249865137 ], [ 120.571805975970236, 23.538067220633661 ], [ 120.571942837000051, 23.538104049000026 ], [ 120.572045287071603, 23.538152298453671 ], [ 120.572145200943737, 23.538205601784671 ], [ 120.57224232950243, 23.538263826092511 ], [ 120.572336430578318, 23.538326826207257 ], [ 120.572427269550332, 23.538394445051523 ], [ 120.572514619930857, 23.538466514032105 ], [ 120.572598263930274, 23.538542853460321 ], [ 120.57267799300007, 23.538623273000042 ], [ 120.572739230338314, 23.53874623810972 ], [ 120.572806335030364, 23.538866102158128 ], [ 120.572879150457979, 23.538982585389949 ], [ 120.572957506674442, 23.539095415940487 ], [ 120.573041220801173, 23.539204330470191 ], [ 120.573130097454538, 23.539309074779247 ], [ 120.573223929201916, 23.539409404400889 ], [ 120.57332249704578, 23.539505085171953 ], [ 120.573425570934845, 23.539595893779406 ], [ 120.573532910300997, 23.539681618281552 ], [ 120.573644264620768, 23.539762058602683 ], [ 120.573759374000019, 23.539837027000033 ], [ 120.573834451251344, 23.539873757411222 ], [ 120.573911963548852, 23.539905023375287 ], [ 120.573991513777003, 23.539930664708617 ], [ 120.57407269437941, 23.53995055004404 ], [ 120.57415508944689, 23.539964577503842 ], [ 120.574238276848206, 23.539972675221716 ], [ 120.574321830392819, 23.539974801710965 ], [ 120.574405322014314, 23.539970946077037 ], [ 120.57448832396355, 23.53996112807334 ], [ 120.574570411000082, 23.539945398000043 ], [ 120.574652474041642, 23.539925967502299 ], [ 120.574732705374117, 23.539899990198336 ], [ 120.574810583622849, 23.539867634898854 ], [ 120.57488560270447, 23.539829111861273 ], [ 120.57495727511558, 23.539784671423391 ], [ 120.575025135100731, 23.539734602376598 ], [ 120.575088741679153, 23.539679230089181 ], [ 120.575147681510359, 23.53961891439198 ], [ 120.575201571580223, 23.539554047240031 ], [ 120.575250061689943, 23.539485050165524 ], [ 120.575292836731776, 23.539412371538489 ], [ 120.575329618736745, 23.539336483653145 ], [ 120.575360168680959, 23.539257879658713 ], [ 120.57538428803889, 23.539177070354764 ], [ 120.575401820073509, 23.539094580871833 ], [ 120.575412650854773, 23.53901094725892 ], [ 120.575416710000013, 23.538926713000023 ], [ 120.575334431000101, 23.537442019000025 ], [ 120.575335264059703, 23.537370740704986 ], [ 120.575342970009004, 23.537299875285512 ], [ 120.575357476953542, 23.537230083897132 ], [ 120.575378649547403, 23.537162017674955 ], [ 120.575406290255899, 23.537096311658743 ], [ 120.575440141198541, 23.537033578868169 ], [ 120.575479886555073, 23.536974404583496 ], [ 120.575525155511855, 23.536919340885074 ], [ 120.575575525721561, 23.536868901502576 ], [ 120.575630527243504, 23.536823557022039 ], [ 120.575689646928126, 23.536783730495412 ], [ 120.575752333204449, 23.536749793493609 ], [ 120.57581800122621, 23.536722062639832 ], [ 120.575886038328179, 23.536700796655584 ], [ 120.575955809742311, 23.536686193946842 ], [ 120.57602666451983, 23.536678390753 ], [ 120.576097941604516, 23.536677459875779 ], [ 120.576168976000076, 23.536683410000023 ], [ 120.57625166431697, 23.536680303769668 ], [ 120.576334341461333, 23.536683694376826 ], [ 120.576416497762054, 23.536693560919787 ], [ 120.57649762675878, 23.536709842575302 ], [ 120.576577228324112, 23.536732438973562 ], [ 120.576654811746621, 23.536761210816913 ], [ 120.5767298987559, 23.536795980738596 ], [ 120.576802026470958, 23.536836534396116 ], [ 120.576870750253619, 23.536882621792596 ], [ 120.576935646449584, 23.53693395881789 ], [ 120.576996315000088, 23.536990229000025 ], [ 120.577052403465743, 23.537058648973947 ], [ 120.577113125880942, 23.5371229917832 ], [ 120.577178186696244, 23.537182944257065 ], [ 120.577247269246243, 23.537238214593565 ], [ 120.577320037290846, 23.537288533779719 ], [ 120.577396136651856, 23.537333656900898 ], [ 120.577475196936803, 23.537373364332865 ], [ 120.577556833341774, 23.537407462810751 ], [ 120.57764064852428, 23.537435786369706 ], [ 120.577726234537266, 23.537458197152688 ], [ 120.577813174814608, 23.537474586081451 ], [ 120.577901046198718, 23.537484873387445 ], [ 120.577989421000098, 23.537489009000069 ], [ 120.578106144198372, 23.53747555619158 ], [ 120.578222018515874, 23.537456103026987 ], [ 120.578336735703274, 23.537430701255673 ], [ 120.578449990589434, 23.537399418451539 ], [ 120.578561481893203, 23.53736233783323 ], [ 120.578670913024965, 23.537319558042768 ], [ 120.578777992875558, 23.537271192883125 ], [ 120.578882436590717, 23.537217371015508 ], [ 120.578983966328849, 23.537158235617071 ], [ 120.579082312000082, 23.537093944000048 ], [ 120.579242898010804, 23.536987026253119 ], [ 120.57940004159255, 23.536875110364321 ], [ 120.579553587237925, 23.536758307084256 ], [ 120.579703383000037, 23.536636732000034 ], [ 120.579744889942575, 23.536607281244301 ], [ 120.579782232997729, 23.536572702789687 ], [ 120.57981478312486, 23.536533579107385 ], [ 120.579841992019738, 23.536490569232576 ], [ 120.579863401350835, 23.536444397663029 ], [ 120.579878650479714, 23.536395842154992 ], [ 120.57988748253608, 23.53634572062197 ], [ 120.579889748744677, 23.536294877357022 ], [ 120.579885410931396, 23.536244168810718 ], [ 120.579874542166365, 23.536194449164313 ], [ 120.579857325533013, 23.536146555941116 ], [ 120.579834051044102, 23.536101295898494 ], [ 120.579805110756453, 23.536059431438108 ], [ 120.579770992166829, 23.536021667763315 ], [ 120.579732270000022, 23.535988641000074 ], [ 120.579621997248182, 23.535926521484587 ], [ 120.579514953136126, 23.535858990217179 ], [ 120.579411403028132, 23.535786214609068 ], [ 120.579311603626749, 23.535708375072286 ], [ 120.579215802336492, 23.535625664572429 ], [ 120.579124236650458, 23.53553828815031 ], [ 120.579037133561613, 23.535446462413631 ], [ 120.578954709000072, 23.535350415000039 ], [ 120.578944396953545, 23.535278774409633 ], [ 120.578940746086246, 23.535206487594344 ], [ 120.578943787611621, 23.535134172577781 ], [ 120.578953495525838, 23.535062447624675 ], [ 120.578969786830086, 23.534991925954934 ], [ 120.578992522240185, 23.534923210500885 ], [ 120.579021507377362, 23.534856888752419 ], [ 120.579056494430191, 23.534793527734195 ], [ 120.579097184273266, 23.534733669157799 ], [ 120.579143229024524, 23.534677824790329 ], [ 120.579194235019628, 23.534626472078994 ], [ 120.579249766177512, 23.534580050069117 ], [ 120.579309347728795, 23.534538955650479 ], [ 120.579372470274834, 23.534503540164071 ], [ 120.5794385941429, 23.53447410639826 ], [ 120.579507154000112, 23.534450906000075 ], [ 120.579723627139671, 23.534382392131693 ], [ 120.579941967083229, 23.53432008290795 ], [ 120.580161996030114, 23.534264029069089 ], [ 120.580383534804241, 23.534214276261405 ], [ 120.580606403000047, 23.534170865000078 ], [ 120.580715023797282, 23.534147719911367 ], [ 120.580824886878958, 23.534131463343289 ], [ 120.58093555583639, 23.534122159871746 ], [ 120.581046591059689, 23.534119846452885 ], [ 120.581157551484083, 23.534124532276291 ], [ 120.581267996341893, 23.534136198728483 ], [ 120.581377486913425, 23.534154799466858 ], [ 120.5814855882697, 23.534180260603772 ], [ 120.581591871000114, 23.534212481000054 ], [ 120.581646245956918, 23.534319348511943 ], [ 120.581695553702417, 23.534428646486578 ], [ 120.581739685918279, 23.534540134820258 ], [ 120.581778545655737, 23.534653568597545 ], [ 120.581812047548425, 23.534768698629296 ], [ 120.581840118000059, 23.534885272000054 ], [ 120.581878326726695, 23.534942610543762 ], [ 120.581921969659092, 23.534995929488204 ], [ 120.581970626807845, 23.535044715728699 ], [ 120.582023829930137, 23.535088499780169 ], [ 120.582081067035887, 23.535126860295154 ], [ 120.58214178731474, 23.535159428118558 ], [ 120.582205406436685, 23.53518588984015 ], [ 120.582271312175223, 23.535205990810596 ], [ 120.582338870299068, 23.535219537592052 ], [ 120.582407430675516, 23.535226399819646 ], [ 120.582476333526856, 23.535226511456038 ], [ 120.58254491577965, 23.535219871426925 ], [ 120.582612517445682, 23.535206543631354 ], [ 120.582678487973226, 23.535186656326825 ], [ 120.582742192507482, 23.535160400895016 ], [ 120.58280301800005, 23.535128030000067 ], [ 120.582906291955297, 23.535088995504566 ], [ 120.58301168882366, 23.535056121475119 ], [ 120.583118841480925, 23.535029522420359 ], [ 120.58322737668702, 23.535009290991592 ], [ 120.583336916386116, 23.534995497660049 ], [ 120.583447079023458, 23.534988190471424 ], [ 120.583557480874461, 23.53498739487852 ], [ 120.583667737381276, 23.534993113652593 ], [ 120.583777464492343, 23.535005326873694 ], [ 120.583886280000115, 23.535023992000049 ], [ 120.583950315240642, 23.53506525146889 ], [ 120.584017858884479, 23.535100475210552 ], [ 120.584088343624288, 23.535129367376516 ], [ 120.584161177450085, 23.535151685297944 ], [ 120.584235748621694, 23.535167241523883 ], [ 120.584311430806679, 23.535175905395686 ], [ 120.584387588341116, 23.535177604144433 ], [ 120.584463581568542, 23.535172323502128 ], [ 120.584538772212554, 23.535160107821525 ], [ 120.584612528737708, 23.535141059703626 ], [ 120.584684231653938, 23.535115339135906 ], [ 120.58475327871966, 23.53508316214856 ], [ 120.58481909000011, 23.535044799000048 ], [ 120.584854205154969, 23.534988131302736 ], [ 120.584883220993163, 23.534928111446412 ], [ 120.584905821269842, 23.534865393590003 ], [ 120.584921759663672, 23.53480066129805 ], [ 120.58493086246142, 23.534734620090518 ], [ 120.584933030451296, 23.534667989753292 ], [ 120.584928240004317, 23.534601496493206 ], [ 120.584916543331744, 23.534535865023088 ], [ 120.5848980679161, 23.534471810663078 ], [ 120.58487301512173, 23.534410031544333 ], [ 120.584841658000073, 23.53435120100005 ], [ 120.584820165110429, 23.534288633757505 ], [ 120.584805453199934, 23.534224134425461 ], [ 120.584797689383834, 23.534158435663642 ], [ 120.584796961852774, 23.534092283756312 ], [ 120.584803278870893, 23.5340264301351 ], [ 120.584816568682015, 23.533961622843339 ], [ 120.584836680324756, 23.533898598038931 ], [ 120.58486338534729, 23.533838071632161 ], [ 120.58489638040237, 23.53378073115357 ], [ 120.584935290693124, 23.533727227944144 ], [ 120.584979674230425, 23.533678169756644 ], [ 120.585029026853562, 23.533634113851999 ], [ 120.585082787957049, 23.533595560669298 ], [ 120.58514034685868, 23.533562948141196 ], [ 120.585201049736327, 23.533536646719377 ], [ 120.585264207054905, 23.533516955166505 ], [ 120.58532910139887, 23.533504097162531 ], [ 120.585394995621485, 23.533498218763881 ], [ 120.585461141218218, 23.53349938674436 ], [ 120.585526786829107, 23.53350758783666 ], [ 120.585591186773655, 23.533522728883078 ], [ 120.585653609521103, 23.533544637893691 ], [ 120.585713346000034, 23.533573066000031 ], [ 120.585838307041769, 23.533605978313787 ], [ 120.585961267449349, 23.533645717721402 ], [ 120.586081854539728, 23.533692163775953 ], [ 120.586199702823194, 23.533745175703206 ], [ 120.586314455111165, 23.5338045928283 ], [ 120.58642576359874, 23.53387023506275 ], [ 120.586533290918894, 23.533941903450248 ], [ 120.586636711165056, 23.534019380769728 ], [ 120.586735710878813, 23.534102432193698 ], [ 120.586829990000069, 23.534190806000026 ], [ 120.58689639467427, 23.534254069797374 ], [ 120.586967303870622, 23.534312240018998 ], [ 120.587042327842738, 23.534364996937214 ], [ 120.587121054227708, 23.534412050578091 ], [ 120.587203050312652, 23.534453142315286 ], [ 120.587287865413032, 23.53448804629155 ], [ 120.587375033349844, 23.534516570660138 ], [ 120.587464075011908, 23.53453855863928 ], [ 120.587554500989299, 23.534553889373907 ], [ 120.587645814263283, 23.534562478599945 ], [ 120.587737512938219, 23.534564279107432 ], [ 120.587829093000096, 23.534559281000043 ], [ 120.587916298643293, 23.534540907887568 ], [ 120.588001794640363, 23.534515751775945 ], [ 120.588085054262649, 23.534483967648395 ], [ 120.588165564559475, 23.534445751322405 ], [ 120.588242829518379, 23.53440133824331 ], [ 120.588316373120918, 23.534351002033766 ], [ 120.588385742275477, 23.534295052807995 ], [ 120.588450509608549, 23.534233835261208 ], [ 120.588510276097807, 23.534167726545988 ], [ 120.588564673530456, 23.534097133948716 ], [ 120.588613366771639, 23.534022492380334 ], [ 120.588656055829233, 23.533944261696909 ], [ 120.58869247770204, 23.533862923866543 ], [ 120.588722408000081, 23.533778980000022 ], [ 120.58876088948719, 23.533654985606123 ], [ 120.588805419141266, 23.533533032564026 ], [ 120.588855889313393, 23.533413415691079 ], [ 120.588912177993649, 23.533296424157012 ], [ 120.588974149106036, 23.533182340784879 ], [ 120.589041652837523, 23.533071441367369 ], [ 120.589114526000117, 23.532963994000056 ], [ 120.589197431982043, 23.532916384417607 ], [ 120.589283578086437, 23.532874924522805 ], [ 120.589372508920306, 23.532839833484534 ], [ 120.589463754369774, 23.532811296804077 ], [ 120.58955683208525, 23.532789465334503 ], [ 120.589651250031224, 23.532774454483224 ], [ 120.589746509087405, 23.532766343601896 ], [ 120.589842105687111, 23.532765175566968 ], [ 120.589937534479304, 23.532770956553001 ], [ 120.590032291000057, 23.532783656000049 ], [ 120.590130344325189, 23.53280786361886 ], [ 120.590229696219069, 23.532826020285956 ], [ 120.590329973639129, 23.532838057827401 ], [ 120.590430800067665, 23.532843931045115 ], [ 120.590531796925589, 23.532843617886563 ], [ 120.59063258499387, 23.532837119527588 ], [ 120.59073278583746, 23.532824460367969 ], [ 120.59083202322617, 23.53280568793982 ], [ 120.590929924547382, 23.532780872729113 ], [ 120.591026122205079, 23.532750107911021 ], [ 120.591120255000078, 23.532713509000075 ], [ 120.591171701859864, 23.532709025863888 ], [ 120.59122331228464, 23.532710826404511 ], [ 120.591274321635922, 23.53271888394589 ], [ 120.591323974180497, 23.532733079110859 ], [ 120.591371534287035, 23.532753201589792 ], [ 120.591416297324869, 23.53277895325645 ], [ 120.591457600103553, 23.532809952584913 ], [ 120.59149483069838, 23.532845740302086 ], [ 120.591527437516419, 23.532885786192118 ], [ 120.591554937468715, 23.532929496951844 ], [ 120.591576923127448, 23.532976224980924 ], [ 120.591593068762293, 23.533025277976421 ], [ 120.591603135166281, 23.533075929189661 ], [ 120.591606973199774, 23.533127428193442 ], [ 120.591604526000083, 23.533179012000062 ], [ 120.591592852125743, 23.533330022840136 ], [ 120.59158794149613, 23.533481404605482 ], [ 120.591589803932067, 23.533632854546038 ], [ 120.591598435708832, 23.533784069775404 ], [ 120.591613819563648, 23.533934747876579 ], [ 120.591635924730184, 23.534084587506765 ], [ 120.591664707000064, 23.534233289000042 ], [ 120.59171879072845, 23.534294187183225 ], [ 120.591777698077593, 23.534350432739572 ], [ 120.591841030204577, 23.534401644848327 ], [ 120.591908358307734, 23.534447476768609 ], [ 120.591979226529901, 23.534487618187068 ], [ 120.592053155044937, 23.534521797318952 ], [ 120.592129643306393, 23.534549782748229 ], [ 120.592208173436589, 23.534571384994472 ], [ 120.592288213733013, 23.534586457795751 ], [ 120.592369222268317, 23.53459489909892 ], [ 120.592450650559485, 23.534596651750611 ], [ 120.5925319472815, 23.534591703884175 ], [ 120.592612562000113, 23.534580089000031 ], [ 120.593078826605151, 23.534399342591833 ], [ 120.593543221201074, 23.534213844329688 ], [ 120.594005697361666, 23.534023613557014 ], [ 120.59446620686073, 23.533828670110736 ], [ 120.594924701677201, 23.533629034319201 ], [ 120.595381134000036, 23.533424727000067 ], [ 120.59543901004119, 23.533356509871293 ], [ 120.595492526375125, 23.533284821554258 ], [ 120.595541475333548, 23.533209940233039 ], [ 120.595585666971687, 23.533132156482054 ], [ 120.595624929805382, 23.533051772138506 ], [ 120.59565911147655, 23.532969099131098 ], [ 120.59568807934437, 23.532884458269624 ], [ 120.595711721000043, 23.532798178000064 ], [ 120.595759961055151, 23.532698886215144 ], [ 120.595814527365519, 23.532602925393753 ], [ 120.595875191040193, 23.532510698065668 ], [ 120.59594169761138, 23.532422591099667 ], [ 120.596013768101969, 23.53233897408073 ], [ 120.59609110019565, 23.532260197759701 ], [ 120.596173369505166, 23.532186592582022 ], [ 120.596260230932927, 23.532118467301569 ], [ 120.596351320118657, 23.532056107685531 ], [ 120.596446254967773, 23.531999775315683 ], [ 120.596544637254183, 23.53194970649114 ], [ 120.596646054290701, 23.53190611123712 ], [ 120.5967500806602, 23.53186917242396 ], [ 120.596856280000111, 23.531839045000027 ], [ 120.597013362460984, 23.531818309886464 ], [ 120.597169388435546, 23.531790728376052 ], [ 120.597324059671394, 23.531756353192389 ], [ 120.597477080505826, 23.531715250045565 ], [ 120.597628158430979, 23.531667497506536 ], [ 120.59777700465294, 23.531613186856955 ], [ 120.597923334643838, 23.531552421914657 ], [ 120.598066868685734, 23.531485318835234 ], [ 120.598207332405266, 23.531412005889962 ], [ 120.598344457298211, 23.531332623220642 ], [ 120.598477981242638, 23.531247322571677 ], [ 120.598607649000087, 23.531156267000028 ], [ 120.598699155892632, 23.531088995873134 ], [ 120.59878626868506, 23.53101612422369 ], [ 120.598868645150858, 23.530937938331231 ], [ 120.598945961670395, 23.530854745352542 ], [ 120.599017914502269, 23.53076687211496 ], [ 120.599084220976536, 23.530674663832439 ], [ 120.599144620605273, 23.530578482749338 ], [ 120.599198876105817, 23.530478706717357 ], [ 120.599246774332997, 23.5303757277111 ], [ 120.599288127116495, 23.530269950288208 ], [ 120.59932277200005, 23.530161790000022 ], [ 120.599335001673055, 23.530070816160919 ], [ 120.599353971548041, 23.529981005537127 ], [ 120.599379576296769, 23.529892856792692 ], [ 120.59941167375159, 23.529806859364257 ], [ 120.599450085694727, 23.5297234907435 ], [ 120.599494598847926, 23.529643213825928 ], [ 120.599544966056584, 23.52956647434068 ], [ 120.599600907662051, 23.529493698375688 ], [ 120.59966211305445, 23.529425290011847 ], [ 120.599728242397276, 23.529361629079403 ], [ 120.599798928514318, 23.529303069048993 ], [ 120.599873778928327, 23.529249935069032 ], [ 120.599952378040228, 23.529202522160354 ], [ 120.600034289436749, 23.529161093578157 ], [ 120.600119058313467, 23.529125879350286 ], [ 120.600206214000082, 23.529097075000038 ], [ 120.600312814381084, 23.529053922990652 ], [ 120.600421841395061, 23.529017332727392 ], [ 120.600532891561031, 23.528987439621439 ], [ 120.600645553910795, 23.5289643542995 ], [ 120.600759411509912, 23.528948162194432 ], [ 120.600874043000616, 23.52893892322906 ], [ 120.60098902416118, 23.528936671594426 ], [ 120.601103929475826, 23.528941415623251 ], [ 120.601218333709468, 23.528953137759103 ], [ 120.60133181348138, 23.528971794621363 ], [ 120.601443948832056, 23.528997317165771 ], [ 120.601554324777325, 23.52902961093994 ], [ 120.601662532844131, 23.529068556432897 ], [ 120.601768172582183, 23.529114009517361 ], [ 120.601870853045924, 23.529165801983133 ], [ 120.601970194241289, 23.529223742159584 ], [ 120.602065828532005, 23.529287615624987 ], [ 120.602157402000103, 23.529357186000027 ], [ 120.602225310075411, 23.529476820848743 ], [ 120.602287553132541, 23.529599498497721 ], [ 120.602343995163466, 23.529724950882574 ], [ 120.602394512836014, 23.529852903875817 ], [ 120.602438995763436, 23.529983077885845 ], [ 120.602477346745573, 23.530115188467892 ], [ 120.602509481981215, 23.530248946945566 ], [ 120.602535331251289, 23.530384061041634 ], [ 120.602554838072265, 23.530520235516683 ], [ 120.602567959819538, 23.530657172814262 ], [ 120.602574667820619, 23.530794573711063 ], [ 120.602574947417793, 23.530932137970755 ], [ 120.602568798000107, 23.531069565000053 ], [ 120.602577445608674, 23.53120306111559 ], [ 120.602592723751584, 23.53133596172637 ], [ 120.602614594593234, 23.531467937710104 ], [ 120.602643003971465, 23.531598662234298 ], [ 120.602677881531761, 23.531727811565638 ], [ 120.602719140901442, 23.531855065871699 ], [ 120.602766679903539, 23.531980110013009 ], [ 120.602820380809902, 23.532102634323465 ], [ 120.602880110632697, 23.532222335377206 ], [ 120.602945721453736, 23.532338916740041 ], [ 120.603017050790811, 23.532452089703551 ], [ 120.603093922000085, 23.532561574000056 ], [ 120.603208268594287, 23.532689856227105 ], [ 120.60331792199247, 23.532822172536179 ], [ 120.603422739983159, 23.532958351323849 ], [ 120.603522586625971, 23.533098215977354 ], [ 120.603617332427987, 23.533241585103674 ], [ 120.603706854511628, 23.533388272764778 ], [ 120.603791036774098, 23.53353808871876 ], [ 120.603869770037875, 23.533690838666573 ], [ 120.603942952192341, 23.533846324504029 ], [ 120.604010488326239, 23.534004344578701 ], [ 120.604072290850709, 23.534164693951478 ], [ 120.604128279612951, 23.534327164662329 ], [ 120.6041783820001, 23.534491546000027 ], [ 120.604242694177117, 23.534627565952736 ], [ 120.604312891807709, 23.53476064403624 ], [ 120.604388840642073, 23.53489052574475 ], [ 120.604470395431548, 23.535016962685411 ], [ 120.604557400206275, 23.535139713053315 ], [ 120.604649688573616, 23.535258542093974 ], [ 120.604747084036234, 23.535373222552245 ], [ 120.604849400329741, 23.53548353510697 ], [ 120.604956441778896, 23.5355892687904 ], [ 120.605068003671775, 23.535690221391679 ], [ 120.605183872651352, 23.535786199843542 ], [ 120.60530382712345, 23.535877020591567 ], [ 120.605427637680592, 23.535962509945204 ], [ 120.605555067540749, 23.536042504409952 ], [ 120.605685873000084, 23.536116851000031 ], [ 120.605767248242628, 23.536160351976008 ], [ 120.605849675000059, 23.536201826000024 ], [ 120.60655589430614, 23.539294144234436 ], [ 120.606566106798198, 23.539437300588236 ], [ 120.606582865755996, 23.539579838912772 ], [ 120.606606136000096, 23.539721460000067 ], [ 120.606631025432307, 23.539840562810088 ], [ 120.60666049608993, 23.539958615525141 ], [ 120.606694504000075, 23.540075442000045 ], [ 120.606715988590921, 23.540206987189205 ], [ 120.606743347328447, 23.54033743727129 ], [ 120.606776525228128, 23.540466530072823 ], [ 120.606815455610317, 23.54059400614814 ], [ 120.60686006023424, 23.540719609300805 ], [ 120.606910249455282, 23.540843087098509 ], [ 120.606965922405109, 23.5409641913804 ], [ 120.607026967194386, 23.541082678755831 ], [ 120.607093261137706, 23.541198311093499 ], [ 120.607164671000078, 23.541310856000052 ], [ 120.607230390743908, 23.541416161725319 ], [ 120.607301384282735, 23.541517986564873 ], [ 120.607377467642948, 23.541616066648487 ], [ 120.607458443661145, 23.541710147810157 ], [ 120.607544102495012, 23.541799986246726 ], [ 120.607634222167121, 23.541885349149691 ], [ 120.607728569140178, 23.541966015308514 ], [ 120.607826898922198, 23.542041775683849 ], [ 120.607928956700107, 23.542112433949271 ], [ 120.608034478000036, 23.54217780700003 ], [ 120.608110143860827, 23.542233952758142 ], [ 120.608181840302052, 23.542295086128412 ], [ 120.608249239173304, 23.542360927307001 ], [ 120.608312031993918, 23.54243117494271 ], [ 120.608369931364848, 23.54250550751625 ], [ 120.608422672284107, 23.542583584811801 ], [ 120.608470013359579, 23.542665049474184 ], [ 120.608511737913958, 23.542749528644428 ], [ 120.608547654976419, 23.542836635666347 ], [ 120.608577600156693, 23.542925971856228 ], [ 120.608601436397436, 23.543017128327591 ], [ 120.608619054601576, 23.543109687862628 ], [ 120.608630374131636, 23.543203226821802 ], [ 120.60863534317879, 23.543297317082796 ], [ 120.608633939000015, 23.543391528000029 ], [ 120.608631670048041, 23.5434736622983 ], [ 120.608635811100086, 23.54355572351194 ], [ 120.608646336950187, 23.543637212146578 ], [ 120.60866318352906, 23.543717632193058 ], [ 120.608686248294106, 23.543796494146555 ], [ 120.608715390853533, 23.543873317986122 ], [ 120.60875043382093, 23.543947636096515 ], [ 120.608791163894978, 23.544018996114477 ], [ 120.608837333157808, 23.544086963682229 ], [ 120.608888660583986, 23.544151125091329 ], [ 120.608944833751139, 23.544211089800847 ], [ 120.609005510741568, 23.54426649281455 ], [ 120.609070322223502, 23.544316996902552 ], [ 120.609138873699123, 23.544362294654011 ], [ 120.609210747905806, 23.544402110348273 ], [ 120.609285507355992, 23.54443620163314 ], [ 120.609362697000051, 23.544464361000053 ], [ 120.60951287856183, 23.544585041221211 ], [ 120.609658462699883, 23.544711229477517 ], [ 120.609799247521195, 23.544842750773768 ], [ 120.609935037788375, 23.54497942271902 ], [ 120.610065645190346, 23.545121055779525 ], [ 120.610190888603555, 23.545267453541559 ], [ 120.610310594343076, 23.545418412983807 ], [ 120.610424596403547, 23.545573724758917 ], [ 120.610532736689322, 23.545733173483821 ], [ 120.610634865233735, 23.545896538038406 ], [ 120.610730840407101, 23.546063591872176 ], [ 120.610820529113084, 23.546234103318415 ], [ 120.610903806973283, 23.54640783591547 ], [ 120.610980558499733, 23.546584548734664 ], [ 120.611050677255051, 23.546763996714404 ], [ 120.611114066000027, 23.546945931000039 ], [ 120.611136254157842, 23.547072647697405 ], [ 120.611165023853999, 23.547198034061584 ], [ 120.611200296709811, 23.547321748496401 ], [ 120.611241976629699, 23.5474434539606 ], [ 120.611289950063053, 23.547562818886064 ], [ 120.611344086313522, 23.547679518081114 ], [ 120.611404237895044, 23.547793233616456 ], [ 120.611470240933784, 23.547903655691318 ], [ 120.61154191561441, 23.548010483477473 ], [ 120.61161906667013, 23.54811342593878 ], [ 120.611701483914558, 23.548212202624086 ], [ 120.611788942814385, 23.548306544431256 ], [ 120.611881205101071, 23.548396194340313 ], [ 120.611978019419979, 23.548480908113646 ], [ 120.61207912201516, 23.548560454961404 ], [ 120.612184237447877, 23.548634618170233 ], [ 120.61229307934704, 23.548703195693694 ], [ 120.612405351189381, 23.548766000702706 ], [ 120.61252074710724, 23.548822862094525 ], [ 120.612638952721909, 23.548873624958894 ], [ 120.612759646000086, 23.548918151000066 ], [ 120.613012553264966, 23.549017808291932 ], [ 120.613267947954824, 23.54911090615893 ], [ 120.613525659976261, 23.549197382597676 ], [ 120.613785517692506, 23.549277180014673 ], [ 120.614047348037744, 23.549350245264669 ], [ 120.614310976632424, 23.549416529686056 ], [ 120.61457622789932, 23.54947598913326 ], [ 120.614842925180497, 23.549528584006158 ], [ 120.615110890855021, 23.549574279276456 ], [ 120.615379946457153, 23.549613044511005 ], [ 120.615649912795291, 23.549644853892072 ], [ 120.615920610071257, 23.549669686234544 ], [ 120.616191858000093, 23.549687525000024 ], [ 120.616335557555189, 23.549689294504986 ], [ 120.616479184267135, 23.549684389314262 ], [ 120.616622428270475, 23.549672820010482 ], [ 120.616764980525389, 23.549654611553681 ], [ 120.616906533484482, 23.549629803227443 ], [ 120.617046781756287, 23.549598448554153 ], [ 120.617185422764095, 23.549560615179516 ], [ 120.61732215739876, 23.549516384726623 ], [ 120.617456690664042, 23.549465852619861 ], [ 120.617588732312996, 23.549409127879027 ], [ 120.617717997474188, 23.549346332884127 ], [ 120.617844207266273, 23.549277603111364 ], [ 120.61796708939967, 23.549203086840834 ], [ 120.618086378764005, 23.549122944836643 ], [ 120.618201818000102, 23.549037350000049 ], [ 120.618297752159648, 23.548990184158349 ], [ 120.618390450714656, 23.5489369398395 ], [ 120.618479529039902, 23.548877837965062 ], [ 120.61856461753122, 23.548813123760773 ], [ 120.61864536313908, 23.548743065739092 ], [ 120.618721430833475, 23.548667954585053 ], [ 120.618792504993991, 23.54858810195017 ], [ 120.618858290719444, 23.548503839159338 ], [ 120.618918515051391, 23.54841551583608 ], [ 120.618972928106814, 23.5483234984519 ], [ 120.61902130411481, 23.548228168805721 ], [ 120.619063442353465, 23.54812992243971 ], [ 120.619099167982597, 23.548029166998099 ], [ 120.619128332769307, 23.547926320535797 ], [ 120.619150815702895, 23.547821809783777 ], [ 120.619166523497114, 23.547716068378492 ], [ 120.619175390977119, 23.547609535062627 ], [ 120.6191773813499, 23.547502651864662 ], [ 120.619172486357002, 23.547395862264814 ], [ 120.619160726308763, 23.547289609354941 ], [ 120.619142150000016, 23.547184334000065 ], [ 120.618875634, 23.546004822000043 ], [ 120.618791130509109, 23.545923675024429 ], [ 120.618702512566927, 23.545847042577318 ], [ 120.618610021058359, 23.545775132964135 ], [ 120.618513907397571, 23.545708141652504 ], [ 120.618414432844602, 23.545646250740923 ], [ 120.618311867795214, 23.545589628463777 ], [ 120.618206491045882, 23.545538428734037 ], [ 120.618098589035952, 23.545492790724879 ], [ 120.617988455069053, 23.545452838491389 ], [ 120.617876388515796, 23.54541868063335 ], [ 120.617762694000021, 23.545390410000039 ], [ 120.617705740719828, 23.545391068762569 ], [ 120.617649098562879, 23.545385087445997 ], [ 120.617593539041934, 23.545372547520774 ], [ 120.617539818923376, 23.545353619790998 ], [ 120.617488669919425, 23.545328562067922 ], [ 120.617440788721566, 23.545297715658343 ], [ 120.617396827511115, 23.545261500715739 ], [ 120.61735738507592, 23.545220410517413 ], [ 120.617322998654402, 23.545175004745673 ], [ 120.6172941366179, 23.545125901864484 ], [ 120.61727119209111, 23.545073770695478 ], [ 120.617254477597342, 23.545019321308057 ], [ 120.617244220801751, 23.544963295347678 ], [ 120.617240561410341, 23.544906455934008 ], [ 120.617243549267045, 23.544849577266614 ], [ 120.617253143674759, 23.54479343407974 ], [ 120.617269213949797, 23.544738791089774 ], [ 120.617291541201766, 23.544686392579187 ], [ 120.617319821315149, 23.544636952258806 ], [ 120.617353669091514, 23.544591143546462 ], [ 120.617392623496329, 23.544549590394496 ], [ 120.617436153938527, 23.544512858791027 ], [ 120.617483667497709, 23.544481449050707 ], [ 120.617534517000081, 23.54445578900004 ], [ 120.619365479000066, 23.543402364000031 ], [ 120.619467248639864, 23.543366918609447 ], [ 120.619566757528176, 23.543325549340103 ], [ 120.619663661185584, 23.543278399403949 ], [ 120.619757624151447, 23.543225632024413 ], [ 120.619848321145227, 23.543167429871371 ], [ 120.619935438192456, 23.543103994428765 ], [ 120.620018673711769, 23.543035545297119 ], [ 120.620097739558815, 23.542962319433322 ], [ 120.620172362023823, 23.542884570330333 ], [ 120.62024228277906, 23.542802567139635 ], [ 120.620307259773199, 23.542716593739502 ], [ 120.620367068069186, 23.542626947752247 ], [ 120.620421500622911, 23.542533939513945 ], [ 120.620470369000031, 23.542437891000077 ], [ 120.620515059251431, 23.542316753807178 ], [ 120.620554247841241, 23.542193726604893 ], [ 120.620587855222752, 23.542069059119228 ], [ 120.620615813178219, 23.541943004405709 ], [ 120.620638064957348, 23.541815818335721 ], [ 120.620654565392513, 23.541687759077121 ], [ 120.620665280990423, 23.541559086570206 ], [ 120.620670190000055, 23.541430062000074 ], [ 120.620707343430951, 23.541305614667184 ], [ 120.620751184025607, 23.541183362802776 ], [ 120.620801583028481, 23.541063665448586 ], [ 120.620858392422647, 23.540946874144005 ], [ 120.620921445364488, 23.540833331893648 ], [ 120.620990556673689, 23.540723372159967 ], [ 120.621065523377112, 23.540617317883921 ], [ 120.621146125304918, 23.540515480536516 ], [ 120.621232125737123, 23.540418159204062 ], [ 120.621323272098905, 23.540325639709764 ], [ 120.621419296702328, 23.540238193774311 ], [ 120.621519917532567, 23.540156078217834 ], [ 120.621624839076077, 23.540079534205677 ], [ 120.621733753188593, 23.540008786540096 ], [ 120.621846340000047, 23.539944043000048 ], [ 120.62193436318293, 23.539864138481715 ], [ 120.622026712373156, 23.539789275674941 ], [ 120.62212309918759, 23.539719688357309 ], [ 120.622223222634645, 23.539655593832393 ], [ 120.62232677005413, 23.539597192251161 ], [ 120.622433418093692, 23.539544665986959 ], [ 120.622542833718512, 23.539498179066008 ], [ 120.622654675251297, 23.539457876655188 ], [ 120.622768593439275, 23.539423884608723 ], [ 120.622884232544777, 23.539396309075165 ], [ 120.623001231456186, 23.53937523616592 ], [ 120.623119224815511, 23.539360731686351 ], [ 120.623237844159391, 23.53935284093027 ], [ 120.623356719069648, 23.539351588538509 ], [ 120.62347547833005, 23.539356978421974 ], [ 120.623593751085494, 23.53936899374942 ], [ 120.623711168000114, 23.539387597000029 ], [ 120.62380795016243, 23.539392300290164 ], [ 120.623904816494985, 23.539389887512034 ], [ 120.624001244482798, 23.539380371680615 ], [ 120.624096713975391, 23.539363804126065 ], [ 120.624190709992618, 23.539340274216851 ], [ 120.624282725502482, 23.539309908877669 ], [ 120.624372264156278, 23.539272871904799 ], [ 120.624458842965851, 23.539229363082548 ], [ 120.624541994909038, 23.539179617105582 ], [ 120.624621271448831, 23.53912390231293 ], [ 120.624696244952844, 23.539062519240534 ], [ 120.624766511000075, 23.538995799000077 ], [ 120.624950384788775, 23.538949951690157 ], [ 120.625135794255826, 23.538910774202677 ], [ 120.625322497543721, 23.538878317642745 ], [ 120.625510251107258, 23.53885262434833 ], [ 120.625698810031167, 23.538833727835076 ], [ 120.625887928349627, 23.538821652752549 ], [ 120.626077359367144, 23.538816414852096 ], [ 120.62626685598029, 23.538818020966303 ], [ 120.626456171000086, 23.538826469000071 ], [ 120.626548017327721, 23.538835676974013 ], [ 120.626640298076268, 23.538837867437866 ], [ 120.626732477854176, 23.538833027683058 ], [ 120.626824021855754, 23.538821185788727 ], [ 120.626914398963862, 23.538802410458803 ], [ 120.627003084831458, 23.538776810623403 ], [ 120.627089564923665, 23.538744534806849 ], [ 120.627173337503024, 23.538705770265949 ], [ 120.627253916540425, 23.538660741903595 ], [ 120.627330834534931, 23.538609710963925 ], [ 120.627403645226167, 23.53855297351663 ], [ 120.627471926183361, 23.538490858739245 ], [ 120.627535281256186, 23.538423727007331 ], [ 120.627593342873197, 23.538351967803646 ], [ 120.62764577417434, 23.538275997458477 ], [ 120.627692270965326, 23.538196256734182 ], [ 120.627732563482567, 23.538113208267976 ], [ 120.627766417958171, 23.538027333887833 ], [ 120.627793637976339, 23.537939131817023 ], [ 120.62781406561281, 23.53784911378354 ], [ 120.627827582351173, 23.537757802051175 ], [ 120.627834109770447, 23.537665726389452 ], [ 120.627833610000039, 23.537573421000047 ], [ 120.627806418069767, 23.5374742047977 ], [ 120.627786097096987, 23.537373356823277 ], [ 120.627772742842652, 23.537271352314697 ], [ 120.62776641823757, 23.537168671959954 ], [ 120.627767153085969, 23.537065799631907 ], [ 120.627774943924905, 23.536963220108081 ], [ 120.627789754040705, 23.536861416786181 ], [ 120.627811513641873, 23.536760869406123 ], [ 120.627840120188068, 23.5366620517893 ], [ 120.627875438873247, 23.536565429605734 ], [ 120.627917303260972, 23.536471458179648 ], [ 120.627965516068699, 23.536380580343785 ], [ 120.628019850097459, 23.53629322435259 ], [ 120.628080049302554, 23.536209801864103 ], [ 120.628145830000108, 23.536130706000051 ], [ 120.628256841876492, 23.536078670615897 ], [ 120.628370536795586, 23.536032792698833 ], [ 120.628486573527681, 23.535993209941111 ], [ 120.628604603814608, 23.535960041141472 ], [ 120.628724273415031, 23.535933385848608 ], [ 120.628845223167559, 23.535913324062385 ], [ 120.628967090068727, 23.535899915993735 ], [ 120.629089508362426, 23.535893201883965 ], [ 120.629212110637695, 23.535893201883965 ], [ 120.629334528931395, 23.535899915993735 ], [ 120.629456395832563, 23.535913324062385 ], [ 120.629577345585091, 23.535933385848608 ], [ 120.629697015185513, 23.535960041141472 ], [ 120.629815045472441, 23.535993209941111 ], [ 120.629931082204536, 23.536032792698833 ], [ 120.630044777123629, 23.536078670615897 ], [ 120.630155789000014, 23.536130706000051 ], [ 120.630221229662766, 23.536209757142668 ], [ 120.630291823492556, 23.536284242541818 ], [ 120.630367252756102, 23.53635382694879 ], [ 120.630447177956455, 23.536418197173571 ], [ 120.630531239361119, 23.53647706349448 ], [ 120.63061905862105, 23.536530160962165 ], [ 120.630710240473661, 23.536577250592099 ], [ 120.630804374521716, 23.536618120440224 ], [ 120.630901037080619, 23.536652586556873 ], [ 120.630999793085252, 23.536680493814718 ], [ 120.631100198048188, 23.536701716606959 ], [ 120.631201800060239, 23.536716159412681 ], [ 120.631304141824501, 23.536723757226767 ], [ 120.631406762714519, 23.536724475852481 ], [ 120.631509200847532, 23.536718312055381 ], [ 120.631610995163371, 23.536705293577896 ], [ 120.631711687499546, 23.536685479014423 ], [ 120.631810824653485, 23.53665895754764 ], [ 120.63190796042224, 23.536625848547082 ], [ 120.632002657610869, 23.536586301031885 ], [ 120.6320944900001, 23.536540493000075 ], [ 120.632162530813702, 23.536504581664389 ], [ 120.632226945372224, 23.536462510997687 ], [ 120.632287177728045, 23.536414644102457 ], [ 120.632342708029199, 23.536361394107153 ], [ 120.632393057006112, 23.536303220600548 ], [ 120.632437790108042, 23.53624062566514 ], [ 120.632476521253594, 23.536174149543786 ], [ 120.632508916162962, 23.536104365976996 ], [ 120.632534695242924, 23.536031877251094 ], [ 120.632553636000011, 23.535957309000025 ], [ 120.632604570201167, 23.535911663846004 ], [ 120.63265986888922, 23.535871416758752 ], [ 120.632718962407196, 23.535836982341849 ], [ 120.632781242005805, 23.535808715319909 ], [ 120.632846066114553, 23.535786906884411 ], [ 120.632912766950739, 23.535771781693981 ], [ 120.632980657398647, 23.535763495560104 ], [ 120.633049038087862, 23.53576213384202 ], [ 120.633117204597724, 23.535767710567406 ], [ 120.63318445471397, 23.535780168287872 ], [ 120.633250095662476, 23.535799378670763 ], [ 120.633313451245954, 23.535825143821171 ], [ 120.633373868809656, 23.535857198320542 ], [ 120.633430725964715, 23.535895211960874 ], [ 120.633483436999683, 23.535938793146325 ], [ 120.633531458914163, 23.535987492927259 ], [ 120.633574297012544, 23.536040809625028 ], [ 120.633611510000037, 23.536098194000033 ], [ 120.633647941160632, 23.53615035868863 ], [ 120.633689898264677, 23.536198191581274 ], [ 120.633736870365979, 23.53624111017745 ], [ 120.633788285446585, 23.536278591822082 ], [ 120.633843517382743, 23.536310180070323 ], [ 120.633901893569686, 23.536335490246071 ], [ 120.63396270311253, 23.536354214126479 ], [ 120.634025205483411, 23.536366123695441 ], [ 120.634088639539499, 23.536371073920328 ], [ 120.634152232792076, 23.536369004518178 ], [ 120.63421521081375, 23.53635994068981 ], [ 120.634276806669291, 23.536343992812917 ], [ 120.634336270255275, 23.536321355097925 ], [ 120.634392877434664, 23.536292303222929 ], [ 120.634445938855222, 23.536257190976528 ], [ 120.634494808344343, 23.536216445949453 ], [ 120.634538890778032, 23.536170564327442 ], [ 120.634577649328193, 23.536120104848777 ], [ 120.634610612000074, 23.536065682000071 ], [ 120.635127795000017, 23.534819380000044 ], [ 120.635172579481619, 23.534701130928099 ], [ 120.635222964217562, 23.534585157348381 ], [ 120.635278834056635, 23.534471724311345 ], [ 120.635340061311766, 23.534361091061196 ], [ 120.635406506051837, 23.534253510443399 ], [ 120.635478016421501, 23.534149228326818 ], [ 120.635554428988229, 23.534048483041794 ], [ 120.63563556911582, 23.53395150483545 ], [ 120.635721251363492, 23.5338585153455 ], [ 120.635811279909788, 23.533769727093681 ], [ 120.635905449, 23.533685343000059 ], [ 120.636050895184113, 23.533565760992694 ], [ 120.636193846090265, 23.533443206974432 ], [ 120.6363342410001, 23.533317733000047 ], [ 120.63637992047461, 23.533286043276778 ], [ 120.63642910051847, 23.533260116914963 ], [ 120.636481057631613, 23.533240335323882 ], [ 120.636535027459772, 23.53322698951553 ], [ 120.636590216039124, 23.533220275823478 ], [ 120.636645811476498, 23.533220293014555 ], [ 120.636700995893321, 23.533227040835857 ], [ 120.63675495745764, 23.533240420018473 ], [ 120.636806902327237, 23.533260233737856 ], [ 120.636856066327937, 23.533286190509362 ], [ 120.636901726195674, 23.533317908476345 ], [ 120.636943210216572, 23.533354921027755 ], [ 120.636979908108685, 23.533396683662566 ], [ 120.637011280000024, 23.533442582000077 ], [ 120.637053270676191, 23.533489456929662 ], [ 120.637100194953334, 23.533531392453057 ], [ 120.637151475374964, 23.53356787250604 ], [ 120.637206480877268, 23.533598448160145 ], [ 120.637264534555101, 23.533622743147241 ], [ 120.637324921992061, 23.533640458489923 ], [ 120.637386900052164, 23.533651376180799 ], [ 120.637449706025023, 23.533655361865279 ], [ 120.637512567011854, 23.533652366494994 ], [ 120.637574709436834, 23.533642426931376 ], [ 120.637635368566905, 23.533625665492039 ], [ 120.637693797922566, 23.533602288445525 ], [ 120.637749278464298, 23.533572583472925 ], [ 120.637801127441051, 23.533536916127652 ], [ 120.637848706792283, 23.533495725336884 ], [ 120.637891431000071, 23.533449518000054 ], [ 120.637980971954448, 23.533344478834888 ], [ 120.638065487543102, 23.533235355400173 ], [ 120.638144791726248, 23.533122387903671 ], [ 120.638218709935686, 23.533005825014882 ], [ 120.638287079459104, 23.532885923317654 ], [ 120.638349749798195, 23.532762946745386 ], [ 120.638406583, 23.532637166000029 ], [ 120.63843678736302, 23.532588858164573 ], [ 120.638472335805602, 23.532544335600164 ], [ 120.638512758640204, 23.532504186565877 ], [ 120.63855752177588, 23.532468941535065 ], [ 120.638606033774948, 23.532439066186409 ], [ 120.638657653667536, 23.532414955251106 ], [ 120.638711699420355, 23.532396927297427 ], [ 120.638767456948202, 23.532385220521615 ], [ 120.638824189548856, 23.532379989600674 ], [ 120.638881147636866, 23.532381303648705 ], [ 120.638937578647486, 23.532389145303707 ], [ 120.638992736980015, 23.532403410956984 ], [ 120.6390458938492, 23.532423912122091 ], [ 120.639096346914272, 23.532450377925223 ], [ 120.639143429558828, 23.532482458684164 ], [ 120.639186519698427, 23.532519730528506 ], [ 120.639225048000071, 23.532561701000077 ], [ 120.639305051205497, 23.532675951084961 ], [ 120.639390225726657, 23.532786399696175 ], [ 120.63948039120335, 23.532892812954685 ], [ 120.639575356706828, 23.532994965526466 ], [ 120.639674921144135, 23.533092641099664 ], [ 120.639778873683852, 23.533185632842628 ], [ 120.639886994202641, 23.533273743841885 ], [ 120.639999053751296, 23.533356787519136 ], [ 120.640114815039539, 23.53343458802631 ], [ 120.640234032938579, 23.533506980617943 ], [ 120.640356455000074, 23.533573812000043 ], [ 120.640400386840113, 23.533609723359991 ], [ 120.640447772757767, 23.533640935651643 ], [ 120.640498112172651, 23.533667119151271 ], [ 120.640550873303866, 23.533687997258831 ], [ 120.640605498787764, 23.533703349419948 ], [ 120.640661411565844, 23.533713013455831 ], [ 120.640718020980756, 23.533716887276505 ], [ 120.640774729015916, 23.533714929959292 ], [ 120.640830936612943, 23.533707162181106 ], [ 120.640886050000063, 23.533693666000033 ], [ 120.640970863740236, 23.533679831298894 ], [ 120.64105426226142, 23.533659107975275 ], [ 120.641135687041881, 23.533631634813727 ], [ 120.641214592778041, 23.533597595802622 ], [ 120.641290451036468, 23.533557218901969 ], [ 120.64136275379272, 23.533510774516767 ], [ 120.641431016833621, 23.533458573686087 ], [ 120.641494783000098, 23.533400966000045 ], [ 120.641551839105816, 23.533358531415544 ], [ 120.641612369386522, 23.533321219510235 ], [ 120.641675915183754, 23.533289313009082 ], [ 120.641741994989431, 23.533263053678478 ], [ 120.641810108094418, 23.533242640494286 ], [ 120.641879738382627, 23.533228228134128 ], [ 120.641950358241715, 23.533219925805348 ], [ 120.642021432561052, 23.533217796417514 ], [ 120.642092422786376, 23.533221856105715 ], [ 120.642162791000686, 23.533232074108316 ], [ 120.642232004000107, 23.533248373000049 ], [ 120.642303251874196, 23.533268610477418 ], [ 120.642375962555022, 23.533282716219084 ], [ 120.642449609343061, 23.533290588046299 ], [ 120.642523658757895, 23.533292168937347 ], [ 120.642597574402529, 23.533287447440614 ], [ 120.642670820848991, 23.533276457757545 ], [ 120.642742867516816, 23.533259279494878 ], [ 120.642813192516471, 23.53323603708801 ], [ 120.64288128642977, 23.533206898899611 ], [ 120.642946656000049, 23.533172076000028 ], [ 120.64305692898678, 23.533120614316459 ], [ 120.643169722335287, 23.533074940505433 ], [ 120.643284732501968, 23.533035177481931 ], [ 120.643401649977491, 23.533001432254132 ], [ 120.643520160119607, 23.532973795635424 ], [ 120.643639944000029, 23.532952342000044 ], [ 120.643746034389409, 23.532830298739743 ], [ 120.643847493025277, 23.532704378632872 ], [ 120.643944178356477, 23.532574757358251 ], [ 120.644035955491432, 23.532441615758422 ], [ 120.644122696386262, 23.532305139587347 ], [ 120.644204280023445, 23.532165519251258 ], [ 120.644280592580671, 23.532022949542998 ], [ 120.644351527589663, 23.531877629370253 ], [ 120.644416986084636, 23.531729761478065 ], [ 120.64447687674047, 23.53157955216594 ], [ 120.644531116000053, 23.53142721100005 ], [ 120.644568347379135, 23.53133928159718 ], [ 120.644599457437664, 23.531249004691301 ], [ 120.644624299522022, 23.531156805850081 ], [ 120.644642756525968, 23.531063119701251 ], [ 120.644654741442722, 23.53096838788375 ], [ 120.644660197775053, 23.530873056965813 ], [ 120.6446590998017, 23.530777576339862 ], [ 120.644651452698511, 23.530682396104048 ], [ 120.644637292514133, 23.530587964940462 ], [ 120.644616686000063, 23.530494728000065 ], [ 120.644592734083261, 23.530431869752228 ], [ 120.644575586932305, 23.530366824930347 ], [ 120.644565438139821, 23.53030032789545 ], [ 120.644562402286454, 23.530233129404142 ], [ 120.64456651364722, 23.530165988132545 ], [ 120.644577725804567, 23.530099662110747 ], [ 120.644595912172349, 23.530034900164619 ], [ 120.64462086742509, 23.529972433461491 ], [ 120.644652309816081, 23.529912967255221 ], [ 120.644689884358328, 23.529857172923833 ], [ 120.644733166832353, 23.5298056803896 ], [ 120.644781668575718, 23.529759071007177 ], [ 120.644834842000023, 23.529717871000059 ], [ 120.644865975439103, 23.529671858417608 ], [ 120.644902499430685, 23.529629996181498 ], [ 120.644943866272286, 23.529592912044873 ], [ 120.644989455639546, 23.529561162109971 ], [ 120.645038583888407, 23.529535222488999 ], [ 120.645090514306872, 23.529515482164488 ], [ 120.645144468162428, 23.529502237156233 ], [ 120.645199636379758, 23.529495686082289 ], [ 120.645255191673328, 23.529495927180523 ], [ 120.64531030095317, 23.529502956835511 ], [ 120.645364137817538, 23.529516669632713 ], [ 120.645415894945501, 23.52953685993927 ], [ 120.645464796203157, 23.529563224987591 ], [ 120.64551010828238, 23.529595369415564 ], [ 120.645551151697248, 23.529632811195292 ], [ 120.645587310973397, 23.529674988861426 ], [ 120.645618043877533, 23.529721269930739 ], [ 120.645642889548512, 23.529770960386632 ], [ 120.645661475408346, 23.529823315086393 ], [ 120.645673522749235, 23.529877548935147 ], [ 120.645678850912972, 23.529932848658873 ], [ 120.645677380000052, 23.529988385000024 ], [ 120.645709059024654, 23.530080548047351 ], [ 120.645747426929702, 23.53017013315635 ], [ 120.64579227612488, 23.530256655625017 ], [ 120.645843363952721, 23.530339647321817 ], [ 120.645900414001545, 23.53041865921853 ], [ 120.645963117600914, 23.530493263819718 ], [ 120.646031135491754, 23.530563057475714 ], [ 120.646104099661926, 23.530627662566555 ], [ 120.646181615337355, 23.530686729545113 ], [ 120.646263263117916, 23.530739938828336 ], [ 120.646348601246686, 23.530787002526338 ], [ 120.646437168000034, 23.53082766600005 ], [ 120.646539431132169, 23.530870308759418 ], [ 120.646638953918142, 23.530919005455313 ], [ 120.646735378355672, 23.530973580916516 ], [ 120.646828357587836, 23.531033838824762 ], [ 120.646917557150744, 23.531099562420962 ], [ 120.647002656176682, 23.531170515284916 ], [ 120.647083348548378, 23.531246442185743 ], [ 120.647159344000102, 23.531327070000032 ], [ 120.647188056782085, 23.531364956218237 ], [ 120.647222043354361, 23.531398193280143 ], [ 120.647260560341493, 23.531426054204065 ], [ 120.647302765275981, 23.531447929598553 ], [ 120.647347735025264, 23.53146334099138 ], [ 120.647394485983014, 23.531471951294971 ], [ 120.647441995583236, 23.531473572179426 ], [ 120.647489224666401, 23.53146816819174 ], [ 120.647535140208632, 23.531455857531299 ], [ 120.647578737916646, 23.531436909464517 ], [ 120.647619064194274, 23.531411738435299 ], [ 120.647655237000095, 23.531380895000041 ], [ 120.647721925641122, 23.531329881767014 ], [ 120.647785042504964, 23.531274510418047 ], [ 120.647844303323922, 23.53121503033632 ], [ 120.647899441197325, 23.53115170941005 ], [ 120.6479502077935, 23.531084832825972 ], [ 120.64799637446832, 23.531014701784898 ], [ 120.648037733294885, 23.530941632145158 ], [ 120.648074098000052, 23.530865953000045 ], [ 120.648135409941446, 23.530827022668547 ], [ 120.648200252664594, 23.530794309580614 ], [ 120.648267997739595, 23.53076813077849 ], [ 120.648337988608091, 23.530748739976723 ], [ 120.648409546946425, 23.530736325103263 ], [ 120.648481979239591, 23.530731006478121 ], [ 120.648554583502616, 23.530732835647306 ], [ 120.648626656083792, 23.530741794883237 ], [ 120.648697498484339, 23.530757797356557 ], [ 120.648766424127857, 23.530780687977654 ], [ 120.648832765014376, 23.530810244899723 ], [ 120.648895878194423, 23.530846181668821 ], [ 120.648955152000099, 23.530888150000067 ], [ 120.649035884533575, 23.530907186590316 ], [ 120.649117959828416, 23.530919177407892 ], [ 120.649200764169947, 23.530924032791944 ], [ 120.649283678392052, 23.530921716436531 ], [ 120.649366082507015, 23.530912245662112 ], [ 120.649447360341398, 23.530895691286009 ], [ 120.649526904143499, 23.530872177092906 ], [ 120.649604119127758, 23.530841878909225 ], [ 120.649678427922282, 23.530805023288405 ], [ 120.649749274886076, 23.530761885816851 ], [ 120.649816130263829, 23.530712789053261 ], [ 120.649878494147188, 23.530658100116685 ], [ 120.649935900212725, 23.530598227941432 ], [ 120.649987919208925, 23.530533620219263 ], [ 120.650034162165852, 23.530464760051789 ], [ 120.650074283303681, 23.530392162338124 ], [ 120.650107982618223, 23.530316369924723 ], [ 120.650135008124238, 23.530237949546279 ], [ 120.650155157739576, 23.530157487587992 ], [ 120.650168280796322, 23.530075585700889 ], [ 120.650174279167359, 23.529992856303 ], [ 120.650173108000104, 23.529909918000044 ], [ 120.650181997310142, 23.529853051125887 ], [ 120.65019772629401, 23.529797684526965 ], [ 120.650220062155057, 23.529744637655988 ], [ 120.650248674311641, 23.52969469563255 ], [ 120.650283139289883, 23.529648597622995 ], [ 120.650322946991238, 23.529607025900376 ], [ 120.650367508242311, 23.529570595746488 ], [ 120.650416163514819, 23.529539846345404 ], [ 120.650468192686958, 23.529515232803281 ], [ 120.650522825701572, 23.529497119412561 ], [ 120.650579253963372, 23.529485774260269 ], [ 120.650636642306509, 23.529481365260207 ], [ 120.650694141355473, 23.529483957667725 ], [ 120.650750900096284, 23.52949351311393 ], [ 120.650806078471817, 23.529509890173543 ], [ 120.650858859815202, 23.529532846458093 ], [ 120.650908462936769, 23.529562042203349 ], [ 120.650954153686072, 23.529597045298026 ], [ 120.650995255817733, 23.529637337679226 ], [ 120.651031161000105, 23.529682323000031 ], [ 120.651103453854489, 23.529734003838371 ], [ 120.651179666300337, 23.529779707546581 ], [ 120.651259305295071, 23.529819138452808 ], [ 120.65134185562863, 23.529852041465961 ], [ 120.651426783256639, 23.529878203725961 ], [ 120.651513538755196, 23.529897455980812 ], [ 120.651601560875349, 23.529909673681551 ], [ 120.651690280173952, 23.529914777787969 ], [ 120.65177912269759, 23.529912735279982 ], [ 120.651867513695692, 23.529903559371228 ], [ 120.651954881338725, 23.529887309423575 ], [ 120.652040660417555, 23.529864090563116 ], [ 120.652124296000011, 23.529834053000059 ], [ 120.652229638501368, 23.529798231348018 ], [ 120.652332583302297, 23.529756010484586 ], [ 120.652432742089729, 23.52970754966902 ], [ 120.652529737059609, 23.529653031697997 ], [ 120.652623202341942, 23.529592662216096 ], [ 120.652712785380899, 23.529526668940086 ], [ 120.652798148264665, 23.529455300799988 ], [ 120.652878969000085, 23.529378827000073 ], [ 120.652915896784634, 23.529319276432215 ], [ 120.652947008463286, 23.529256491124571 ], [ 120.652972023389367, 23.529191037439592 ], [ 120.652990715912722, 23.529123505810151 ], [ 120.653002917415179, 23.52905450541347 ], [ 120.653008517831609, 23.528984658675967 ], [ 120.653007466642791, 23.528914595658573 ], [ 120.652999773331089, 23.528844948373205 ], [ 120.652985507294972, 23.52877634508161 ], [ 120.652964797222907, 23.528709404628074 ], [ 120.65293782993264, 23.528644730857046 ], [ 120.652904848685836, 23.528582907166086 ], [ 120.65286615099383, 23.528524491243274 ], [ 120.652822085933849, 23.528470010036493 ], [ 120.652773051000054, 23.528419955000061 ], [ 120.652686845791479, 23.528329168411531 ], [ 120.65260535952828, 23.52823412351924 ], [ 120.652528802257095, 23.528135065319834 ], [ 120.65245737131913, 23.528032249155036 ], [ 120.652391250841504, 23.527925940053457 ], [ 120.652330611262542, 23.527816412047418 ], [ 120.652275608892566, 23.527703947466605 ], [ 120.652226385510815, 23.527588836210292 ], [ 120.652183068000113, 23.527471375000061 ], [ 120.652125729484212, 23.527363123673084 ], [ 120.652062462136001, 23.527258227067566 ], [ 120.651993461605471, 23.527157009569155 ], [ 120.651918941272086, 23.5270597841861 ], [ 120.651839131584907, 23.526966851581314 ], [ 120.651754279350016, 23.526878499142576 ], [ 120.651664646967177, 23.526795000093813 ], [ 120.651570511618459, 23.526716612650173 ], [ 120.651472164411047, 23.526643579219517 ], [ 120.651369909477026, 23.526576125652777 ], [ 120.651264063032826, 23.526514460545535 ], [ 120.651154952401441, 23.526458774592957 ], [ 120.651042915000062, 23.526409240000078 ], [ 120.650956329801573, 23.52635638584858 ], [ 120.650873474119749, 23.526297858129354 ], [ 120.650794719123624, 23.526233919029316 ], [ 120.650720417612362, 23.526164854976791 ], [ 120.650650902434819, 23.526090975358368 ], [ 120.650586484998485, 23.526012611132952 ], [ 120.650527453874503, 23.525930113349173 ], [ 120.650474073504881, 23.52584385157277 ], [ 120.650426583017961, 23.525754212231078 ], [ 120.650385195157099, 23.52566159688191 ], [ 120.650350095327724, 23.525566420414727 ], [ 120.650321440766703, 23.525469109192038 ], [ 120.650299359838058, 23.525370099139426 ], [ 120.650283951457794, 23.525269833792741 ], [ 120.650275284650945, 23.525168762311171 ], [ 120.650273398242234, 23.525067337465153 ], [ 120.650278300682231, 23.52496601360809 ], [ 120.650289970009425, 23.524865244640988 ], [ 120.650308353948688, 23.524765481979109 ], [ 120.650333370145404, 23.524667172529764 ], [ 120.65036490653435, 23.524570756690302 ], [ 120.650402821841851, 23.524476666375254 ], [ 120.650446946218466, 23.524385323081489 ], [ 120.650497082000015, 23.52429713600003 ], [ 120.650568484705829, 23.524185975745432 ], [ 120.650645377958682, 23.5240785402938 ], [ 120.6507275678387, 23.52397510059048 ], [ 120.650814847068261, 23.52387591750378 ], [ 120.65090699553474, 23.523781241167104 ], [ 120.651003780845599, 23.523691310348116 ], [ 120.651104958914459, 23.523606351846592 ], [ 120.651210274576712, 23.523526579922432 ], [ 120.651319462233005, 23.523452195755333 ], [ 120.651432246519036, 23.523383386937404 ], [ 120.651548343000059, 23.523320327000079 ], [ 120.651673145963002, 23.523279975956552 ], [ 120.651799903116469, 23.523246262304731 ], [ 120.651928261731129, 23.523219279860186 ], [ 120.65205786462127, 23.52319910370742 ], [ 120.65218835113869, 23.523185789990968 ], [ 120.6523193581763, 23.523179375759135 ], [ 120.652450521178565, 23.523179878860919 ], [ 120.652581475155927, 23.523187297896325 ], [ 120.652711855700502, 23.523201612220277 ], [ 120.652841300000091, 23.523222782000062 ], [ 120.652916556739783, 23.523224839309833 ], [ 120.652991710265113, 23.523220394422406 ], [ 120.653066199833134, 23.523209480502409 ], [ 120.653139469654889, 23.523192178981866 ], [ 120.65321097304232, 23.523168618952596 ], [ 120.653280176487243, 23.523138976203025 ], [ 120.653346563642089, 23.523103471906584 ], [ 120.653409639172395, 23.523062370971441 ], [ 120.653468932452768, 23.523015980063981 ], [ 120.65352400107831, 23.522964645320641 ], [ 120.653574434165535, 23.522908749765296 ], [ 120.653619855418057, 23.522848710451417 ], [ 120.653659925934363, 23.52278497535028 ], [ 120.653694346736316, 23.522718020008551 ], [ 120.653722861, 23.522648344000061 ], [ 120.653776119194333, 23.522532917050654 ], [ 120.653823381601242, 23.522414908234015 ], [ 120.653864523583735, 23.522294628754519 ], [ 120.653899436645133, 23.522172395804557 ], [ 120.6539280287152, 23.522048531728082 ], [ 120.653950224393, 23.521923363170533 ], [ 120.653965965145687, 23.521797220217433 ], [ 120.653975209462871, 23.521670435523909 ], [ 120.653977932966114, 23.521543343437443 ], [ 120.653974128473166, 23.521416279116153 ], [ 120.653963806016989, 23.521289577644929 ], [ 120.653946992819215, 23.521163573151785 ], [ 120.653923733218392, 23.521038597926712 ], [ 120.653894088553074, 23.520914981545396 ], [ 120.653858137000043, 23.520793050000066 ], [ 120.653783771555112, 23.520651185602002 ], [ 120.653714857396068, 23.520506594573508 ], [ 120.653651494314744, 23.520359486291063 ], [ 120.653593774064703, 23.52021007377629 ], [ 120.653541780228295, 23.520058573387463 ], [ 120.653495588095737, 23.519905204506241 ], [ 120.653455264556015, 23.519750189219959 ], [ 120.653420868000012, 23.519593752000048 ], [ 120.653400947434861, 23.519492783461718 ], [ 120.653387730181052, 23.519390720839517 ], [ 120.653381273806588, 23.519288008669463 ], [ 120.65338160643239, 23.519185094316679 ], [ 120.653388726609677, 23.519082426026912 ], [ 120.653402603326356, 23.518980450974166 ], [ 120.653423176142098, 23.518879613313043 ], [ 120.65345035545154, 23.518780352244203 ], [ 120.653484022874594, 23.518683100101434 ], [ 120.653524031772065, 23.518588280468592 ], [ 120.6535702078843, 23.518496306334686 ], [ 120.653622350090231, 23.518407578295097 ], [ 120.653680231283317, 23.518322482806763 ], [ 120.653743599360752, 23.518241390504961 ], [ 120.653812178321459, 23.518164654589015 ], [ 120.653885669468266, 23.518092609283897 ], [ 120.653963752708862, 23.518025568384534 ], [ 120.654046087949951, 23.517963823889044 ], [ 120.654132316578568, 23.517907644726947 ], [ 120.654222063024022, 23.517857275587819 ], [ 120.654314936393689, 23.51781293585557 ], [ 120.654410532175547, 23.517774818652878 ], [ 120.654508434000036, 23.517743090000067 ], [ 120.654762551343893, 23.517683831386623 ], [ 120.655015157120076, 23.517618428561359 ], [ 120.655266102793064, 23.517546919981996 ], [ 120.655515240803496, 23.517469347696519 ], [ 120.655762424654924, 23.517385757318458 ], [ 120.656007509, 23.517296198000054 ], [ 120.656068245259888, 23.517253082532434 ], [ 120.656124702007276, 23.517204497838492 ], [ 120.656176388470627, 23.517150866259001 ], [ 120.656222855345845, 23.517092654006692 ], [ 120.656263698702105, 23.517030367113517 ], [ 120.656298563493138, 23.516964547031787 ], [ 120.656327146643576, 23.516895765927384 ], [ 120.656349199683618, 23.516824621706 ], [ 120.656364530908903, 23.516751732815603 ], [ 120.656373007046966, 23.516677732870363 ], [ 120.656374554415777, 23.516603265142709 ], [ 120.656369159564264, 23.516528976971451 ], [ 120.656356869389185, 23.516455514134528 ], [ 120.656337790727548, 23.516383515235358 ], [ 120.6563120894278, 23.51631360615152 ], [ 120.656279988908167, 23.516246394594091 ], [ 120.656241768214556, 23.516182464824883 ], [ 120.656197759594733, 23.51612237257752 ], [ 120.65614834561022, 23.516066640226523 ], [ 120.656093955810732, 23.516015752246375 ], [ 120.656035063000104, 23.515970151000033 ], [ 120.655930240865231, 23.51588273539214 ], [ 120.655829875384399, 23.515790237074761 ], [ 120.65573421274523, 23.51569288293808 ], [ 120.655643487599718, 23.515590911783175 ], [ 120.655557922488612, 23.515484573736263 ], [ 120.655477727295533, 23.515374129635152 ], [ 120.655403098732222, 23.515259850389448 ], [ 120.655334219855916, 23.515142016316023 ], [ 120.655271259620406, 23.515020916451427 ], [ 120.655214372461572, 23.514896847842902 ], [ 120.655163697918582, 23.514770114819761 ], [ 120.655119360291607, 23.514641028246892 ], [ 120.655081468336917, 23.514509904762228 ], [ 120.655050115000108, 23.514377066000065 ], [ 120.655041005865058, 23.514320699572881 ], [ 120.655038882130455, 23.514263641355193 ], [ 120.655043775894711, 23.514206753733287 ], [ 120.655055613192786, 23.514150896515051 ], [ 120.655074215113984, 23.51409691393469 ], [ 120.655099300506166, 23.514045621892869 ], [ 120.655130490224991, 23.513997795625048 ], [ 120.655167312864492, 23.513954157984472 ], [ 120.655209211881868, 23.513915368516855 ], [ 120.655255554009202, 23.513882013491916 ], [ 120.655305638824771, 23.51385459704241 ], [ 120.655358709339325, 23.513833533544584 ], [ 120.655413963437269, 23.513819141355242 ], [ 120.655470566000076, 23.51381163800005 ], [ 120.655552659648777, 23.513786175145245 ], [ 120.655632528329676, 23.513754414824977 ], [ 120.655709689779741, 23.513716548814401 ], [ 120.655783678082713, 23.513672805756045 ], [ 120.65585404648246, 23.513623449779224 ], [ 120.655920370080551, 23.513568778905185 ], [ 120.655982248401855, 23.513509123247573 ], [ 120.656039307812705, 23.513444843019158 ], [ 120.656091203777009, 23.513376326356791 ], [ 120.656137622936555, 23.513303986977757 ], [ 120.656178285003193, 23.513228261681665 ], [ 120.656212944451255, 23.513149607712968 ], [ 120.656241392000084, 23.513068500000031 ], [ 120.65625651034857, 23.512987532931028 ], [ 120.656264793588477, 23.512905584052692 ], [ 120.65626618350143, 23.512823229339009 ], [ 120.656260670318474, 23.512741047616359 ], [ 120.656248292788788, 23.512659616495263 ], [ 120.65622913790726, 23.512579508310679 ], [ 120.656203340303122, 23.512501286099354 ], [ 120.656171081293664, 23.512425499642564 ], [ 120.656132587609875, 23.512352681602 ], [ 120.656088129802853, 23.512283343775959 ], [ 120.656038020342322, 23.512217973502224 ], [ 120.655982611420328, 23.5121570302328 ], [ 120.655922292475992, 23.512100942304709 ], [ 120.655857487458277, 23.512050103929411 ], [ 120.655788651846322, 23.512004872422132 ], [ 120.655716269448106, 23.511965565690474 ], [ 120.655640849000065, 23.511932460000025 ], [ 120.65556716762633, 23.511923109034385 ], [ 120.655494628375294, 23.51190715778198 ], [ 120.655423821254274, 23.511884735984371 ], [ 120.655355322182103, 23.511856026012133 ], [ 120.655289688304777, 23.511821261381513 ], [ 120.65522745346388, 23.511780724855104 ], [ 120.655169123854492, 23.511734746141951 ], [ 120.655115173907987, 23.51168369921583 ], [ 120.655066042433191, 23.511627999273475 ], [ 120.655022129047254, 23.511568099357529 ], [ 120.654983790925371, 23.511504486671654 ], [ 120.654951339895561, 23.511437678617806 ], [ 120.654925039902452, 23.511368218587883 ], [ 120.654905104860418, 23.511296671543963 ], [ 120.654891696913708, 23.511223619423124 ], [ 120.654884925117543, 23.511149656404179 ], [ 120.654884844551219, 23.511075384074854 ], [ 120.654891455870029, 23.511001406538682 ], [ 120.65490470529997, 23.510928325501464 ], [ 120.654924485075071, 23.51085673537721 ], [ 120.654950634314034, 23.510787218453395 ], [ 120.654982940328622, 23.510720340154855 ], [ 120.655021140353739, 23.510656644444829 ], [ 120.655064923684563, 23.510596649400561 ], [ 120.655113934203726, 23.51054084299945 ], [ 120.65516777327791, 23.510489679150041 ], [ 120.655226003000053, 23.510443574000078 ], [ 120.655299286909425, 23.510427609405475 ], [ 120.655370896136205, 23.510405304287357 ], [ 120.655440283219946, 23.51037682917082 ], [ 120.655506917688783, 23.510342401751259 ], [ 120.655570290114824, 23.510302285230093 ], [ 120.65562991600892, 23.510256786302552 ], [ 120.655685339524524, 23.510206252812942 ], [ 120.65573613694275, 23.510151071095365 ], [ 120.655781919911746, 23.510091663020123 ], [ 120.655822338415675, 23.510028482768508 ], [ 120.655857083450599, 23.5099620133605 ], [ 120.655885889386923, 23.509892762962043 ], [ 120.655908536000084, 23.50982126100007 ], [ 120.655934838898162, 23.50973944244787 ], [ 120.65596779768164, 23.509660070938352 ], [ 120.656007187948674, 23.509583686877221 ], [ 120.656052741508248, 23.509510810329949 ], [ 120.656104148206211, 23.509441937480901 ], [ 120.656161058036957, 23.509377537255006 ], [ 120.656223083526498, 23.509318048125085 ], [ 120.656289802370551, 23.509263875126457 ], [ 120.656360760309838, 23.509215387099243 ], [ 120.656435474222974, 23.509172914177093 ], [ 120.656513435415775, 23.509136745539454 ], [ 120.656594113084779, 23.509107127442675 ], [ 120.656676957931197, 23.509084261543347 ], [ 120.656761405900937, 23.509068303525321 ], [ 120.656846882024894, 23.509059362039729 ], [ 120.656932804333735, 23.509057497965209 ], [ 120.657018587820275, 23.509062723993424 ], [ 120.657103648422449, 23.509075004542652 ], [ 120.657187407000038, 23.509094256000026 ], [ 120.657285804475919, 23.509100608363994 ], [ 120.657384405623603, 23.509100129341537 ], [ 120.657482736734408, 23.50909282123402 ], [ 120.657580325396964, 23.50907871915172 ], [ 120.657676702766892, 23.509057890845156 ], [ 120.657771405819148, 23.509030436379593 ], [ 120.657863979572653, 23.508996487654294 ], [ 120.657953979276073, 23.508956207768843 ], [ 120.658040972544569, 23.508909790239567 ], [ 120.65812454143709, 23.508857458069819 ], [ 120.658204284464276, 23.508799462678617 ], [ 120.658279818517386, 23.508736082692742 ], [ 120.658350780708759, 23.508667622608147 ], [ 120.658416830115314, 23.508594411327053 ], [ 120.658477649416454, 23.508516800577819 ], [ 120.658532946418489, 23.508435163225133 ], [ 120.658582455458486, 23.508349891478666 ], [ 120.658625938680572, 23.50826139500877 ], [ 120.658663187178647, 23.508170098978308 ], [ 120.658694022000077, 23.508076442000061 ], [ 120.658707902717282, 23.507979008105874 ], [ 120.658715780835976, 23.507880906254247 ], [ 120.658717626687377, 23.507782505894088 ], [ 120.658713433320074, 23.507684177598478 ], [ 120.658703216526149, 23.507586291669107 ], [ 120.658687014781805, 23.507489216741725 ], [ 120.658664889102326, 23.507393318397867 ], [ 120.658636922812462, 23.507298957788088 ], [ 120.658603221232468, 23.507206490271884 ], [ 120.658563911281604, 23.507116264079404 ], [ 120.658519141000056, 23.507028619000039 ], [ 120.65847623539635, 23.506967155989564 ], [ 120.658438742533079, 23.506902249305089 ], [ 120.658406937048539, 23.506834374393389 ], [ 120.658381051920486, 23.506764028443737 ], [ 120.658361276759621, 23.506691726745981 ], [ 120.658347756420625, 23.506617998915964 ], [ 120.658340589941062, 23.506543385016073 ], [ 120.658339829815986, 23.506468431599234 ], [ 120.658345481613381, 23.506393687705359 ], [ 120.658357503933374, 23.50631970083958 ], [ 120.658375808711483, 23.50624701296174 ], [ 120.658400261863704, 23.506176156516503 ], [ 120.658430684268708, 23.506107650533114 ], [ 120.658466853079887, 23.506041996823516 ], [ 120.658508503357723, 23.505979676306495 ], [ 120.658555330010557, 23.505921145484947 ], [ 120.658606990029284, 23.505866833101919 ], [ 120.658663105000073, 23.505817137000065 ], [ 120.658790999381722, 23.505727974427053 ], [ 120.658922821522253, 23.505644728643091 ], [ 120.659058297897317, 23.505567572379032 ], [ 120.659197147400178, 23.505496665730274 ], [ 120.659339081925054, 23.505432155824575 ], [ 120.659483806964872, 23.505374176516778 ], [ 120.659631022222399, 23.505322848111049 ], [ 120.659780422233311, 23.50527827711127 ], [ 120.659931697000047, 23.505240556000047 ], [ 120.660005549149929, 23.505246332679366 ], [ 120.660079615447074, 23.505245031259644 ], [ 120.660153219067197, 23.505236663633365 ], [ 120.660225687414027, 23.505221306264634 ], [ 120.66029635826547, 23.505199099490422 ], [ 120.66036458582515, 23.505170246238162 ], [ 120.660429746623677, 23.505135010171394 ], [ 120.660491245215994, 23.50509371328036 ], [ 120.660548519622594, 23.50504673293965 ], [ 120.66060104646499, 23.504994498459713 ], [ 120.660648345748299, 23.504937487163772 ], [ 120.660689985247544, 23.504876220026024 ], [ 120.660725584457367, 23.504811256910909 ], [ 120.66075481806908, 23.504743191457028 ], [ 120.660777418943397, 23.504672645652434 ], [ 120.660793180551551, 23.504600264150834 ], [ 120.660801958862606, 23.504526708380695 ], [ 120.660803673659572, 23.504452650501051 ], [ 120.660798309272508, 23.504378767259265 ], [ 120.660785914721643, 23.504305733806831 ], [ 120.660766603269451, 23.504234217529802 ], [ 120.660740551385672, 23.504164871950152 ], [ 120.660707997134679, 23.504098330753823 ], [ 120.660669238000082, 23.504035202000068 ], [ 120.660608808968519, 23.50399307266466 ], [ 120.660552358809866, 23.503945744783394 ], [ 120.660500333340693, 23.503893592129437 ], [ 120.6604531434335, 23.50383702657971 ], [ 120.660411161771776, 23.503776494862105 ], [ 120.660374719906784, 23.50371247502742 ], [ 120.660344105639084, 23.503645472673945 ], [ 120.660319560745663, 23.503576016954497 ], [ 120.660301279070438, 23.503504656397407 ], [ 120.660289404993406, 23.503431954574513 ], [ 120.660284032290406, 23.503358485650335 ], [ 120.660285203392476, 23.503284829847594 ], [ 120.660292909050838, 23.503211568864891 ], [ 120.660307088409837, 23.503139281282724 ], [ 120.660327629487639, 23.503068537994135 ], [ 120.660354370060517, 23.502999897696064 ], [ 120.660387098944142, 23.502933902477043 ], [ 120.660425557661313, 23.502871073536003 ], [ 120.66046944248329, 23.502811907066132 ], [ 120.660518406828587, 23.50275687033615 ], [ 120.660572064, 23.502706398000043 ], [ 120.660911780198916, 23.502524928701487 ], [ 120.661253897434577, 23.502348027601467 ], [ 120.661598354281466, 23.502175726461733 ], [ 120.661945088894015, 23.502008056218134 ], [ 120.662294039017652, 23.50184504697506 ], [ 120.662645142000088, 23.501686728000038 ], [ 120.662706479760175, 23.501654346446443 ], [ 120.662770801013977, 23.501628391444346 ], [ 120.66283743456647, 23.501609133835299 ], [ 120.662905685093705, 23.501596774573272 ], [ 120.662974840398491, 23.501591442627696 ], [ 120.663044178842298, 23.501593193637646 ], [ 120.663112976875482, 23.501602009331261 ], [ 120.663180516587659, 23.501617797716403 ], [ 120.663246093199021, 23.501640394040596 ], [ 120.663309022414836, 23.501669562510234 ], [ 120.66336864756606, 23.501704998751094 ], [ 120.663424346461696, 23.501746332984485 ], [ 120.663475537881382, 23.501793133885922 ], [ 120.663521687640468, 23.501844913086 ], [ 120.663562314164267, 23.501901130266557 ], [ 120.663596993513238, 23.501961198798909 ], [ 120.663625363806915, 23.502024491865367 ], [ 120.663647129000083, 23.502090349000071 ], [ 120.663663842548132, 23.50214348060339 ], [ 120.66368672877222, 23.502194259838387 ], [ 120.663715465765961, 23.502241972469324 ], [ 120.663749649328935, 23.502285947393794 ], [ 120.66378879865195, 23.502325566082146 ], [ 120.663832363079905, 23.502360271277389 ], [ 120.663879729856973, 23.502389574833323 ], [ 120.663930232745358, 23.502413064580541 ], [ 120.663983161396288, 23.502430410123811 ], [ 120.66403777134137, 23.502441367489251 ], [ 120.664093294463996, 23.502445782555952 ], [ 120.66414894980322, 23.502443593223756 ], [ 120.664203954538422, 23.502434830286731 ], [ 120.664257535000047, 23.502419617000044 ], [ 120.664362751292316, 23.502344957710093 ], [ 120.664471953413695, 23.502276260006937 ], [ 120.664584803956444, 23.502213736149617 ], [ 120.664700954240089, 23.502157579321501 ], [ 120.664820045388751, 23.50210796303341 ], [ 120.664941709440015, 23.502065040587492 ], [ 120.665065570481829, 23.502028944603577 ], [ 120.665191245813958, 23.501999786609385 ], [ 120.665318347130508, 23.501977656695971 ], [ 120.66544648171957, 23.501962623239326 ], [ 120.665575253676735, 23.50195473268915 ], [ 120.665704265128255, 23.501954009425305 ], [ 120.665833117460409, 23.501960455682493 ], [ 120.665961412551113, 23.501974051543367 ], [ 120.666088754000043, 23.501994755000055 ], [ 120.666330299925889, 23.501995453923971 ], [ 120.666571799863547, 23.501990689167709 ], [ 120.666813130242389, 23.501980463169296 ], [ 120.667054167578513, 23.501964781161174 ], [ 120.66729478853803, 23.501943651167498 ], [ 120.667534870000054, 23.50191708400007 ], [ 120.667599114030224, 23.50192267983169 ], [ 120.667662484960701, 23.501934626961702 ], [ 120.667724356469677, 23.501952807311557 ], [ 120.667784117054794, 23.501977041197144 ], [ 120.667841176076834, 23.502007089104691 ], [ 120.667894969597285, 23.502042654057981 ], [ 120.667944965951946, 23.50208338455349 ], [ 120.667990671005654, 23.502128878034455 ], [ 120.668031633035966, 23.502178684869502 ], [ 120.668067447197743, 23.502232312796554 ], [ 120.668097759524457, 23.502289231788058 ], [ 120.668122270426508, 23.502348879289471 ], [ 120.668140737652266, 23.502410665779234 ], [ 120.668152978682286, 23.502473980595262 ], [ 120.668158872533297, 23.50253819797036 ], [ 120.668158360953839, 23.502602683216974 ], [ 120.668151449000106, 23.502666799000053 ], [ 120.668144530181635, 23.502757633494497 ], [ 120.668144307250188, 23.502848730836558 ], [ 120.668150781412038, 23.502939598106014 ], [ 120.668163917636022, 23.503029743627526 ], [ 120.668183644843111, 23.503118679631093 ], [ 120.668209856291, 23.503205924891297 ], [ 120.66824241015172, 23.503291007331214 ], [ 120.668281130278999, 23.503373466576747 ], [ 120.668325807161395, 23.503452856447691 ], [ 120.668376199055984, 23.503528747371984 ], [ 120.668432033296341, 23.503600728710065 ], [ 120.668493007768021, 23.503668410976832 ], [ 120.668558792543124, 23.503731427949095 ], [ 120.66862903166566, 23.503789438647203 ], [ 120.668703345077503, 23.503842129180025 ], [ 120.668781330674904, 23.503889214443426 ], [ 120.668862566484165, 23.503930439662913 ], [ 120.668946612945035, 23.503965581772206 ], [ 120.669033015289003, 23.503994450620244 ], [ 120.669121306000079, 23.504016890000059 ], [ 120.669223546914864, 23.504065814603134 ], [ 120.669322853731202, 23.5041204495523 ], [ 120.66941890783896, 23.504180619559992 ], [ 120.669511401063772, 23.504246131580306 ], [ 120.669600036655837, 23.504316775428322 ], [ 120.669684530241923, 23.504392324454482 ], [ 120.669764610737772, 23.504472536271731 ], [ 120.669840021217837, 23.504557153533192 ], [ 120.669910519739588, 23.504645904757826 ], [ 120.669975880119694, 23.504738505201423 ], [ 120.670035892659769, 23.504834657770168 ], [ 120.670090364819103, 23.504934053973816 ], [ 120.670139121832435, 23.505036374915434 ], [ 120.670182007270625, 23.505141292314534 ], [ 120.670218883542546, 23.505248469560307 ], [ 120.670249632336549, 23.505357562791577 ], [ 120.670274155000016, 23.505468222000047 ], [ 120.670330765315853, 23.505613118216253 ], [ 120.670393873790033, 23.505755304579232 ], [ 120.67046335115424, 23.50589448984136 ], [ 120.670539055094409, 23.506030388902325 ], [ 120.670620830542305, 23.506162723393118 ], [ 120.670708509993062, 23.506291222246208 ], [ 120.670801913848365, 23.506415622250806 ], [ 120.670900850784307, 23.506535668592004 ], [ 120.671005118143299, 23.506651115372726 ], [ 120.67111450234917, 23.506761726117404 ], [ 120.671228779344617, 23.506867274256386 ], [ 120.671347715050217, 23.506967543589997 ], [ 120.671471065843861, 23.507062328731426 ], [ 120.671598579059804, 23.507151435527401 ], [ 120.67172999350619, 23.507234681455905 ], [ 120.671865040000057, 23.507311896000033 ], [ 120.671949691685512, 23.507357954920227 ], [ 120.672037346390354, 23.50739800469799 ], [ 120.672127578193084, 23.507431850728132 ], [ 120.672219948649854, 23.507459328549981 ], [ 120.672314008924971, 23.507480304646517 ], [ 120.672409301971712, 23.507494677093138 ], [ 120.672505364753263, 23.507502376052937 ], [ 120.672601730492559, 23.507503364116022 ], [ 120.672697930940473, 23.507497636481322 ], [ 120.672793498651046, 23.507485220979881 ], [ 120.672887969252812, 23.507466177939655 ], [ 120.672980883705279, 23.507440599892362 ], [ 120.673071790529391, 23.507408611123861 ], [ 120.673160248001324, 23.50737036707023 ], [ 120.673245826298881, 23.507326053562508 ], [ 120.673328109590003, 23.507275885923718 ], [ 120.673406698053341, 23.507220107922578 ], [ 120.673481209821006, 23.507158990589037 ], [ 120.673551282834126, 23.507092830897296 ], [ 120.673616576602114, 23.507021950322798 ], [ 120.673676773857125, 23.506946693280145 ], [ 120.673731582095698, 23.506867425449567 ], [ 120.673780735000037, 23.50678453200004 ], [ 120.673815539208491, 23.506719762644039 ], [ 120.673856481708953, 23.506658687984338 ], [ 120.67390317378559, 23.506601887875341 ], [ 120.673955172134953, 23.506549901588059 ], [ 120.674011983074863, 23.50650322269016 ], [ 120.674073067231475, 23.506462294359952 ], [ 120.674137844660223, 23.50642750517877 ], [ 120.674205700351905, 23.506399185441694 ], [ 120.67427599007172, 23.506377604021679 ], [ 120.674348046475743, 23.506362965816823 ], [ 120.674421185446803, 23.506355409805014 ], [ 120.674494712589649, 23.506355007724466 ], [ 120.67456792982361, 23.506361763392608 ], [ 120.674640142010418, 23.506375612669842 ], [ 120.674710663553853, 23.506396424068505 ], [ 120.674778824908998, 23.506424000001232 ], [ 120.674843978939052, 23.506458078656884 ], [ 120.674905507059265, 23.506498336486246 ], [ 120.674962825110015, 23.506544391273845 ], [ 120.67501538890285, 23.5065958057668 ], [ 120.675062699387141, 23.506652091826158 ], [ 120.675104307388196, 23.506712715061397 ], [ 120.675139817871738, 23.506777099904024 ], [ 120.675168893694533, 23.506844635072131 ], [ 120.675191258805185, 23.506914679374027 ], [ 120.67520670086509, 23.506986567795824 ], [ 120.675215073264397, 23.507059617815209 ], [ 120.67521629651398, 23.507133135881443 ], [ 120.675210359000062, 23.50720642400006 ], [ 120.675244647371656, 23.507289988160437 ], [ 120.675284771817616, 23.507370912138111 ], [ 120.675330530550028, 23.507448788962225 ], [ 120.675381693445871, 23.507523226986208 ], [ 120.675438003204306, 23.507593851857404 ], [ 120.675499176640656, 23.507660308399686 ], [ 120.675564906110537, 23.507722262399678 ], [ 120.675634861057063, 23.507779402287518 ], [ 120.675708689673215, 23.507831440703761 ], [ 120.67578602067104, 23.507878115944525 ], [ 120.675866465148985, 23.507919193277619 ], [ 120.675949618547619, 23.507954466123017 ], [ 120.676035062684193, 23.507983757091761 ], [ 120.676122367855768, 23.508006918878049 ], [ 120.676211095000099, 23.508023835000074 ], [ 120.676297256965825, 23.50799166524445 ], [ 120.676380813406951, 23.507953232203192 ], [ 120.676461309759105, 23.507908744960023 ], [ 120.676538308105421, 23.507858445534772 ], [ 120.6766113895589, 23.507802607566756 ], [ 120.676680156541266, 23.50774153482611 ], [ 120.676744234945886, 23.507675559561221 ], [ 120.676803276172905, 23.507605040691224 ], [ 120.676856959025827, 23.507530361853409 ], [ 120.67690499145877, 23.507451929316151 ], [ 120.676947112165323, 23.507370169768738 ], [ 120.676983092000114, 23.507285528000068 ], [ 120.678345445000105, 23.503706685000054 ], [ 120.678367591019338, 23.503651755273875 ], [ 120.678383709924617, 23.50359476490733 ], [ 120.678393615275297, 23.503536373084152 ], [ 120.678397192500327, 23.503477255198135 ], [ 120.678394400223453, 23.503418095041138 ], [ 120.678385270741771, 23.503359576893949 ], [ 120.678369909652176, 23.503302377611504 ], [ 120.678348494629958, 23.503247158793972 ], [ 120.678321273373726, 23.503194559134318 ], [ 120.67828856074037, 23.503145187030807 ], [ 120.678250735103248, 23.503099613549907 ], [ 120.678208233975653, 23.503058365821005 ], [ 120.678161548950357, 23.503021920939336 ], [ 120.678111220013534, 23.50299070044759 ], [ 120.67805782929895, 23.502965065460149 ], [ 120.678001994354645, 23.50294531248618 ], [ 120.677944361000073, 23.502931670000066 ], [ 120.677877184503672, 23.502890908986508 ], [ 120.677813541230918, 23.502844825630213 ], [ 120.677753851863045, 23.502793724541601 ], [ 120.67769851094603, 23.502737943498229 ], [ 120.677647884282663, 23.502677851212109 ], [ 120.677602306514558, 23.502613844892505 ], [ 120.677562078910199, 23.502546347620395 ], [ 120.677527467373537, 23.502475805551914 ], [ 120.677498700686428, 23.502402684969262 ], [ 120.677475968996305, 23.502327469198583 ], [ 120.677459422559352, 23.502250655415192 ], [ 120.677449170747309, 23.502172751357243 ], [ 120.677445281324538, 23.502094271969597 ], [ 120.67744778000008, 23.502015736000033 ], [ 120.677488239838425, 23.501928412447658 ], [ 120.67753435035506, 23.501843936287866 ], [ 120.677585912231905, 23.501762672678701 ], [ 120.677642702586738, 23.501684972891592 ], [ 120.677704475936608, 23.501611172792927 ], [ 120.677770965259029, 23.501541591392236 ], [ 120.677841883146144, 23.50147652946324 ], [ 120.677916923047121, 23.501416268243709 ], [ 120.677995760593248, 23.50136106821979 ], [ 120.678078055000015, 23.501311168000029 ], [ 120.678220988117189, 23.501175839155199 ], [ 120.678359302647948, 23.501035793224112 ], [ 120.678492843004477, 23.500891187742177 ], [ 120.678621458969417, 23.50074218537376 ], [ 120.678745005864727, 23.500588953729221 ], [ 120.678863344714514, 23.500431665176357 ], [ 120.678976342401313, 23.500270496646522 ], [ 120.679083871815848, 23.500105629435591 ], [ 120.679185812000014, 23.499937249000027 ], [ 120.679253971478332, 23.499814266176458 ], [ 120.679328143685723, 23.499694813369764 ], [ 120.679408146239126, 23.499579184304103 ], [ 120.679493782419158, 23.499467663301392 ], [ 120.679584841653835, 23.499360524582162 ], [ 120.679681100036319, 23.499258031591296 ], [ 120.679782320875574, 23.49916043635023 ], [ 120.679888255278257, 23.499067978837253 ], [ 120.679998642760793, 23.498980886397426 ], [ 120.680113211889889, 23.498899373183551 ], [ 120.680231680949916, 23.498823639629602 ], [ 120.680353758635661, 23.498753871957867 ], [ 120.680479144768611, 23.498690241721032 ], [ 120.680607531035079, 23.498632905380372 ], [ 120.680738601744281, 23.498582003921008 ], [ 120.680872034604647, 23.498537662505246 ], [ 120.681007501516262, 23.498499990164806 ], [ 120.681144669377659, 23.498469079532725 ], [ 120.681283200904886, 23.498445006615587 ], [ 120.681422755460858, 23.498427830606623 ], [ 120.681562989892953, 23.498417593740154 ], [ 120.681703559376757, 23.498414321187756 ], [ 120.681844118264038, 23.498418020996358 ], [ 120.681984320932585, 23.49842868406844 ], [ 120.682123822636143, 23.498446284184432 ], [ 120.68226228035202, 23.498470778067166 ], [ 120.682399353624618, 23.498502105488289 ], [ 120.682534705402588, 23.498540189416378 ], [ 120.682668002867544, 23.498584936206331 ], [ 120.68279891825253, 23.498636235829647 ], [ 120.682927129647879, 23.498693962144969 ], [ 120.6830523217928, 23.498757973208267 ], [ 120.683174186850621, 23.498828111621851 ], [ 120.683292425165646, 23.498904204921395 ], [ 120.68340674600006, 23.498986066000043 ], [ 120.683728470225617, 23.4991864341557 ], [ 120.684053239122861, 23.499381828727 ], [ 120.68438097581064, 23.499572203459021 ], [ 120.684711602705249, 23.499757513285175 ], [ 120.6850450415388, 23.499937714337854 ], [ 120.685381213377752, 23.500112763958835 ], [ 120.685720038641577, 23.50028262070937 ], [ 120.686061437121623, 23.500447244380002 ], [ 120.686405328000092, 23.500606596000068 ], [ 120.688315253000042, 23.501927666000029 ], [ 120.688399373749846, 23.502000573391285 ], [ 120.688487636923639, 23.502068407014232 ], [ 120.688579736936973, 23.502130932015557 ], [ 120.688675354921571, 23.502187931921448 ], [ 120.68877415982918, 23.502239209387049 ], [ 120.688875809577866, 23.502284586879718 ], [ 120.688979952236252, 23.502323907293675 ], [ 120.689086227242015, 23.502357034493933 ], [ 120.689194266650262, 23.502383853787631 ], [ 120.689303696407364, 23.502404272321115 ], [ 120.68941413764604, 23.502418219401413 ], [ 120.68952520799705, 23.502425646740999 ], [ 120.689636522913077, 23.502426528624969 ], [ 120.68974769700003, 23.502420862000065 ], [ 120.689856423892124, 23.502429872216943 ], [ 120.689964359891718, 23.502445763757645 ], [ 120.690071069924556, 23.502468472565685 ], [ 120.690176123858123, 23.50249790710518 ], [ 120.690279098235365, 23.502533948729809 ], [ 120.690379577981602, 23.502576452161048 ], [ 120.690477158077698, 23.50262524607378 ], [ 120.690571445192532, 23.502680133786878 ], [ 120.690662059268533, 23.502740894055993 ], [ 120.690748635053609, 23.502807281965367 ], [ 120.690830823573435, 23.502879029915039 ], [ 120.690908293538087, 23.502955848699518 ], [ 120.690980732677474, 23.503037428673512 ], [ 120.691047849000029, 23.503123441000071 ], [ 120.691151413210861, 23.503171590229634 ], [ 120.691257494390214, 23.503213906626666 ], [ 120.691365764328978, 23.503250259266629 ], [ 120.691475888046114, 23.503280535676524 ], [ 120.69158752482511, 23.503304642182869 ], [ 120.691700329268116, 23.503322504201499 ], [ 120.691813952364612, 23.503334066468348 ], [ 120.691928042571192, 23.503339293210416 ], [ 120.692042246899263, 23.503338168256462 ], [ 120.692156212007134, 23.503330695087033 ], [ 120.692269585293232, 23.503316896823687 ], [ 120.692382015987064, 23.503296816157466 ], [ 120.692493156234463, 23.503270515216808 ], [ 120.692602662173826, 23.503238075375329 ], [ 120.692710195000018, 23.503199597000048 ], [ 120.692876475255929, 23.50325444269015 ], [ 120.69304042293183, 23.503315910834697 ], [ 120.693201774393984, 23.50338390259072 ], [ 120.693360270183476, 23.503458308625039 ], [ 120.693515655433373, 23.503539009290083 ], [ 120.693667680278665, 23.503625874816294 ], [ 120.693816100257933, 23.503718765520791 ], [ 120.693960676706538, 23.503817532032002 ], [ 120.694101177140368, 23.503922015529838 ], [ 120.694237375629712, 23.504032048001086 ], [ 120.694369053162504, 23.504147452509603 ], [ 120.694495997996555, 23.504268043480796 ], [ 120.694618006000042, 23.50439362700007 ], [ 120.694712476758355, 23.504596421739887 ], [ 120.694813406116609, 23.504796080687385 ], [ 120.694920690128129, 23.504992398214736 ], [ 120.695034218301601, 23.50518517213543 ], [ 120.695153873714901, 23.505374203912503 ], [ 120.695279533135462, 23.505559298862998 ], [ 120.695411067147219, 23.505740266358487 ], [ 120.695548340283921, 23.505916920021384 ], [ 120.69569121116858, 23.506089077916897 ], [ 120.695839532659164, 23.506256562740408 ], [ 120.695993152000028, 23.506419202000075 ], [ 120.696077801816827, 23.506473522709403 ], [ 120.696165966016864, 23.506521931435689 ], [ 120.696257232357652, 23.506564201827047 ], [ 120.696351174091603, 23.506600136233523 ], [ 120.696447351961382, 23.506629566631272 ], [ 120.696545316253818, 23.506652355408207 ], [ 120.696644608902702, 23.506668396007449 ], [ 120.69674476563064, 23.506677613425587 ], [ 120.696845318119912, 23.506679964563371 ], [ 120.696945796202286, 23.50667543842723 ], [ 120.697045730057468, 23.506664056180696 ], [ 120.697144652409847, 23.506645871045432 ], [ 120.697242100713495, 23.506620968052378 ], [ 120.697337619314879, 23.506589463644161 ], [ 120.697430761583462, 23.506551505130627 ], [ 120.697521092000102, 23.506507270000043 ], [ 120.697677616513928, 23.506455791909485 ], [ 120.697836033212837, 23.506410470096434 ], [ 120.697996100065055, 23.506371373804345 ], [ 120.698157572517644, 23.506338562765215 ], [ 120.698320203870182, 23.506312087108324 ], [ 120.698483745651643, 23.506291987283642 ], [ 120.69864794800003, 23.506278294000026 ], [ 120.698778807485922, 23.506223974447163 ], [ 120.698906829021183, 23.506163267731026 ], [ 120.699031701079761, 23.506096321574596 ], [ 120.699153119799519, 23.506023298883836 ], [ 120.699270789721623, 23.505944377351259 ], [ 120.699384424509532, 23.505859749023561 ], [ 120.699493747645761, 23.505769619834279 ], [ 120.699598493104688, 23.505674209102679 ], [ 120.699698406000039, 23.505573749000064 ], [ 120.699785676876587, 23.505529071501535 ], [ 120.69986981228422, 23.505478737438033 ], [ 120.699950446107422, 23.50542296583841 ], [ 120.7000272274678, 23.505361999392992 ], [ 120.700099822250976, 23.505296103397495 ], [ 120.700167914560495, 23.505225564598582 ], [ 120.700231208092418, 23.505150689946095 ], [ 120.700289427424693, 23.505071805257366 ], [ 120.700342319215707, 23.504989253799405 ], [ 120.700389653306615, 23.504903394795186 ], [ 120.700431223722958, 23.504814601860485 ], [ 120.700466849570915, 23.504723261378082 ], [ 120.700496375824471, 23.504629770816429 ], [ 120.70051967400002, 23.50453453700004 ], [ 120.700522707460181, 23.504406007679144 ], [ 120.700519061052248, 23.504277494287159 ], [ 120.700508744619881, 23.504149343752886 ], [ 120.700491786012861, 23.504021902025581 ], [ 120.700468231011854, 23.503895513141032 ], [ 120.700438143204849, 23.503770518292814 ], [ 120.700401603815507, 23.503647254911243 ], [ 120.700358711483844, 23.503526055752438 ], [ 120.700309582000045, 23.50340724800003 ], [ 120.700297865002511, 23.503338894509227 ], [ 120.700292836712038, 23.503269726568451 ], [ 120.700294544596275, 23.503200397131213 ], [ 120.700302972532583, 23.50313156067557 ], [ 120.700318040960269, 23.503063867025766 ], [ 120.700339607631591, 23.50299795521784 ], [ 120.700367468954639, 23.50293444746702 ], [ 120.70040136191524, 23.502873943293952 ], [ 120.700440966559839, 23.502817013865162 ], [ 120.700485909015924, 23.502764196601159 ], [ 120.700535765021442, 23.502715990103148 ], [ 120.700590063929809, 23.502672849446142 ], [ 120.700648293152923, 23.502635181883026 ], [ 120.700709903000075, 23.502603343000033 ], [ 120.700788843974038, 23.502573594846634 ], [ 120.700869777201035, 23.502549794788489 ], [ 120.700952255189193, 23.502532074419669 ], [ 120.701035821905393, 23.502520531718744 ], [ 120.70112001529678, 23.502515230507026 ], [ 120.701204369845556, 23.502516200095705 ], [ 120.701288419142813, 23.502523435123784 ], [ 120.70137169846744, 23.502536895587713 ], [ 120.701453747355643, 23.502556507062575 ], [ 120.701534112146859, 23.502582161113601 ], [ 120.701612348492162, 23.502613715895713 ], [ 120.70168802381113, 23.502650996937813 ], [ 120.70176071968362, 23.502693798107455 ], [ 120.701830034163322, 23.502741882750584 ], [ 120.701895584000113, 23.502794985000037 ], [ 120.70194562962854, 23.502835948313614 ], [ 120.701999899399041, 23.502871124299624 ], [ 120.702057727206821, 23.502900081209528 ], [ 120.702118403275833, 23.50292246362746 ], [ 120.702181182870618, 23.502937996832586 ], [ 120.702245295437137, 23.502946490171016 ], [ 120.70230995406051, 23.502947839395873 ], [ 120.702374365123561, 23.502942027946837 ], [ 120.702437738047678, 23.502929127153376 ], [ 120.702499294996315, 23.502909295359281 ], [ 120.702558280422153, 23.502882775979135 ], [ 120.702613970340579, 23.502849894510671 ], [ 120.702665681215947, 23.502811054539617 ], [ 120.702712778351213, 23.502766732786107 ], [ 120.702754683678137, 23.502717473253441 ], [ 120.70279088285254, 23.502663880550998 ], [ 120.702820931567345, 23.502606612473308 ], [ 120.702844461005881, 23.502546371926286 ], [ 120.702861182368849, 23.502483898299822 ], [ 120.702870890418964, 23.502419958392515 ], [ 120.702873466000028, 23.50235533700004 ], [ 120.702873364492234, 23.502272971605333 ], [ 120.702880014384164, 23.502190875031186 ], [ 120.702893370925082, 23.502109599749804 ], [ 120.702913344231632, 23.502029692706468 ], [ 120.702939799892619, 23.501951691638848 ], [ 120.702972559873629, 23.501876121458263 ], [ 120.703011403715038, 23.501803490717297 ], [ 120.703056070015663, 23.501734288187439 ], [ 120.703106258191809, 23.50166897956991 ], [ 120.703161630500148, 23.501608004361682 ], [ 120.703221814310481, 23.501551772897869 ], [ 120.703286404613436, 23.501500663590377 ], [ 120.703354966745991, 23.50145502038135 ], [ 120.70342703931648, 23.501415150428603 ], [ 120.703502137309641, 23.501381322038586 ], [ 120.703579755350518, 23.501353762860816 ], [ 120.703659371105374, 23.501332658355885 ], [ 120.703740448796765, 23.501318150547416 ], [ 120.703822442809127, 23.50131033706629 ], [ 120.703904801360423, 23.501309270493635 ], [ 120.703986970215482, 23.501314958007004 ], [ 120.704068396415664, 23.501327361332041 ], [ 120.70414853200009, 23.501346397000077 ], [ 120.704235362525893, 23.501346341271191 ], [ 120.70432191602309, 23.50133941051098 ], [ 120.704407648999251, 23.50132564823954 ], [ 120.70449202311417, 23.501305140873836 ], [ 120.704574508560299, 23.501278017185076 ], [ 120.70465458738957, 23.50124444749013 ], [ 120.704731756765668, 23.501204642582049 ], [ 120.704805532121554, 23.501158852406459 ], [ 120.704875450202096, 23.501107364492061 ], [ 120.704941071973053, 23.501050502145187 ], [ 120.705001985377848, 23.500988622419651 ], [ 120.705057807924987, 23.50092211387474 ], [ 120.705108189089842, 23.500851394135314 ], [ 120.705152812515635, 23.500776907269451 ], [ 120.705191398000011, 23.500699121000025 ], [ 120.705250753714807, 23.500622483978677 ], [ 120.705315611672546, 23.500550443856262 ], [ 120.705385617043532, 23.500483394755197 ], [ 120.705460386837203, 23.500421703492652 ], [ 120.705539511997458, 23.500365707573742 ], [ 120.705622559640531, 23.500315713345071 ], [ 120.705709075423243, 23.500271994318759 ], [ 120.705798586028664, 23.500234789676078 ], [ 120.70589060175557, 23.500204302958938 ], [ 120.705984619197523, 23.500180700956321 ], [ 120.706080123996969, 23.500164112791801 ], [ 120.706176593659208, 23.500154629217135 ], [ 120.706273500410873, 23.500152302115765 ], [ 120.70637031408738, 23.500157144218967 ], [ 120.706466505033291, 23.500169129036209 ], [ 120.706561547000092, 23.500188191000063 ], [ 120.708196564000104, 23.500318059000051 ], [ 120.708352344741641, 23.500357373025057 ], [ 120.708506358610052, 23.500403121908523 ], [ 120.708658339922906, 23.500455226731116 ], [ 120.708808026504116, 23.500513597609149 ], [ 120.708955160136099, 23.50057813384965 ], [ 120.709099487005247, 23.500648724124055 ], [ 120.709240758139771, 23.500725246660263 ], [ 120.709378729839202, 23.500807569452693 ], [ 120.709513164094773, 23.50089555049 ], [ 120.709643829000015, 23.500989038000057 ], [ 120.715340692000041, 23.506014090000065 ], [ 120.715429619108363, 23.50613502670306 ], [ 120.715512789593745, 23.506259992246651 ], [ 120.715590021233766, 23.506388712837484 ], [ 120.715661144817702, 23.50652090645508 ], [ 120.715726004517279, 23.506656283469727 ], [ 120.715784458228086, 23.50679454727706 ], [ 120.715836377880933, 23.506935394947874 ], [ 120.715881649722391, 23.507078517891859 ], [ 120.715920174564118, 23.507223602533692 ], [ 120.715951868000047, 23.507370331000061 ], [ 120.715948587877008, 23.507480934206423 ], [ 120.715952012119246, 23.50759153304471 ], [ 120.715962128155979, 23.507701721493586 ], [ 120.715978898850054, 23.50781109503831 ], [ 120.716002262634248, 23.507919252155748 ], [ 120.7160321337374, 23.508025795788413 ], [ 120.716068402499175, 23.508130334802111 ], [ 120.716110935772662, 23.508232485421836 ], [ 120.716159577413251, 23.508331872640664 ], [ 120.716214148851734, 23.508428131596439 ], [ 120.71627444974996, 23.508520908911215 ], [ 120.716340258736253, 23.508609863988575 ], [ 120.716411334218094, 23.508694670263978 ], [ 120.716487415269015, 23.508775016403618 ], [ 120.71656822258656, 23.508850607447375 ], [ 120.716653459517559, 23.50892116589165 ], [ 120.716742813147235, 23.508986432708102 ], [ 120.716835955447891, 23.509046168294574 ], [ 120.716932544483228, 23.509100153354716 ], [ 120.71703222566353, 23.509148189703026 ], [ 120.717134633047465, 23.509190100992424 ], [ 120.717239390685521, 23.509225733361642 ], [ 120.717346114000065, 23.509254956000063 ], [ 120.717524599850904, 23.509307706658049 ], [ 120.717704942092638, 23.509353712165481 ], [ 120.717886885916457, 23.50939290752034 ], [ 120.718070174250627, 23.509425237342807 ], [ 120.718254548123781, 23.50945065595349 ], [ 120.718439747030715, 23.509469127437978 ], [ 120.718625509300537, 23.509480625697567 ], [ 120.718811572466407, 23.509485134486169 ], [ 120.718997673636309, 23.509482647433227 ], [ 120.71918354986451, 23.50947316805275 ], [ 120.719368938523161, 23.50945670973832 ], [ 120.719553577673253, 23.509433295744191 ], [ 120.719737206434786, 23.509402959152418 ], [ 120.719919565355397, 23.509365742826116 ], [ 120.720100396776843, 23.509321699348909 ], [ 120.720279445199154, 23.509270890950621 ], [ 120.720456457641575, 23.509213389419358 ], [ 120.720631184000013, 23.509149276000073 ], [ 120.72070902862572, 23.509131594698719 ], [ 120.72078518299675, 23.509107658827279 ], [ 120.720859145466164, 23.509077626057028 ], [ 120.720930428825554, 23.509041694220965 ], [ 120.720998563514485, 23.509000100010642 ], [ 120.721063100713579, 23.508953117417018 ], [ 120.721123615300925, 23.508901055925612 ], [ 120.721179708652542, 23.508844258477847 ], [ 120.721231011268202, 23.508783099212028 ], [ 120.721277185205366, 23.508717980998782 ], [ 120.721317926305318, 23.508649332787272 ], [ 120.721352966196747, 23.508577606779589 ], [ 120.721382074063555, 23.508503275452014 ], [ 120.721405058165303, 23.50842682844268 ], [ 120.721421767100225, 23.508348769326219 ], [ 120.721432090802622, 23.508269612296598 ], [ 120.721435961267801, 23.508189878780005 ], [ 120.721433353000066, 23.508110094000074 ], [ 120.721415770752699, 23.508051274438436 ], [ 120.721404762544836, 23.507990878282815 ], [ 120.721400461868598, 23.50792963793306 ], [ 120.721402920876557, 23.507868296026228 ], [ 120.721412109749295, 23.507807596430911 ], [ 120.721427917057071, 23.507748275226653 ], [ 120.721450151111029, 23.507691051777797 ], [ 120.721478542287741, 23.507636620010061 ], [ 120.721512746298856, 23.507585639995568 ], [ 120.721552348366089, 23.507538729948415 ], [ 120.721596868251154, 23.507496458727847 ], [ 120.72164576607932, 23.507459338939935 ], [ 120.721698448886315, 23.507427820721386 ], [ 120.721754277808984, 23.507402286280943 ], [ 120.721812575832445, 23.507383045264483 ], [ 120.721872636000057, 23.507370331000061 ], [ 120.721913723168399, 23.507304420719425 ], [ 120.72194902902298, 23.507235241118899 ], [ 120.721978295385625, 23.507163298082308 ], [ 120.722001308242682, 23.507089117701437 ], [ 120.722017899309975, 23.507013242428904 ], [ 120.722027947263399, 23.506936227111414 ], [ 120.722031378626141, 23.506858634932389 ], [ 120.722028168305954, 23.506781033293613 ], [ 120.722018339778685, 23.50670398966605 ], [ 120.722001964916572, 23.506628067440143 ], [ 120.721979163462677, 23.506553821805948 ], [ 120.72195010215529, 23.506481795693261 ], [ 120.721914993508577, 23.506412515801358 ], [ 120.721874094258581, 23.506346488747468 ], [ 120.721827703485786, 23.50628419736206 ], [ 120.721776160428092, 23.506226097158098 ], [ 120.721719842000084, 23.506172613000047 ], [ 120.721656156710765, 23.506092663761084 ], [ 120.721597681946932, 23.506008828214441 ], [ 120.721544654194403, 23.505921445410941 ], [ 120.721497287909969, 23.505830868747356 ], [ 120.721455774654132, 23.505737464537198 ], [ 120.72142028231633, 23.505641610529228 ], [ 120.721390954435989, 23.505543694379789 ], [ 120.721367909622018, 23.505444112085002 ], [ 120.721351241073108, 23.505343266379274 ], [ 120.72134101620081, 23.505241565106555 ], [ 120.721337276356948, 23.505139419570899 ], [ 120.721340036666348, 23.505037242873073 ], [ 120.72134928596563, 23.50493544823987 ], [ 120.721364986848457, 23.50483444735292 ], [ 120.721387075816736, 23.504734648683755 ], [ 120.72141546353744, 23.504636455841858 ], [ 120.721450035203887, 23.504540265942364 ], [ 120.721490651000067, 23.504446468000026 ], [ 120.721555196897697, 23.5043684713273 ], [ 120.721624089077665, 23.504294285604995 ], [ 120.721697102953911, 23.50422415267597 ], [ 120.721774000503714, 23.504158301171131 ], [ 120.721854531043761, 23.504096945764072 ], [ 120.721938432047324, 23.504040286471284 ], [ 120.722025430000031, 23.503988508000077 ], [ 120.722104587359127, 23.503939291871131 ], [ 120.722179838483711, 23.503884288388541 ], [ 120.722250761112704, 23.503823806196589 ], [ 120.72231695727379, 23.50375818468256 ], [ 120.722378055516572, 23.503687792072316 ], [ 120.72243371299686, 23.503613023364053 ], [ 120.72248361740057, 23.503534298111827 ], [ 120.722527488696173, 23.503452058071282 ], [ 120.722565080706104, 23.503366764720795 ], [ 120.72259618248809, 23.503278896671969 ], [ 120.722620619518864, 23.503188946983954 ], [ 120.722638254673498, 23.503097420396731 ], [ 120.722648988994791, 23.503004830498831 ], [ 120.722652762248629, 23.502911696845391 ], [ 120.722649553261931, 23.502818542042771 ], [ 120.722639380041457, 23.502725888815991 ], [ 120.722622299672807, 23.50263425707556 ], [ 120.722598408000067, 23.50254416100006 ], [ 120.722638227579026, 23.502427397590832 ], [ 120.722684762626756, 23.502313144442361 ], [ 120.722737855984064, 23.502201787412897 ], [ 120.722797328342907, 23.502093702579842 ], [ 120.722862978851921, 23.501989254969679 ], [ 120.722934585794761, 23.501888797325172 ], [ 120.723011907338886, 23.501792668914092 ], [ 120.723094682352269, 23.501701194383418 ], [ 120.723182631285326, 23.501614682662957 ], [ 120.723275457114966, 23.501533425921988 ], [ 120.723372846347772, 23.501457698582566 ], [ 120.723474470078685, 23.501387756392731 ], [ 120.723579985101793, 23.501323835562783 ], [ 120.723689035069441, 23.501266151967556 ], [ 120.723801251695676, 23.501214900417356 ], [ 120.723916256000052, 23.501170254000044 ], [ 120.724049546330789, 23.501104732600709 ], [ 120.724179704790998, 23.501033191414862 ], [ 120.724306459689572, 23.500955779776671 ], [ 120.724429546439907, 23.500872659274211 ], [ 120.724548708112295, 23.500784003412178 ], [ 120.72466369597015, 23.500689997249697 ], [ 120.724774269989268, 23.500590837014048 ], [ 120.72488019935885, 23.500486729691058 ], [ 120.72498126296324, 23.500377892593036 ], [ 120.725077249843551, 23.500264552905172 ], [ 120.725167959638, 23.500146947211302 ], [ 120.725253203000079, 23.500025321000066 ], [ 120.725467179079473, 23.499827273466252 ], [ 120.725684990609523, 23.499633452090798 ], [ 120.725906554135591, 23.49944393113649 ], [ 120.726131784765471, 23.499258783218409 ], [ 120.7263605962019, 23.499078079276099 ], [ 120.726592900775628, 23.498901888546396 ], [ 120.726828609478986, 23.49873027853689 ], [ 120.727067632000058, 23.498563315000069 ], [ 120.727189187378059, 23.498488018986592 ], [ 120.72731426572787, 23.498418732581182 ], [ 120.727442570175796, 23.498355620235255 ], [ 120.727573796190981, 23.498298831746087 ], [ 120.727707632308253, 23.498248501901259 ], [ 120.72784376086733, 23.498204750158756 ], [ 120.727981858766796, 23.498167680363419 ], [ 120.728121598231056, 23.498137380500477 ], [ 120.728262647588224, 23.498113922486713 ], [ 120.72840467205738, 23.498097361999768 ], [ 120.72854733454318, 23.498087738345983 ], [ 120.728690296435943, 23.498085074367125 ], [ 120.728833218415346, 23.498089376386147 ], [ 120.728975761255811, 23.498100634192205 ], [ 120.729117586631645, 23.498118821064871 ], [ 120.729258357920031, 23.498143893837568 ], [ 120.729397741000071, 23.49817579300003 ], [ 120.729527160435069, 23.498216045977244 ], [ 120.72965847565203, 23.498249601991986 ], [ 120.729791340355433, 23.498276372552628 ], [ 120.729925404163595, 23.498296287061674 ], [ 120.730060313532618, 23.498309293001945 ], [ 120.730195712688712, 23.498315356075068 ], [ 120.730331244566528, 23.498314460291919 ], [ 120.730466551750638, 23.498306608014797 ], [ 120.730601277418216, 23.498291819951188 ], [ 120.730735066279948, 23.498270135099165 ], [ 120.730867565517002, 23.498241610644534 ], [ 120.730998425711434, 23.498206321810038 ], [ 120.731127301767728, 23.498164361656968 ], [ 120.731253853822736, 23.49811584083978 ], [ 120.731377748142066, 23.498060887314242 ], [ 120.731498658000078, 23.497999646000039 ], [ 120.731549015714677, 23.49790870759589 ], [ 120.731593601287202, 23.497814804350515 ], [ 120.731632240975415, 23.497718302188552 ], [ 120.731664784207169, 23.497619577162158 ], [ 120.731691104167155, 23.49751901398562 ], [ 120.731711098291029, 23.497417004536157 ], [ 120.731724688665196, 23.497313946326884 ], [ 120.731731822330303, 23.497210240957731 ], [ 120.731732471487717, 23.497106292550509 ], [ 120.731726633607778, 23.497002506174105 ], [ 120.73171433143969, 23.496899286266 ], [ 120.731695612922863, 23.496797035056243 ], [ 120.731670551000093, 23.496696151000037 ], [ 120.731649302824223, 23.496531383416734 ], [ 120.731635143848962, 23.49636585588155 ], [ 120.731628100152761, 23.496199873268516 ], [ 120.731628184708924, 23.49603374128985 ], [ 120.731635397361742, 23.495867765932868 ], [ 120.731649724826696, 23.495702252896422 ], [ 120.73167114071498, 23.495537507027844 ], [ 120.731699605582136, 23.495373831761466 ], [ 120.731735067000628, 23.495211528559761 ], [ 120.731777459656442, 23.495050896358077 ], [ 120.731826705469416, 23.494892231014063 ], [ 120.731882713736979, 23.494735824762753 ], [ 120.731945381301287, 23.494581965678297 ], [ 120.732014592739148, 23.494430937143402 ], [ 120.73209022057469, 23.494283017327366 ], [ 120.732172125514083, 23.494138478673747 ], [ 120.732260156702125, 23.493997587398582 ], [ 120.732354152000084, 23.49386060300003 ], [ 120.732475712259273, 23.493790524481412 ], [ 120.732593561769519, 23.493714370766334 ], [ 120.73270739718005, 23.493632337878427 ], [ 120.732816925472548, 23.493544636974626 ], [ 120.732921864715493, 23.493451493801629 ], [ 120.733021944789812, 23.493353148114828 ], [ 120.733116908084142, 23.493249853061148 ], [ 120.733206510158041, 23.493141874527446 ], [ 120.733290520371071, 23.493029490456102 ], [ 120.733368722476584, 23.492912990129575 ], [ 120.733440915178264, 23.492792673425789 ], [ 120.733506912648338, 23.492668850046208 ], [ 120.733566545005871, 23.492541838718676 ], [ 120.733619658754066, 23.492411966376977 ], [ 120.73366611717536, 23.492279567319287 ], [ 120.733705800683367, 23.492144982347693 ], [ 120.733738607130647, 23.49200855789093 ], [ 120.733764452071711, 23.49187064511267 ], [ 120.733783268980332, 23.491731599007593 ], [ 120.733795009420788, 23.491591777487635 ], [ 120.733799643172588, 23.491451540460673 ], [ 120.733797158308207, 23.49131124890414 ], [ 120.733787561223821, 23.491171263935811 ], [ 120.733770876622827, 23.491031945884302 ], [ 120.733747147452249, 23.49089365336155 ], [ 120.733716434792214, 23.490756742339713 ], [ 120.733678817698703, 23.49062156523491 ], [ 120.733634393000102, 23.490488470000059 ], [ 120.733583210085655, 23.490403345571519 ], [ 120.733537872693233, 23.4903149692177 ], [ 120.733498586443901, 23.490223741756488 ], [ 120.733465529514632, 23.490130076936559 ], [ 120.733438851830229, 23.490034399560859 ], [ 120.733418674383401, 23.489937143559992 ], [ 120.73340508868597, 23.489838750024173 ], [ 120.733398156353857, 23.489739665202745 ], [ 120.733397908827627, 23.489640338480278 ], [ 120.733404347229921, 23.489541220338438 ], [ 120.733417442360292, 23.489442760312915 ], [ 120.733437134827724, 23.489345404954602 ], [ 120.733463335319939, 23.489249595804342 ], [ 120.733495925008469, 23.489155767390379 ], [ 120.733534756087607, 23.489064345257617 ], [ 120.733579652444732, 23.488975744037631 ], [ 120.733630410459043, 23.488890365568164 ], [ 120.733686799925067, 23.488808597070641 ], [ 120.733748565096718, 23.488730809394006 ], [ 120.733815425847183, 23.488657355332769 ], [ 120.733887078939418, 23.488588568026969 ], [ 120.733963199401401, 23.48852475945127 ], [ 120.734043442000029, 23.488466219000031 ], [ 120.734166357702421, 23.488374529811864 ], [ 120.734284964868223, 23.488277331471661 ], [ 120.734399016781069, 23.488174826163032 ], [ 120.734508276199989, 23.488067227108676 ], [ 120.734612515852959, 23.487954758126872 ], [ 120.734711518909648, 23.48783765316589 ], [ 120.734805079432434, 23.487716155817374 ], [ 120.734893002804782, 23.487590518809633 ], [ 120.734975106136091, 23.487461003481933 ], [ 120.73505121864207, 23.48732787924089 ], [ 120.735121182000057, 23.48719142300007 ], [ 120.735218732485151, 23.487088917692958 ], [ 120.735320721526662, 23.48699082757857 ], [ 120.735426949486964, 23.486897344662591 ], [ 120.735537208431012, 23.4868086519324 ], [ 120.735651282533311, 23.48672492299885 ], [ 120.73576894850045, 23.486646321756467 ], [ 120.735889976008167, 23.486573002062606 ], [ 120.736014128152121, 23.486505107436304 ], [ 120.736141161911718, 23.486442770777348 ], [ 120.736270828625777, 23.486386114106118 ], [ 120.736402874479239, 23.486335248324757 ], [ 120.73653704100002, 23.486290273000066 ], [ 120.73660820863708, 23.486261483778677 ], [ 120.736681537060605, 23.486238755071334 ], [ 120.736756511189114, 23.486222246531479 ], [ 120.736832604381206, 23.4862120741202 ], [ 120.736909282134832, 23.486208309291644 ], [ 120.736986005841771, 23.48621097849113 ], [ 120.737062236571063, 23.486220062969377 ], [ 120.737137438854546, 23.486235498914208 ], [ 120.737211084448177, 23.486257177898786 ], [ 120.737282656042595, 23.486284947643234 ], [ 120.737351650896841, 23.4863186130843 ], [ 120.737417584369766, 23.486357937745542 ], [ 120.737479993324314, 23.486402645398407 ], [ 120.737538439380756, 23.486452422002554 ], [ 120.737592511995956, 23.486506917911758 ], [ 120.737641831347176, 23.486565750329937 ], [ 120.737686051000082, 23.486628506000045 ], [ 120.737753133993337, 23.486724745932992 ], [ 120.737825572699236, 23.486817022075996 ], [ 120.73790313343963, 23.486905036757875 ], [ 120.737985566013407, 23.486988506054384 ], [ 120.738072604503472, 23.487067160704118 ], [ 120.738163968134671, 23.487140746977115 ], [ 120.738259362179448, 23.487209027493353 ], [ 120.738358478908694, 23.487271781988515 ], [ 120.738460998584344, 23.487328808024522 ], [ 120.738566590490876, 23.487379921642592 ], [ 120.738674914002146, 23.487424957956652 ], [ 120.738785619680201, 23.487463771685235 ], [ 120.738898350402479, 23.487496237620164 ], [ 120.73901274251395, 23.487522251030427 ], [ 120.739128427000082, 23.487541728000053 ], [ 120.739270469756178, 23.487571411497228 ], [ 120.739410895127349, 23.48760798976534 ], [ 120.739549368650884, 23.487651375682919 ], [ 120.739685560512982, 23.487701465914139 ], [ 120.739819146334256, 23.48775814115497 ], [ 120.73994980794231, 23.487821266417313 ], [ 120.740077234129629, 23.487890691350522 ], [ 120.740201121394747, 23.487966250599506 ], [ 120.740321174665141, 23.488047764198573 ], [ 120.740437108000037, 23.488135038000053 ], [ 120.740582081140147, 23.488213179247264 ], [ 120.740730314369728, 23.488284943970598 ], [ 120.740881527389902, 23.488350196467863 ], [ 120.741035434267175, 23.488408813351057 ], [ 120.741191743974184, 23.48846068377966 ], [ 120.741350160939959, 23.488505709670246 ], [ 120.741510385608848, 23.488543805881928 ], [ 120.741672115006992, 23.48857490037738 ], [ 120.74183504331512, 23.48859893435904 ], [ 120.741998862446991, 23.488615862380289 ], [ 120.742163262631806, 23.488625652431399 ], [ 120.74232793300007, 23.488628286000051 ], [ 120.743015506, 23.48859023600005 ], [ 120.743160816096704, 23.488574903944802 ], [ 120.743306694553539, 23.488566562964497 ], [ 120.743452805215028, 23.488565232279704 ], [ 120.743598811390598, 23.488570914956789 ], [ 120.743744376630431, 23.488583597900853 ], [ 120.743889165500846, 23.488603251885916 ], [ 120.744032844357108, 23.488629831622255 ], [ 120.744175082112406, 23.488663275860773 ], [ 120.744315551000696, 23.488703507534126 ], [ 120.744453927332074, 23.488750433934332 ], [ 120.744589892238594, 23.488803946926392 ], [ 120.744723132409064, 23.488863923197471 ], [ 120.744853340811105, 23.488930224541058 ], [ 120.744980217398535, 23.489002698175437 ], [ 120.745103469802928, 23.489081177095763 ], [ 120.745222814007178, 23.489165480458883 ], [ 120.745337975000098, 23.48925541400007 ], [ 120.74541491629607, 23.489403524591602 ], [ 120.745497548205179, 23.489548537273624 ], [ 120.745585746200973, 23.48969023351172 ], [ 120.745679377368859, 23.489828399769358 ], [ 120.745778300606489, 23.489962827829697 ], [ 120.745882366836341, 23.49009331510937 ], [ 120.745991419230364, 23.490219664963767 ], [ 120.746105293446405, 23.490341686983395 ], [ 120.746223817875745, 23.490459197280813 ], [ 120.746346813901837, 23.490572018767754 ], [ 120.746474096169422, 23.490679981421998 ], [ 120.74660547286382, 23.490782922543598 ], [ 120.746740746000114, 23.490880687000072 ], [ 120.746792077543518, 23.490947334940021 ], [ 120.746848772441297, 23.491009484467895 ], [ 120.746910438129973, 23.491066705251615 ], [ 120.746976647627619, 23.491118601086413 ], [ 120.747046942490371, 23.491164812638214 ], [ 120.747120835986678, 23.49120501993173 ], [ 120.747197816467562, 23.491238944565996 ], [ 120.747277350909357, 23.491266351642061 ], [ 120.747358888604353, 23.491287051389477 ], [ 120.747441864974078, 23.491300900480272 ], [ 120.747525705478452, 23.491307803021392 ], [ 120.747609829594026, 23.491307711218667 ], [ 120.747693654833569, 23.491300625707758 ], [ 120.747776600779304, 23.491286595549735 ], [ 120.747858093101826, 23.491265717891395 ], [ 120.747937567536823, 23.491238137292576 ], [ 120.748014473792097, 23.491204044725237 ], [ 120.748088279357916, 23.491163676251112 ], [ 120.748158473194138, 23.491117311387207 ], [ 120.748224569268757, 23.491065271170367 ], [ 120.748286109923242, 23.491007915934386 ], [ 120.748342669041421, 23.490945642814992 ], [ 120.748393855000018, 23.49087888300005 ], [ 120.7484851855545, 23.490779025139975 ], [ 120.748581629531571, 23.490684096631675 ], [ 120.748682921261434, 23.490594358970341 ], [ 120.748788781720435, 23.490510059352182 ], [ 120.748898919299634, 23.490431429993478 ], [ 120.749013030608097, 23.490358687490904 ], [ 120.749130801308667, 23.490292032224886 ], [ 120.749251906983815, 23.490231647807615 ], [ 120.749376014029309, 23.49017770057727 ], [ 120.749502780573167, 23.490130339139803 ], [ 120.749631857417427, 23.49008969395959 ], [ 120.749762889000067, 23.490055877000032 ], [ 120.749894563472523, 23.490050815373877 ], [ 120.750026328329042, 23.490052160492144 ], [ 120.750157872027785, 23.490059909174462 ], [ 120.750288883549814, 23.490074043100019 ], [ 120.750419053134465, 23.490094528850882 ], [ 120.750548073011728, 23.490121317991015 ], [ 120.75067563812992, 23.490154347180773 ], [ 120.750801446876977, 23.490193538326693 ], [ 120.750925201793564, 23.490238798766121 ], [ 120.751046610276362, 23.490290021486299 ], [ 120.7511653852699, 23.49034708537739 ], [ 120.751281245945279, 23.490409855518831 ], [ 120.751393918364158, 23.490478183498315 ], [ 120.751503136126416, 23.490551907762722 ], [ 120.751608641000075, 23.490630854000074 ], [ 120.753252705000023, 23.491957662000061 ], [ 120.753355987193416, 23.492012816156727 ], [ 120.753462098516835, 23.492062309383694 ], [ 120.753570728976101, 23.492105997091212 ], [ 120.753681561217704, 23.492143751649799 ], [ 120.75379427145576, 23.492175462763104 ], [ 120.753908530418045, 23.492201037790121 ], [ 120.75402400430788, 23.49222040201585 ], [ 120.754140355779271, 23.492233498869542 ], [ 120.754257244922456, 23.492240290089985 ], [ 120.754374330256937, 23.49224075583728 ], [ 120.754491269729044, 23.492234894750784 ], [ 120.754607721711224, 23.492222723953105 ], [ 120.754723346000105, 23.492204279000077 ], [ 120.754830292162808, 23.492183549641695 ], [ 120.75493833375954, 23.492169614025808 ], [ 120.755047039660326, 23.492162527761202 ], [ 120.755155976084382, 23.492162319124954 ], [ 120.755264708330998, 23.492168988949608 ], [ 120.755372802514231, 23.492182510619848 ], [ 120.755479827294266, 23.492202830178709 ], [ 120.755585355598654, 23.492229866542868 ], [ 120.755688966326488, 23.492263511826227 ], [ 120.755790246028766, 23.492303631770401 ], [ 120.755888790558245, 23.492350066280476 ], [ 120.755984206682101, 23.49240263006385 ], [ 120.756076113651147, 23.492461113369622 ], [ 120.756164144719165, 23.492525282825579 ], [ 120.756247948606344, 23.492594882369467 ], [ 120.756327190901033, 23.492669634270761 ], [ 120.756401555394206, 23.492749240238936 ], [ 120.756470745341261, 23.492833382613757 ], [ 120.756534484646139, 23.492921725632883 ], [ 120.756592518963046, 23.493013916771698 ], [ 120.756644616711426, 23.493109588150009 ], [ 120.756690570000046, 23.493208358000061 ], [ 120.756717308267056, 23.493340512656239 ], [ 120.756750653509968, 23.493471156763828 ], [ 120.756790521477143, 23.493599960231425 ], [ 120.756836811436358, 23.493726597618274 ], [ 120.756889406429281, 23.493850748956536 ], [ 120.756948173566983, 23.493972100559734 ], [ 120.7570129643657, 23.494090345815341 ], [ 120.757083615122042, 23.494205185959459 ], [ 120.757159947326556, 23.494316330831701 ], [ 120.757241768114795, 23.494423499608335 ], [ 120.757328870754591, 23.494526421511804 ], [ 120.757421035168406, 23.4946248364949 ], [ 120.7575180284894, 23.494718495897807 ], [ 120.757619605649822, 23.494807163076377 ], [ 120.757725510000114, 23.494890614000042 ], [ 120.75784048256557, 23.495122728465947 ], [ 120.757950457882785, 23.495357251909756 ], [ 120.758055385508015, 23.495594076759705 ], [ 120.758155217312819, 23.495833094388427 ], [ 120.758249907506112, 23.496074195162759 ], [ 120.758339412655189, 23.496317268494039 ], [ 120.758423691705602, 23.496562202888828 ], [ 120.758502706000058, 23.496808886000053 ], [ 120.758562511727817, 23.496874922823181 ], [ 120.758626809610902, 23.496936594285884 ], [ 120.758695281822142, 23.496993595543504 ], [ 120.758767589900458, 23.49704564483639 ], [ 120.758843376423968, 23.497092484882675 ], [ 120.758922266776651, 23.497133884150013 ], [ 120.759003871000118, 23.497169638000059 ], [ 120.759054403286129, 23.497217423311479 ], [ 120.759099978140981, 23.497269957876501 ], [ 120.759140151480338, 23.497326729794931 ], [ 120.759174531852594, 23.497387185877514 ], [ 120.759202784253148, 23.497450737036274 ], [ 120.759224633388797, 23.49751676402461 ], [ 120.759239866360161, 23.497584623471269 ], [ 120.759248334736156, 23.497653654149413 ], [ 120.759249956000403, 23.497723183419648 ], [ 120.759244714355177, 23.497792533784263 ], [ 120.759232660875426, 23.497861029488824 ], [ 120.759213913011024, 23.497928003106747 ], [ 120.759188653442379, 23.497992802042763 ], [ 120.759157128300373, 23.498054794891853 ], [ 120.759119644768006, 23.498113377591679 ], [ 120.759076568087266, 23.498167979308626 ], [ 120.759028318000105, 23.498218068000028 ], [ 120.758958766978211, 23.498259780619854 ], [ 120.758893080907299, 23.498307347702863 ], [ 120.758831751263727, 23.498360413342581 ], [ 120.75877523692823, 23.498418580491233 ], [ 120.758723960752405, 23.49848141393052 ], [ 120.758678306394927, 23.498548443528026 ], [ 120.758638615450863, 23.498619167754836 ], [ 120.758605184895814, 23.498693057438071 ], [ 120.758578264863942, 23.498769559720273 ], [ 120.758558056776309, 23.498848102196 ], [ 120.758544711833892, 23.498928097194661 ], [ 120.758538329886235, 23.499008946177604 ], [ 120.758538958684355, 23.499090044216494 ], [ 120.758546593523448, 23.49917078451951 ], [ 120.758561177278125, 23.499250562971476 ], [ 120.758582600829797, 23.49932878265399 ], [ 120.758610703883164, 23.499404858311667 ], [ 120.75864527616551, 23.499478220731149 ], [ 120.75868605900007, 23.499548321000077 ], [ 120.758737696236011, 23.499626578023122 ], [ 120.758783662428471, 23.499708295065052 ], [ 120.758823726807165, 23.499793061870765 ], [ 120.758857688231487, 23.499880452874013 ], [ 120.758885376200325, 23.499970029333937 ], [ 120.758906651708003, 23.500061341537744 ], [ 120.758921407942239, 23.500153931058438 ], [ 120.7589295708203, 23.500247333056343 ], [ 120.758931099360993, 23.500341078612795 ], [ 120.758925985890372, 23.500434697084312 ], [ 120.758914256080303, 23.500527718465438 ], [ 120.758895968819516, 23.500619675748371 ], [ 120.758871215918035, 23.500710107267537 ], [ 120.758840121646173, 23.500798559017372 ], [ 120.758802842110711, 23.500884586931605 ], [ 120.758759564471148, 23.50096775911268 ], [ 120.758710506000057, 23.501047658000061 ], [ 120.758673435319864, 23.501137774112571 ], [ 120.758642696716237, 23.501230241876193 ], [ 120.75861843789221, 23.501324616971004 ], [ 120.758600775414706, 23.5014204459121 ], [ 120.758589794154261, 23.50151726822865 ], [ 120.758585546877313, 23.501614618676527 ], [ 120.758588053992568, 23.501712029473858 ], [ 120.758597303453016, 23.501809032548781 ], [ 120.758613250813781, 23.501905161788599 ], [ 120.758635819445644, 23.501999955279508 ], [ 120.758664900903341, 23.502092957526155 ], [ 120.758700355446578, 23.502183721640357 ], [ 120.758742012711565, 23.502271811488448 ], [ 120.758789672529588, 23.502356803786977 ], [ 120.758843105888886, 23.502438290136624 ], [ 120.758902056035012, 23.502515878984621 ], [ 120.758966239704705, 23.502589197506218 ], [ 120.759035348486847, 23.502657893396147 ], [ 120.759109050304545, 23.502721636561514 ], [ 120.75918699101075, 23.502780120707907 ], [ 120.759268796089984, 23.502833064811217 ], [ 120.759354072457938, 23.502880214467972 ], [ 120.759442410350303, 23.502921343117787 ], [ 120.759533385291732, 23.502956253132027 ], [ 120.75962656013553, 23.502984776763416 ], [ 120.759721487164143, 23.503006776952109 ], [ 120.759817710240554, 23.503022147984264 ], [ 120.759914767000055, 23.503030816000035 ], [ 120.760034006481931, 23.503049498574796 ], [ 120.760154121474372, 23.503061308791864 ], [ 120.760274716221161, 23.503066207738811 ], [ 120.760395393385409, 23.503064179274535 ], [ 120.760515755358625, 23.503055230082435 ], [ 120.760635405570852, 23.503039389648414 ], [ 120.760753949797234, 23.50301671016371 ], [ 120.760870997456948, 23.502987266352939 ], [ 120.760986162900053, 23.502951155227898 ], [ 120.761099066678156, 23.502908495767926 ], [ 120.76120933679465, 23.502859428527881 ], [ 120.761316609930319, 23.502804115175056 ], [ 120.761420532640443, 23.502742737956503 ], [ 120.761520762519311, 23.502675499098558 ], [ 120.761616969328415, 23.502602620140564 ], [ 120.76170883608448, 23.502524341204921 ], [ 120.761796060103919, 23.502440920205938 ], [ 120.761878354000032, 23.502352632000054 ], [ 120.761945224982369, 23.502294337068523 ], [ 120.762016293362606, 23.502241239868482 ], [ 120.762091156079123, 23.502193641538689 ], [ 120.762169388550831, 23.502151812031272 ], [ 120.762250547085259, 23.502115988580691 ], [ 120.762334171394841, 23.502086374358296 ], [ 120.762419787207477, 23.502063137320018 ], [ 120.76250690895634, 23.50204640925385 ], [ 120.762595042533718, 23.502036285032379 ], [ 120.762683688093375, 23.502032822074742 ], [ 120.76277234288537, 23.502036040020975 ], [ 120.762860504107408, 23.502045920620617 ], [ 120.762947671756478, 23.502062407836224 ], [ 120.763033351464529, 23.502085408161172 ], [ 120.763117057302381, 23.502114791149996 ], [ 120.763198314535529, 23.502150390158182 ], [ 120.763276662316642, 23.502192003287309 ], [ 120.763351656299264, 23.50223939453009 ], [ 120.763422871157857, 23.502292295108887 ], [ 120.76348990300005, 23.502350405000072 ], [ 120.763585845319753, 23.502419429182957 ], [ 120.763685659669363, 23.502482725013341 ], [ 120.763789004456967, 23.50254007587564 ], [ 120.76389552600854, 23.502591285499573 ], [ 120.764004859778282, 23.502636178631843 ], [ 120.764116631596238, 23.502674601635917 ], [ 120.764230458948788, 23.502706423017798 ], [ 120.764345952287684, 23.502731533876048 ], [ 120.764462716363255, 23.502749848274462 ], [ 120.764580351576996, 23.502761303536172 ], [ 120.764698455349134, 23.502765860458158 ], [ 120.764816623496372, 23.502763503445387 ], [ 120.764934451615119, 23.502754240564197 ], [ 120.765051536465393, 23.502738103514698 ], [ 120.765167477350957, 23.502715147522267 ], [ 120.765281877490466, 23.502685451148569 ], [ 120.765394345375483, 23.502649116022688 ], [ 120.765504496110239, 23.502606266493334 ], [ 120.765611952728875, 23.502557049203276 ], [ 120.765716347485593, 23.502501632587496 ], [ 120.765817323113026, 23.502440206296754 ], [ 120.765914534045095, 23.502372980548571 ], [ 120.76600764759948, 23.502300185407773 ], [ 120.766096345116196, 23.502222069999185 ], [ 120.766180323048189, 23.50213890165502 ], [ 120.766259294000065, 23.502050965000024 ], [ 120.766449430903464, 23.501856495740231 ], [ 120.766634605461661, 23.501657295544369 ], [ 120.766814700000054, 23.501453491000063 ], [ 120.766910664704923, 23.501391500735934 ], [ 120.767010026670576, 23.501335116188294 ], [ 120.767112458811113, 23.501284522967278 ], [ 120.767217623934101, 23.50123988761878 ], [ 120.767325175850473, 23.501201357076205 ], [ 120.767434760514206, 23.501169058176767 ], [ 120.767546017187698, 23.50114309724399 ], [ 120.767658579629369, 23.501123559737668 ], [ 120.767772077299213, 23.50111050997258 ], [ 120.767886136578582, 23.501103990906746 ], [ 120.768000382000082, 23.501104024000028 ], [ 120.768172581595437, 23.501111875500769 ], [ 120.768344315516757, 23.501126768686255 ], [ 120.768515295932602, 23.501148678595047 ], [ 120.768685236274436, 23.501177568505447 ], [ 120.768853851716912, 23.501213389997062 ], [ 120.769020859655285, 23.501256083031947 ], [ 120.769185980178989, 23.501305576055238 ], [ 120.769348936540879, 23.501361786115073 ], [ 120.769509455620963, 23.501424619001639 ], [ 120.769667268384239, 23.50149396940504 ], [ 120.769822110331575, 23.501569721091833 ], [ 120.769973721943003, 23.50165174709981 ], [ 120.770121849112712, 23.501739909950818 ], [ 120.770266243574937, 23.501834061881148 ], [ 120.770406663320017, 23.501934045089222 ], [ 120.770542873000068, 23.502039692000039 ], [ 120.770683124128354, 23.50223080850855 ], [ 120.770828643969764, 23.50241794448737 ], [ 120.770979319611413, 23.502600954732511 ], [ 120.771135034139888, 23.502779697241252 ], [ 120.771295666731987, 23.502954033322336 ], [ 120.771461092748424, 23.503123827703561 ], [ 120.771631183830578, 23.503288948636769 ], [ 120.771805808000067, 23.503449268000054 ], [ 120.771951395182896, 23.503494744875312 ], [ 120.772098677138516, 23.503534390802464 ], [ 120.772247420430517, 23.503568142944211 ], [ 120.772397389306363, 23.503595947804666 ], [ 120.772548346071019, 23.503617761314167 ], [ 120.77270005146363, 23.503633548899121 ], [ 120.77285226503686, 23.503643285536793 ], [ 120.773004745537889, 23.503646955794977 ], [ 120.77315725129084, 23.503644553856457 ], [ 120.773309540579788, 23.50363608352821 ], [ 120.773461372031917, 23.503621558235395 ], [ 120.773612505000074, 23.50360100100005 ], [ 120.773710645337687, 23.503579863944953 ], [ 120.77381002202425, 23.503565631055903 ], [ 120.77391014996391, 23.503558371809113 ], [ 120.774010540393633, 23.503558121639763 ], [ 120.774110703269073, 23.503564881769027 ], [ 120.774210149656668, 23.503578619198105 ], [ 120.774308394120311, 23.503599266869323 ], [ 120.774404957090951, 23.503626723993442 ], [ 120.774499367207554, 23.503660856541671 ], [ 120.77459116361797, 23.5037014978999 ], [ 120.774679898228584, 23.503748449682007 ], [ 120.774765137891592, 23.503801482698272 ], [ 120.774846466519378, 23.503860338074112 ], [ 120.774923487115601, 23.503924728513784 ], [ 120.77499582371307, 23.503994339702757 ], [ 120.775063123209009, 23.504068831842016 ], [ 120.775125057088644, 23.504147841306743 ], [ 120.775181323028889, 23.504230982421319 ], [ 120.77523164637401, 23.504317849341952 ], [ 120.775275781476367, 23.504408018037758 ], [ 120.775313512895565, 23.504501048360609 ], [ 120.775344656449988, 23.50459648619368 ], [ 120.775369060115978, 23.504693865668163 ], [ 120.775386604769835, 23.504792711437346 ], [ 120.775397204769334, 23.504892540996966 ], [ 120.775400808371828, 23.50499286704051 ], [ 120.775397397986723, 23.505093199837926 ], [ 120.775386990261424, 23.5051930496262 ], [ 120.77536963600005, 23.505291929000066 ], [ 120.775372568002737, 23.50539519246578 ], [ 120.775368618663492, 23.505498422028943 ], [ 120.775357805506488, 23.505601159634654 ], [ 120.775340176512373, 23.505702949410946 ], [ 120.775315809905308, 23.50580333969161 ], [ 120.775284813805911, 23.505901885020336 ], [ 120.775247325751479, 23.505998148127318 ], [ 120.77520351208571, 23.50609170186954 ], [ 120.775153567220599, 23.506182131126085 ], [ 120.775097712773743, 23.506269034640159 ], [ 120.775036196585049, 23.506352026799544 ], [ 120.774969291616927, 23.506430739347667 ], [ 120.774897294743141, 23.506504823017636 ], [ 120.77482052543148, 23.506573949082036 ], [ 120.774739324326234, 23.506637810811554 ], [ 120.774654051736604, 23.506696124836029 ], [ 120.774565086038024, 23.506748632401823 ], [ 120.774472821993101, 23.506795100519987 ], [ 120.774377669000046, 23.506835323000075 ], [ 120.774274148701707, 23.506869462034761 ], [ 120.774173038282768, 23.506910188058846 ], [ 120.774074756380969, 23.506957332450217 ], [ 120.773979709922912, 23.507010700012156 ], [ 120.773888292439111, 23.507070069781502 ], [ 120.773800882434685, 23.507135195943555 ], [ 120.77371784182219, 23.507205808849836 ], [ 120.773639514423124, 23.507281616134531 ], [ 120.773566224544396, 23.507362303925017 ], [ 120.773498275635561, 23.507447538141417 ], [ 120.773435949032418, 23.507536965879822 ], [ 120.773379502792125, 23.507630216873462 ], [ 120.77332917062482, 23.507726905025741 ], [ 120.773285160925894, 23.507826630008857 ], [ 120.773247655913195, 23.507928978921306 ], [ 120.77321681087254, 23.508033527997458 ], [ 120.773192753514792, 23.508139844362123 ], [ 120.773175583447085, 23.508247487822825 ], [ 120.773165371760399, 23.508356012692381 ], [ 120.773162160735225, 23.508464969634218 ], [ 120.773165963666472, 23.508573907522809 ], [ 120.773176764808511, 23.508682375311519 ], [ 120.773194519440253, 23.508789923900114 ], [ 120.773219154050395, 23.508896107994218 ], [ 120.77325056664175, 23.509000487949002 ], [ 120.773288627153576, 23.509102631589517 ], [ 120.77333317800003, 23.50920211600004 ], [ 120.773421134051134, 23.509344943180235 ], [ 120.773514970206605, 23.509483977874655 ], [ 120.773614523184349, 23.509618978152243 ], [ 120.77371961975453, 23.509749709102152 ], [ 120.77383007704104, 23.509875943242481 ], [ 120.773945702839725, 23.509997460916125 ], [ 120.774066295952792, 23.510114050673 ], [ 120.774191646538966, 23.510225509637973 ], [ 120.77432153647861, 23.510331643863879 ], [ 120.774455739753222, 23.51043226866901 ], [ 120.774594022838826, 23.510527208958475 ], [ 120.774736145112215, 23.510616299528881 ], [ 120.774881859269712, 23.510699385355785 ], [ 120.775030911757483, 23.510776321863471 ], [ 120.775183043212763, 23.510846975176499 ], [ 120.775337988915126, 23.510911222352679 ], [ 120.775495479247155, 23.51096895159699 ], [ 120.775655240163545, 23.511020062456105 ], [ 120.775816993668045, 23.511064465993211 ], [ 120.775980458297141, 23.511102084942738 ], [ 120.776145349609806, 23.511132853844824 ], [ 120.776311380682486, 23.511156719159217 ], [ 120.776478262608364, 23.511173639358432 ], [ 120.776645705000078, 23.511183585000026 ], [ 120.776745779268666, 23.511205622776689 ], [ 120.776844384372808, 23.511233507472689 ], [ 120.776941179015822, 23.511267142572187 ], [ 120.77703582816747, 23.511306411655774 ], [ 120.777128004223613, 23.511351178803423 ], [ 120.777217388140087, 23.51140128906496 ], [ 120.777303670537009, 23.511456568996351 ], [ 120.777386552769656, 23.511516827260067 ], [ 120.777465747962083, 23.511581855287336 ], [ 120.777540982000119, 23.51165142800005 ], [ 120.777810855560276, 23.511667935019293 ], [ 120.77808107019348, 23.511677330345758 ], [ 120.778351438525362, 23.511679607464465 ], [ 120.778621773074974, 23.511674764796389 ], [ 120.778891886384827, 23.511662805699576 ], [ 120.77916159115081, 23.511643738466798 ], [ 120.779430700352094, 23.511617576319804 ], [ 120.779699027380886, 23.511584337400159 ], [ 120.779966386171708, 23.511544044756651 ], [ 120.780232591330545, 23.51149672632933 ], [ 120.780497458263298, 23.511442414930109 ], [ 120.780760803303863, 23.511381148220025 ], [ 120.781022443841451, 23.511312968683129 ], [ 120.781282198447187, 23.511237923597008 ], [ 120.781539887, 23.511156065000023 ], [ 120.781678842580448, 23.511103956791963 ], [ 120.781820122198155, 23.511058525653887 ], [ 120.781963405211769, 23.511019874694085 ], [ 120.78210836643315, 23.510988091632893 ], [ 120.782254676865378, 23.510963248603598 ], [ 120.782402004449438, 23.510945401988732 ], [ 120.782550014817801, 23.510934592292099 ], [ 120.782698372053346, 23.510930844046861 ], [ 120.782846739451756, 23.510934165759853 ], [ 120.782994780285563, 23.510944549892276 ], [ 120.783142158568552, 23.51096197287681 ], [ 120.783288539818116, 23.510986395171098 ], [ 120.783433591814529, 23.511017761347489 ], [ 120.783576985354841, 23.51105600021884 ], [ 120.783718395000051, 23.511101025000073 ], [ 120.783813682010944, 23.511093255915277 ], [ 120.783909280368178, 23.51109229299356 ], [ 120.784004704539512, 23.511098141125487 ], [ 120.784099469877404, 23.511110770609122 ], [ 120.784193095080425, 23.511130117300876 ], [ 120.78428510463776, 23.511156082941302 ], [ 120.784375031244252, 23.511188535654117 ], [ 120.784462418173774, 23.511227310616015 ], [ 120.784546821598951, 23.511272210893761 ], [ 120.78462781284523, 23.511323008444403 ], [ 120.784704980568065, 23.511379445273459 ], [ 120.784777932842175, 23.511441234745266 ], [ 120.784846299151965, 23.511508063038743 ], [ 120.78490973227342, 23.511579590741249 ], [ 120.784967910037551, 23.511655454572445 ], [ 120.785020536966712, 23.511735269229309 ], [ 120.785067345775232, 23.511818629343082 ], [ 120.785108098726951, 23.511905111538063 ], [ 120.785142588842703, 23.511994276581881 ], [ 120.785170640951435, 23.512085671616315 ], [ 120.785192112579949, 23.512178832457291 ], [ 120.785206894676534, 23.512273285952432 ], [ 120.785214912164719, 23.512368552384117 ], [ 120.785216124324691, 23.512464147905934 ], [ 120.785210525000025, 23.512559587000055 ], [ 120.785130411974336, 23.512755888376489 ], [ 120.785056022674027, 23.51295442945354 ], [ 120.784987419614808, 23.513155043380131 ], [ 120.784924660449718, 23.513357561563197 ], [ 120.78486779792064, 23.513561813809361 ], [ 120.784816879814031, 23.513767628467964 ], [ 120.784771948920749, 23.513974832575318 ], [ 120.784733043000074, 23.514183252000066 ], [ 120.784742011023752, 23.514290705893327 ], [ 120.784757812395938, 23.514397369295033 ], [ 120.784780382806943, 23.514502808098005 ], [ 120.784809630397945, 23.514606593179046 ], [ 120.784845436134745, 23.514708302145404 ], [ 120.784887654292348, 23.514807521053857 ], [ 120.784936113047934, 23.514903846095425 ], [ 120.784990615180206, 23.514996885238819 ], [ 120.785050938872075, 23.515086259825946 ], [ 120.785116838613405, 23.515171606113032 ], [ 120.785188046200176, 23.515252576750985 ], [ 120.785264271826136, 23.515328842199082 ], [ 120.785345205262175, 23.515400092066155 ], [ 120.785430517118954, 23.515466036373844 ], [ 120.785519860187549, 23.515526406736775 ], [ 120.785612870852432, 23.515580957454858 ], [ 120.785709170571437, 23.515629466513257 ], [ 120.785808367416308, 23.515671736485956 ], [ 120.785910057667891, 23.515707595339265 ], [ 120.786013827459101, 23.515736897131987 ], [ 120.786119254459436, 23.515759522609358 ], [ 120.786225909593725, 23.515775379688414 ], [ 120.78633335878844, 23.515784403832757 ], [ 120.786441164738321, 23.515786558315213 ], [ 120.786548888686184, 23.515781834367296 ], [ 120.786656092208545, 23.515770251214903 ], [ 120.786762339, 23.515751856000065 ], [ 120.786892339325277, 23.51568582770981 ], [ 120.78702538866915, 23.5156261813203 ], [ 120.787161173961394, 23.515573057181783 ], [ 120.787299375694019, 23.515526580297394 ], [ 120.787439668673059, 23.515486860029021 ], [ 120.787581722783727, 23.515453989839983 ], [ 120.787725203767252, 23.515428047075101 ], [ 120.78786977400739, 23.51540909277869 ], [ 120.788015093324802, 23.515397171550937 ], [ 120.788160819777559, 23.515392311442948 ], [ 120.788306610465739, 23.515394523890748 ], [ 120.788452122338256, 23.515403803688361 ], [ 120.788597013000071, 23.515420129000063 ], [ 120.788691251932747, 23.515437153012943 ], [ 120.788784196143055, 23.515460221762741 ], [ 120.788875458327865, 23.515489239120832 ], [ 120.788964658193137, 23.515524084170455 ], [ 120.789051424038604, 23.515564611710559 ], [ 120.789135394306697, 23.515610652860875 ], [ 120.78921621908917, 23.515662015765656 ], [ 120.789293561585112, 23.515718486393126 ], [ 120.789367099504545, 23.515779829427391 ], [ 120.789436526411308, 23.515845789248985 ], [ 120.789501553000036, 23.515916091000065 ], [ 120.789478458509436, 23.51597907740247 ], [ 120.789448971690092, 23.516039336591554 ], [ 120.789413408985794, 23.516096221883569 ], [ 120.789372152044947, 23.516149122802432 ], [ 120.789325643624821, 23.516197471631177 ], [ 120.789274382839963, 23.516240749504504 ], [ 120.789218919805919, 23.516278491977122 ], [ 120.789159849735526, 23.516310294008001 ], [ 120.789097806551254, 23.51633581430718 ], [ 120.789033456082166, 23.516354778998377 ], [ 120.788967488918402, 23.51636698455815 ], [ 120.78890061300001, 23.516372300000057 ], [ 120.788833035590443, 23.516359173123192 ], [ 120.788764493817268, 23.516352766368062 ], [ 120.788695654293406, 23.516353142044476 ], [ 120.788627186527521, 23.51636029649875 ], [ 120.788559756412766, 23.516374160149198 ], [ 120.788494019750416, 23.516394598162897 ], [ 120.788430615871874, 23.516421411766999 ], [ 120.788370161420673, 23.516454340181934 ], [ 120.788313244355294, 23.516493063157657 ], [ 120.788260418230848, 23.516537204088294 ], [ 120.788212196815451, 23.516586333674859 ], [ 120.788169049093383, 23.516639974100485 ], [ 120.788131394704067, 23.516697603677482 ], [ 120.788099599860658, 23.516758661921095 ], [ 120.788073973788514, 23.516822555000584 ], [ 120.788054765717675, 23.516888661514596 ], [ 120.788042162459007, 23.516956338534708 ], [ 120.788036286587328, 23.517024927858309 ], [ 120.788037195249245, 23.517093762410052 ], [ 120.788044879607469, 23.517162172729588 ], [ 120.788059264926645, 23.517229493482496 ], [ 120.788080211300297, 23.517295069931098 ], [ 120.788107515011419, 23.517358264302196 ], [ 120.788140910513874, 23.517418461989831 ], [ 120.788180073014871, 23.517475077532715 ], [ 120.788224621633859, 23.517527560308231 ], [ 120.788274123106845, 23.517575399887587 ], [ 120.7883280960001, 23.517618131000063 ], [ 120.78844143536476, 23.517724461210715 ], [ 120.788550584069355, 23.517835088899687 ], [ 120.788655379285331, 23.517949849032089 ], [ 120.788755664678717, 23.518068570408232 ], [ 120.788851290643308, 23.518191075919031 ], [ 120.788942114523849, 23.518317182810208 ], [ 120.789028000828878, 23.518446702954929 ], [ 120.789108821432805, 23.51857944313446 ], [ 120.789184455767085, 23.518715205326391 ], [ 120.789254791000076, 23.518853787000069 ], [ 120.789298600798347, 23.51896017835185 ], [ 120.789348510634241, 23.519063848147063 ], [ 120.789404352297055, 23.519164446988274 ], [ 120.789465937584112, 23.519261635828052 ], [ 120.789533058935021, 23.519355087111673 ], [ 120.789605490131279, 23.51944448588106 ], [ 120.789682987058612, 23.519529530836298 ], [ 120.789765288529807, 23.519609935351092 ], [ 120.789852117164884, 23.519685428438777 ], [ 120.789943180326034, 23.519755755665646 ], [ 120.790038171103873, 23.519820680008429 ], [ 120.790136769351747, 23.519879982653169 ], [ 120.790238642764848, 23.519933463732656 ], [ 120.790343448000044, 23.519980943000064 ], [ 120.790555161074664, 23.520015262404346 ], [ 120.790765734501221, 23.520055994203975 ], [ 120.790974974106376, 23.520103100839464 ], [ 120.791182686946726, 23.520156538872982 ], [ 120.791388681486737, 23.520216259028405 ], [ 120.791592767775299, 23.520282206236764 ], [ 120.791794757621005, 23.520354319687012 ], [ 120.791994464765565, 23.520432532882115 ], [ 120.792191705055615, 23.520516773700344 ], [ 120.79238629661252, 23.520606964461809 ], [ 120.792578060000096, 23.520703022000077 ], [ 120.793600261000051, 23.521200019000048 ], [ 120.793531426373306, 23.521062474262589 ], [ 120.793456489708419, 23.520928156516572 ], [ 120.793375601939289, 23.520797336298532 ], [ 120.793288925986317, 23.520670277100454 ], [ 120.793196636428149, 23.520547234839036 ], [ 120.793098919150111, 23.52042845734027 ], [ 120.792995970969784, 23.520314183840245 ], [ 120.792887999240591, 23.520204644503316 ], [ 120.792775221434141, 23.520100059958502 ], [ 120.792657864702235, 23.520000640855116 ], [ 120.792536165419335, 23.519906587438474 ], [ 120.792410368706442, 23.519818089146582 ], [ 120.792280727937438, 23.51973532422857 ], [ 120.792147504228708, 23.519658459385671 ], [ 120.792010965913235, 23.519587649435469 ], [ 120.791871388000118, 23.519523037000056 ], [ 120.791791249606291, 23.51945994953293 ], [ 120.79171537702068, 23.519391791324132 ], [ 120.791644090515277, 23.519318850081874 ], [ 120.791577691003411, 23.519241433704416 ], [ 120.791516458769507, 23.519159868980388 ], [ 120.791460652285977, 23.519074500209342 ], [ 120.791410507122151, 23.518985687748398 ], [ 120.791366234949876, 23.518893806491132 ], [ 120.791328022650077, 23.518799244285052 ], [ 120.791296031523828, 23.518702400294455 ], [ 120.79127039661148, 23.518603683315451 ], [ 120.791251226122668, 23.51850351005039 ], [ 120.791238600979526, 23.518402303348857 ], [ 120.791232574475089, 23.518300490422771 ], [ 120.791233172048308, 23.518198501043027 ], [ 120.791240391176729, 23.518096765725367 ], [ 120.791254201387105, 23.517995713913095 ], [ 120.791274544384009, 23.517895772164302 ], [ 120.791301334295952, 23.517797362351313 ], [ 120.791334458037838, 23.517700899879866 ], [ 120.791373775788315, 23.517606791935616 ], [ 120.79141912158002, 23.517515435765329 ], [ 120.791470304000086, 23.517427217000034 ], [ 120.792482564000011, 23.516053467000063 ], [ 120.792528650380291, 23.516007753607806 ], [ 120.792569430382784, 23.515957249547817 ], [ 120.792604409381468, 23.515902567390487 ], [ 120.792633163111446, 23.515844370382911 ], [ 120.792655342814967, 23.515783364404264 ], [ 120.792670679471456, 23.515720289404094 ], [ 120.792678987060597, 23.515655910427387 ], [ 120.792680164818563, 23.515591008335242 ], [ 120.792674198460148, 23.515526370333678 ], [ 120.792661160352097, 23.515462780425537 ], [ 120.792641208635359, 23.515401009901186 ], [ 120.792614585306936, 23.515341807983464 ], [ 120.792581613284668, 23.515285892740224 ], [ 120.792542692490571, 23.515233942374817 ], [ 120.792498295000087, 23.515186587000073 ], [ 120.792389812101206, 23.515110940736125 ], [ 120.79227832697886, 23.515039793254829 ], [ 120.792164026084691, 23.514973263545738 ], [ 120.792047100579538, 23.514911462875482 ], [ 120.791927746013741, 23.514854494601675 ], [ 120.791806162000057, 23.514802454000062 ], [ 120.790847149000115, 23.51436456700003 ], [ 120.791009977496131, 23.514397327361912 ], [ 120.791173927678955, 23.514423911153589 ], [ 120.79133876533929, 23.514444280399065 ], [ 120.791504255000063, 23.514458406000074 ], [ 120.791643588608892, 23.514485332623103 ], [ 120.79178138512809, 23.514519259262752 ], [ 120.791917293117052, 23.514560099391449 ], [ 120.792050965951802, 23.514607748849251 ], [ 120.792182062708932, 23.514662086109478 ], [ 120.792310249035154, 23.514722972588675 ], [ 120.792435198000021, 23.514790253000058 ], [ 120.792535434236157, 23.514850820229668 ], [ 120.792638651344888, 23.514906154855371 ], [ 120.792744576409234, 23.514956110566548 ], [ 120.792852929352108, 23.515000555275005 ], [ 120.792963423676809, 23.515039371464219 ], [ 120.79307576722465, 23.515072456500068 ], [ 120.793189662947356, 23.515099722902207 ], [ 120.793304809692572, 23.515121098575378 ], [ 120.793420903000083, 23.515136527000038 ], [ 120.793534412480867, 23.515139500233524 ], [ 120.793647673902413, 23.515147568240494 ], [ 120.793760458705918, 23.51516071473991 ], [ 120.79387253929437, 23.515178913202451 ], [ 120.793983689491867, 23.515202126904065 ], [ 120.794093685, 23.51523030900006 ], [ 120.794137394776072, 23.515262106398584 ], [ 120.794177057920734, 23.515298827700736 ], [ 120.794212122986664, 23.515339962360418 ], [ 120.794242102454859, 23.515384938471438 ], [ 120.794266579512765, 23.515433130718876 ], [ 120.79428521384925, 23.515483869073005 ], [ 120.794297746386164, 23.515536448104896 ], [ 120.794304002880295, 23.515590136794184 ], [ 120.794303896345909, 23.51564418869264 ], [ 120.794297428264201, 23.515697852302239 ], [ 120.794284688562627, 23.515750381523443 ], [ 120.794265854364696, 23.515801046028415 ], [ 120.794241187527277, 23.515849141414972 ], [ 120.794211031000032, 23.51589399900007 ], [ 120.794129633205628, 23.516048250509616 ], [ 120.794043118184831, 23.516199691192089 ], [ 120.793951582883764, 23.51634815134765 ], [ 120.793855129874103, 23.516493464616346 ], [ 120.793753867238181, 23.516635468164527 ], [ 120.793647908447824, 23.516774002867322 ], [ 120.793537372237253, 23.516908913486933 ], [ 120.793422382469998, 23.51704004884661 ], [ 120.793303068000114, 23.517167262000044 ], [ 120.793263713893253, 23.517230257464188 ], [ 120.79323013995689, 23.517296514275365 ], [ 120.793202614230964, 23.517365503467577 ], [ 120.793181356469077, 23.517436674260672 ], [ 120.793166536384092, 23.517509458457518 ], [ 120.793158272293226, 23.517583274980275 ], [ 120.793156630173428, 23.517657534509446 ], [ 120.793161623134679, 23.517731644188757 ], [ 120.79317321131532, 23.517805012358281 ], [ 120.793191302200285, 23.517877053277982 ], [ 120.793215751359696, 23.517947191804012 ], [ 120.793246363601924, 23.518014867980433 ], [ 120.79328289453197, 23.518079541509643 ], [ 120.79332505250251, 23.518140696065888 ], [ 120.793372500942382, 23.51819784341739 ], [ 120.793424861043562, 23.518250527324174 ], [ 120.793481714785443, 23.518298327180499 ], [ 120.793542608272091, 23.518340861372788 ], [ 120.793607055356006, 23.518377790326269 ], [ 120.793674541519266, 23.518408819216003 ], [ 120.793744527981261, 23.518433700320617 ], [ 120.793816456000059, 23.518452235000041 ], [ 120.793882349131735, 23.518471021562291 ], [ 120.793949773759238, 23.518483218255763 ], [ 120.794018072533163, 23.518488706170068 ], [ 120.794086579581773, 23.518487431801361 ], [ 120.794154627002726, 23.518479407573963 ], [ 120.794221551374804, 23.51846471171924 ], [ 120.794286700225825, 23.518443487512897 ], [ 120.794349438393866, 23.518415941878121 ], [ 120.794409154219693, 23.518382343368199 ], [ 120.794465265510112, 23.518343019548297 ], [ 120.794517225213951, 23.518298353801896 ], [ 120.794564526755494, 23.518248781593027 ], [ 120.794606708973291, 23.518194786220768 ], [ 120.794643360616234, 23.518136894107364 ], [ 120.794674124352923, 23.518075669665933 ], [ 120.794698700255552, 23.518011709797779 ], [ 120.794716848723894, 23.517945638072959 ], [ 120.794728392821384, 23.517878098650858 ], [ 120.794733220000012, 23.517809750000026 ], [ 120.79473413911569, 23.517619519202967 ], [ 120.794729071438425, 23.517429353697235 ], [ 120.794718021987919, 23.517239441847771 ], [ 120.794701001709001, 23.517049971768262 ], [ 120.79467802746079, 23.516861131134814 ], [ 120.79464912200001, 23.516673107000031 ], [ 120.794653738190945, 23.516601092243441 ], [ 120.794664986802459, 23.516529811789425 ], [ 120.794682771648894, 23.516459875149366 ], [ 120.794706940653981, 23.516391880343836 ], [ 120.794737287151193, 23.516326408788998 ], [ 120.794773551650934, 23.516264020324972 ], [ 120.79481542405945, 23.516205248428697 ], [ 120.794862546330322, 23.516150595652249 ], [ 120.794914515526159, 23.516100529325549 ], [ 120.794970887264043, 23.51605547756029 ], [ 120.795031179515419, 23.516015825589204 ], [ 120.795094876727788, 23.515981912471965 ], [ 120.795161434233279, 23.515954028195935 ], [ 120.795230282905891, 23.515932411196516 ], [ 120.795300834028168, 23.51591724631831 ], [ 120.795372484325156, 23.515908663234537 ], [ 120.795444621122996, 23.515906735338202 ], [ 120.795516627587787, 23.515911479114546 ], [ 120.795587888000114, 23.515922854000053 ], [ 120.79565312097364, 23.515949538988899 ], [ 120.795720638064594, 23.515969759569881 ], [ 120.795789800372646, 23.515983324399812 ], [ 120.795859953429115, 23.515990105117503 ], [ 120.795930433390112, 23.515990037558414 ], [ 120.796000573318267, 23.515983122361845 ], [ 120.796069709493906, 23.515969424964879 ], [ 120.796137187695635, 23.515949074983158 ], [ 120.796202369391153, 23.515922264984365 ], [ 120.796264637779501, 23.515889248665996 ], [ 120.796323403627738, 23.515850338454669 ], [ 120.796378110846774, 23.51580590254969 ], [ 120.79642824175346, 23.515756361438878 ], [ 120.796473321969344, 23.515702183919547 ], [ 120.796512924909663, 23.515643882662406 ], [ 120.796546675819926, 23.51558200936023 ], [ 120.796574255322227, 23.515517149507335 ], [ 120.796595402437433, 23.515449916859133 ], [ 120.796609917054738, 23.515380947624326 ], [ 120.796617661825323, 23.515310894444571 ], [ 120.796618563462019, 23.515240420218667 ], [ 120.796612613432799, 23.515170191829693 ], [ 120.796599868041596, 23.51510087383442 ], [ 120.796580447895394, 23.515033122174756 ], [ 120.796554536763054, 23.514967577970694 ], [ 120.796522379836276, 23.514904861453527 ], [ 120.796484281409434, 23.514845566096735 ], [ 120.796440602000075, 23.514790253000058 ], [ 120.796273081338683, 23.514664820318199 ], [ 120.796109946907677, 23.514533733754853 ], [ 120.795951389438187, 23.514397146571916 ], [ 120.795797594310173, 23.514255218462409 ], [ 120.795648741335569, 23.51410811536379 ], [ 120.795505004548147, 23.513956009263929 ], [ 120.795366552000019, 23.513799078000034 ], [ 120.795024959498406, 23.513628803187441 ], [ 120.794680666448954, 23.513464057185768 ], [ 120.794333762330481, 23.513304882811099 ], [ 120.793984337300387, 23.513151321431476 ], [ 120.793632482171233, 23.513003412956191 ], [ 120.793278288387171, 23.512861195825387 ], [ 120.792921848000105, 23.512724707000075 ], [ 120.792849813547377, 23.512669164505525 ], [ 120.792781922932065, 23.512608626951632 ], [ 120.792718521780543, 23.512543402530863 ], [ 120.792659932863643, 23.51247382329619 ], [ 120.792606454453491, 23.512400243470651 ], [ 120.792558358804911, 23.512323037644006 ], [ 120.792515890769522, 23.512242598865736 ], [ 120.792479266549108, 23.512159336644057 ], [ 120.792448672595043, 23.512073674861128 ], [ 120.79242426465899, 23.511986049615121 ], [ 120.792406167000081, 23.51189690700005 ], [ 120.792329639506207, 23.51180986762559 ], [ 120.792247953698819, 23.511727649994278 ], [ 120.792161412775414, 23.511650559277573 ], [ 120.792070337954442, 23.511578881617112 ], [ 120.791975067283047, 23.511512883062601 ], [ 120.791875954382348, 23.511452808584309 ], [ 120.79177336713488, 23.511398881163814 ], [ 120.791667686319059, 23.511351300966325 ], [ 120.791559304195872, 23.511310244597752 ], [ 120.791448623052915, 23.511275864449146 ], [ 120.791336053711134, 23.511248288131103 ], [ 120.791222014000027, 23.511227618000078 ], [ 120.79112056999972, 23.511218336555629 ], [ 120.791019921931607, 23.511202620423983 ], [ 120.790920477534172, 23.511180533273251 ], [ 120.79082263966967, 23.511152164581361 ], [ 120.790726804692099, 23.511117629273595 ], [ 120.790633360841483, 23.511077067257009 ], [ 120.79054268667106, 23.51103064285363 ], [ 120.790455149513789, 23.51097854413479 ], [ 120.790371103994119, 23.510920982159213 ], [ 120.79029089059145, 23.51085819011799 ], [ 120.790214834260766, 23.510790422389892 ], [ 120.790143243116205, 23.510717953510852 ], [ 120.790076407182866, 23.51064107706177 ], [ 120.790014597221841, 23.5105601044792 ], [ 120.789958063633378, 23.510475363793667 ], [ 120.78990703544244, 23.510387198300762 ], [ 120.789861719370904, 23.510295965170439 ], [ 120.789822299000093, 23.510202034000031 ], [ 120.789768976397781, 23.510095048532854 ], [ 120.789721458239015, 23.509985361638957 ], [ 120.789679880832068, 23.509873287960797 ], [ 120.789644363443855, 23.509759148987435 ], [ 120.789615007957821, 23.509643272132347 ], [ 120.789591898581676, 23.509525989794213 ], [ 120.789575101605834, 23.509407638403399 ], [ 120.789564665213291, 23.509288557456912 ], [ 120.789560619341373, 23.509169088544532 ], [ 120.789562975595857, 23.50904957436893 ], [ 120.789571727217705, 23.508930357762623 ], [ 120.789586849102463, 23.508811780704526 ], [ 120.789608297872206, 23.508694183338989 ], [ 120.789636012000074, 23.508577903000059 ], [ 120.789664504118335, 23.508512109998929 ], [ 120.789699153384632, 23.508449340992673 ], [ 120.789739642628334, 23.508390170552882 ], [ 120.789785601221155, 23.508335140310777 ], [ 120.789836608469798, 23.50828475399927 ], [ 120.789892197466799, 23.508239472841893 ], [ 120.789951859364564, 23.508199711330899 ], [ 120.790015048033169, 23.50816583343309 ], [ 120.790081185059563, 23.508138149258169 ], [ 120.790149665042136, 23.508116912220064 ], [ 120.790219861132471, 23.508102316717245 ], [ 120.790291130773326, 23.508094496353248 ], [ 120.790362821580459, 23.508093522713704 ], [ 120.790434277314361, 23.508099404711064 ], [ 120.790504843887348, 23.508112088503015 ], [ 120.790573875350859, 23.508131457985336 ], [ 120.790640739808381, 23.50815733585469 ], [ 120.790704825199569, 23.508189485231611 ], [ 120.790765544902996, 23.508227611828843 ], [ 120.790822343105873, 23.508271366645168 ], [ 120.790874699891802, 23.508320349160076 ], [ 120.790922136000063, 23.508374111000023 ], [ 120.791025155759499, 23.508574621227545 ], [ 120.7911337290153, 23.508772179498187 ], [ 120.791247771255982, 23.508966632036138 ], [ 120.791367193713114, 23.509157827483023 ], [ 120.791491903430384, 23.509345617015729 ], [ 120.791621803335985, 23.509529854462247 ], [ 120.791756792318154, 23.50971039641545 ], [ 120.791896765303903, 23.509887102344713 ], [ 120.792041613340743, 23.510059834705309 ], [ 120.79219122368157, 23.510228459045461 ], [ 120.792345479872381, 23.510392844111003 ], [ 120.792504261842907, 23.510552861947545 ], [ 120.79266744600011, 23.510708388000069 ], [ 120.792787173430739, 23.510797118733723 ], [ 120.792910510164077, 23.510880759937379 ], [ 120.793037239990241, 23.510959164987604 ], [ 120.793167140751223, 23.51103219643997 ], [ 120.793299984730382, 23.511099726269983 ], [ 120.793435539051572, 23.511161636097533 ], [ 120.793573566087417, 23.511217817394389 ], [ 120.793713823875848, 23.511268171674466 ], [ 120.793856066544308, 23.511312610666476 ], [ 120.794000044740699, 23.511351056468644 ], [ 120.794145506070549, 23.511383441685297 ], [ 120.794292195539441, 23.511409709544996 ], [ 120.794439856000054, 23.511429814000053 ], [ 120.794574266201749, 23.51145390769824 ], [ 120.794707226287144, 23.511485024001136 ], [ 120.794838369606026, 23.511523077102552 ], [ 120.794967334518091, 23.511567962067403 ], [ 120.795093765390206, 23.511619555121094 ], [ 120.795217313577112, 23.511677713990814 ], [ 120.795337638382804, 23.511742278297898 ], [ 120.795454408000069, 23.511813070000073 ], [ 120.79551067237287, 23.51185090570921 ], [ 120.79557061497546, 23.511882593323932 ], [ 120.795633566542534, 23.511907779048769 ], [ 120.795698824213375, 23.511926181682515 ], [ 120.795765659379398, 23.511937595757878 ], [ 120.795833325819089, 23.511941893835534 ], [ 120.795901068029721, 23.511939027927003 ], [ 120.79596812966254, 23.511929030030444 ], [ 120.796033761967536, 23.511912011773408 ], [ 120.796097232153301, 23.511888163166475 ], [ 120.796157831568664, 23.511857750481791 ], [ 120.796214883614951, 23.51182111328011 ], [ 120.796267751300192, 23.511778660619541 ], [ 120.79631584435127, 23.511730866488406 ], [ 120.796358625804316, 23.511678264513087 ], [ 120.79639561800002, 23.511621442000035 ], [ 120.796470135578375, 23.511576445240042 ], [ 120.796547939565002, 23.511537405291801 ], [ 120.796628554730688, 23.511504560612551 ], [ 120.796711488675442, 23.511478111818629 ], [ 120.796796234836123, 23.51145822046011 ], [ 120.796882275580487, 23.511445008034038 ], [ 120.796969085368957, 23.511438555242329 ], [ 120.797056133964574, 23.511438901498842 ], [ 120.79714288967179, 23.511446044688629 ], [ 120.797228822583975, 23.511459941180863 ], [ 120.797313407820198, 23.511480506095328 ], [ 120.797396128731151, 23.511507613820875 ], [ 120.797476480054897, 23.511541098782658 ], [ 120.797553971003012, 23.511580756453476 ], [ 120.797628128258324, 23.511626344603012 ], [ 120.797698498865969, 23.511677584777416 ], [ 120.797764653000058, 23.511734164000075 ], [ 120.797831567865416, 23.511794628448328 ], [ 120.797902632884558, 23.511850156024938 ], [ 120.797977484617761, 23.511900462751566 ], [ 120.7980557402594, 23.511945291350276 ], [ 120.798136999595556, 23.51198441255929 ], [ 120.798220847050942, 23.512017626305486 ], [ 120.798306853814069, 23.512044762727594 ], [ 120.798394580030404, 23.51206568304492 ], [ 120.798483577051783, 23.512080280267071 ], [ 120.798573389730919, 23.512088479741148 ], [ 120.798663558749098, 23.512090239533521 ], [ 120.798753622965222, 23.512085550644276 ], [ 120.798843121774169, 23.512074437053272 ], [ 120.798931597462428, 23.512056955597473 ], [ 120.799018597548894, 23.512033195680289 ], [ 120.799103677098969, 23.512003278814344 ], [ 120.799186401000043, 23.511967358000049 ], [ 120.79924703194267, 23.511945478806059 ], [ 120.799309524497886, 23.511929683525867 ], [ 120.799373269811369, 23.511920126050203 ], [ 120.799437646823421, 23.511916899495912 ], [ 120.799502028319793, 23.511920035298765 ], [ 120.799565787042511, 23.511929502907172 ], [ 120.799628301801263, 23.511945210079841 ], [ 120.799688963525369, 23.511967003784459 ], [ 120.799747181198015, 23.511994671688687 ], [ 120.799802387614363, 23.512027944228844 ], [ 120.799854044907676, 23.512066497236255 ], [ 120.799901649789774, 23.512109955095536 ], [ 120.799944738454414, 23.512157894404176 ], [ 120.799982891096079, 23.512209848097665 ], [ 120.800015736000091, 23.512265310000032 ], [ 120.800828936000016, 23.513253087000066 ], [ 120.800871733727519, 23.513342649211104 ], [ 120.800909397759327, 23.513434488504618 ], [ 120.800941807531458, 23.513528310899581 ], [ 120.800968859299005, 23.513623816066971 ], [ 120.800990466468235, 23.513720698291159 ], [ 120.801006559873798, 23.513818647448495 ], [ 120.801017088000094, 23.513917350000042 ], [ 120.801032860240184, 23.514004932438418 ], [ 120.801055473092902, 23.514091002793133 ], [ 120.801084786416226, 23.514175027647457 ], [ 120.801120618542299, 23.514256486261552 ], [ 120.801162747403311, 23.514334873799712 ], [ 120.801210911907745, 23.51440970445908 ], [ 120.80126481355849, 23.514480514480383 ], [ 120.80132411830273, 23.514546865022041 ], [ 120.801388458602304, 23.514608344879878 ], [ 120.801457435711399, 23.514664573035549 ], [ 120.801530622147823, 23.514715201017861 ], [ 120.801607564342277, 23.514759915062417 ], [ 120.801687785449374, 23.514798438056157 ], [ 120.801770788302775, 23.514830531254749 ], [ 120.801856058496455, 23.514855995762193 ], [ 120.801943067572623, 23.51487467376348 ], [ 120.802031276296887, 23.514886449502619 ], [ 120.802120138000078, 23.514891250000062 ], [ 120.802247747814363, 23.514903556657323 ], [ 120.802375836385821, 23.51490894519852 ], [ 120.802504028938017, 23.514907399857233 ], [ 120.802631950390236, 23.514898925155006 ], [ 120.802759226455009, 23.514883545888107 ], [ 120.80288548473321, 23.514861307054982 ], [ 120.803010355803693, 23.5148322737246 ], [ 120.803133474304133, 23.514796530846063 ], [ 120.803254480000078, 23.514754183000036 ], [ 120.803327314054741, 23.514727685410325 ], [ 120.803402023971927, 23.51470706139386 ], [ 120.803478136913611, 23.514692441479749 ], [ 120.80355517116206, 23.514683918197218 ], [ 120.803632639168612, 23.514681545490006 ], [ 120.803710050639367, 23.514685338374939 ], [ 120.803786915638213, 23.5146952728469 ], [ 120.803862747687646, 23.514711286030767 ], [ 120.803937066847723, 23.514733276579314 ], [ 120.804009402753522, 23.51476110531468 ], [ 120.804079297592125, 23.514794596109187 ], [ 120.804146309000089, 23.514833537000072 ], [ 120.804239294488553, 23.514890954237288 ], [ 120.804335786464662, 23.514942260559927 ], [ 120.804435383879806, 23.514987242724061 ], [ 120.804537672778324, 23.51502571377079 ], [ 120.804642228017912, 23.51505751380331 ], [ 120.804748615036743, 23.515082510651474 ], [ 120.80485639165957, 23.515100600421153 ], [ 120.804965109935551, 23.515111707926021 ], [ 120.805074318000038, 23.51511578700007 ], [ 120.805188633097103, 23.51514171791538 ], [ 120.805301656149609, 23.515172800762521 ], [ 120.805413155097924, 23.515208971722 ], [ 120.805522901011699, 23.515250156527372 ], [ 120.805630668559942, 23.515296270617736 ], [ 120.805736236473635, 23.515347219311355 ], [ 120.805839388000095, 23.515402898000048 ], [ 120.805880005980541, 23.515473727082288 ], [ 120.805914596372801, 23.515547687098444 ], [ 120.805942919801822, 23.515624266224808 ], [ 120.805964780261661, 23.515702934512714 ], [ 120.805980026471914, 23.515783147555911 ], [ 120.805988552924603, 23.515864350258028 ], [ 120.805990300614312, 23.515945980673969 ], [ 120.805985257446565, 23.516027473898752 ], [ 120.805973458321461, 23.516108265976786 ], [ 120.80595498489221, 23.516187797804616 ], [ 120.805929965000018, 23.516265519000058 ], [ 120.805892924827518, 23.516358735617647 ], [ 120.805850282403355, 23.516449526232993 ], [ 120.80580219569039, 23.516537554525087 ], [ 120.805748842819028, 23.516622494405546 ], [ 120.805690421427485, 23.51670403122657 ], [ 120.805627147929528, 23.516781862946523 ], [ 120.805559256712925, 23.516855701248783 ], [ 120.805486999271082, 23.516925272609786 ], [ 120.8054106432715, 23.516990319312246 ], [ 120.80533047156419, 23.517050600399834 ], [ 120.805246781133931, 23.517105892569781 ], [ 120.805159882000112, 23.517155991000038 ], [ 120.80510924571152, 23.517199815338095 ], [ 120.80506351237058, 23.517248734330881 ], [ 120.80502319181268, 23.517302202629345 ], [ 120.80498873353153, 23.517359624168755 ], [ 120.804960521668107, 23.517420358813656 ], [ 120.804938870728336, 23.517483729494071 ], [ 120.80492402207696, 23.5175490297535 ], [ 120.804916141246778, 23.517615531624482 ], [ 120.8049153160933, 23.517682493744005 ], [ 120.804921555815341, 23.517749169618185 ], [ 120.804934790852457, 23.517814815944217 ], [ 120.804954873660435, 23.517878700896691 ], [ 120.804981580356085, 23.517940112285999 ], [ 120.805014613213075, 23.517998365497824 ], [ 120.805053603981051, 23.518052811125212 ], [ 120.805098117990823, 23.518102842208176 ], [ 120.805147659000113, 23.518147901000077 ], [ 120.805220264960738, 23.518266587508247 ], [ 120.805298790551987, 23.518381443262385 ], [ 120.805383034099592, 23.518492173282834 ], [ 120.805472779244042, 23.518598493185902 ], [ 120.805567795496302, 23.518700129914233 ], [ 120.805667838829763, 23.518796822438091 ], [ 120.805772652306942, 23.518888322425752 ], [ 120.805881966739378, 23.518974394881283 ], [ 120.805995501378987, 23.519054818748081 ], [ 120.80611296463907, 23.519129387476593 ], [ 120.806234054843202, 23.519197909554791 ], [ 120.806358461000059, 23.519260209000038 ], [ 120.806290902630664, 23.519208042466108 ], [ 120.806227613732204, 23.519150771217909 ], [ 120.806168979020995, 23.519088743392064 ], [ 120.806115354921772, 23.519022336039153 ], [ 120.806067067401116, 23.518951952831731 ], [ 120.806024409985966, 23.518878021610519 ], [ 120.805987641979343, 23.51880099178365 ], [ 120.805956986884141, 23.518721331594872 ], [ 120.805932631044499, 23.518639525277187 ], [ 120.805914722513052, 23.518556070109348 ], [ 120.805903370150986, 23.518471473393021 ], [ 120.80589864296627, 23.518386249369044 ], [ 120.805900569694202, 23.518300916091494 ], [ 120.80590913862271, 23.518215992278567 ], [ 120.80592429766358, 23.518131994159432 ], [ 120.805945954669042, 23.51804943233622 ], [ 120.80597397799194, 23.517968808680191 ], [ 120.806008197286005, 23.517890613281018 ], [ 120.806048404541258, 23.517815321467634 ], [ 120.806094355348563, 23.517743390918866 ], [ 120.806145770385214, 23.517675258881297 ], [ 120.806202337112964, 23.517611339511387 ], [ 120.806263711677772, 23.517552021357908 ], [ 120.806329521000066, 23.517497665000064 ], [ 120.806497266044431, 23.517385550378133 ], [ 120.806668130142029, 23.517278249173508 ], [ 120.806841975212222, 23.517175848099651 ], [ 120.807018660765394, 23.517078429910072 ], [ 120.807198044016417, 23.516986073331456 ], [ 120.807379980000064, 23.516898853000043 ], [ 120.807448944416379, 23.516881372439727 ], [ 120.807515915536683, 23.516857361405787 ], [ 120.807580276524959, 23.516827041051325 ], [ 120.807641434585733, 23.516790690641297 ], [ 120.80769882642403, 23.516748644980364 ], [ 120.807751923433585, 23.516701291329152 ], [ 120.807800236565555, 23.516649065837427 ], [ 120.807843320832902, 23.516592449526939 ], [ 120.807880779408933, 23.516531963860963 ], [ 120.807912267282248, 23.516468165941404 ], [ 120.807937494434483, 23.516401643377591 ], [ 120.807956228511529, 23.516333008874138 ], [ 120.807968296963551, 23.516262894587634 ], [ 120.80797358863434, 23.516191946304168 ], [ 120.807972054785097, 23.516120817491348 ], [ 120.807963709543301, 23.516050163279544 ], [ 120.807948629772611, 23.515980634427819 ], [ 120.807926954364916, 23.51591287133013 ], [ 120.807898882961112, 23.515847498117004 ], [ 120.80786467411221, 23.515785116906983 ], [ 120.807824642898083, 23.51572630226083 ], [ 120.807779158025355, 23.51567159588955 ], [ 120.807728638431428, 23.515621501664974 ], [ 120.807673549425914, 23.515576480978854 ], [ 120.807614398404908, 23.515536948493235 ], [ 120.807551730177565, 23.515503268321204 ], [ 120.807486121948216, 23.515475750673243 ], [ 120.807418178000034, 23.515454649000048 ], [ 120.807329462721455, 23.515377090138667 ], [ 120.80724527850802, 23.51529463532777 ], [ 120.80716589515167, 23.515207548816946 ], [ 120.807091567058663, 23.515116109699374 ], [ 120.807022532434246, 23.515020611017373 ], [ 120.806959012519243, 23.51492135882329 ], [ 120.806901210881065, 23.51481867119864 ], [ 120.806849312761287, 23.514712877234746 ], [ 120.806803484482018, 23.514604315978076 ], [ 120.806763872912811, 23.514493335343648 ], [ 120.806730605000098, 23.514380291000066 ], [ 120.806701373517683, 23.51426120634817 ], [ 120.806665344908097, 23.514143998954317 ], [ 120.806622638323233, 23.514029056440467 ], [ 120.806573394999972, 23.513916758938286 ], [ 120.806517777793189, 23.513807477831996 ], [ 120.806455970637103, 23.51370157453017 ], [ 120.806388177936995, 23.513599399270479 ], [ 120.806314623893215, 23.513501289961415 ], [ 120.806235551759713, 23.513407571064782 ], [ 120.806151223039592, 23.513318552522648 ], [ 120.806061916620223, 23.513234528732319 ], [ 120.805967927850958, 23.513155777572738 ], [ 120.805869567566404, 23.513082559485479 ], [ 120.805767161058341, 23.513015116613438 ], [ 120.805661047000058, 23.512953672000037 ], [ 120.80550922511128, 23.512820237716703 ], [ 120.8053622378347, 23.512681495746104 ], [ 120.80522027061977, 23.512537621134829 ], [ 120.805083502582292, 23.51238879540518 ], [ 120.804952106278407, 23.512235206326121 ], [ 120.804826247486886, 23.512077047676406 ], [ 120.804706085000021, 23.511914519000072 ], [ 120.804633116884048, 23.511874873022343 ], [ 120.804563443303621, 23.511829687386452 ], [ 120.804497483966074, 23.511779234286557 ], [ 120.804435636204431, 23.511723817647542 ], [ 120.804378272584003, 23.511663771294195 ], [ 120.804325738658008, 23.511599456940292 ], [ 120.804278350886037, 23.51153126200964 ], [ 120.80423639472771, 23.511459597302302 ], [ 120.804200122923106, 23.511384894519953 ], [ 120.804169753970299, 23.511307603665358 ], [ 120.804145470809075, 23.51122819033159 ], [ 120.804127419718995, 23.511147132897346 ], [ 120.804115709438179, 23.511064919645236 ], [ 120.804110410508301, 23.510982045820409 ], [ 120.804111554849626, 23.510899010647247 ], [ 120.80411913556874, 23.510816314322074 ], [ 120.804133107000098, 23.510734455000033 ], [ 120.804223473085003, 23.510793600680891 ], [ 120.804317417233833, 23.510846880487257 ], [ 120.804414559207572, 23.510894078769063 ], [ 120.804514505823974, 23.510935004491223 ], [ 120.804616852549046, 23.510969492006847 ], [ 120.804721185134312, 23.510997401727678 ], [ 120.804827081293553, 23.5110186206891 ], [ 120.804934112411971, 23.51103306300735 ], [ 120.805041845281011, 23.511040670227132 ], [ 120.805149843851808, 23.511041411558214 ], [ 120.805257671000049, 23.511035284000059 ], [ 120.805410977235468, 23.51108480060563 ], [ 120.805562146797683, 23.511140500331912 ], [ 120.805710930425192, 23.511202291336364 ], [ 120.805857082790652, 23.511270071732621 ], [ 120.806000362905365, 23.511343729758487 ], [ 120.806140534516643, 23.511423143960219 ], [ 120.806277366497397, 23.511508183392788 ], [ 120.806410633227159, 23.511598707835805 ], [ 120.806540114964207, 23.511694568024719 ], [ 120.806665598207815, 23.511795605896928 ], [ 120.806786876050325, 23.511901654852434 ], [ 120.806903748518295, 23.512012540028515 ], [ 120.807016022902303, 23.512128078588074 ], [ 120.807123514074561, 23.512248080021113 ], [ 120.807226044794334, 23.512372346458861 ], [ 120.807323446000055, 23.512500673000034 ], [ 120.808399116000032, 23.513560251000058 ], [ 120.808474408156869, 23.513630032510797 ], [ 120.808554121013898, 23.513694718123936 ], [ 120.808637910324933, 23.513754028489632 ], [ 120.808725414239319, 23.513807707471457 ], [ 120.808816254864595, 23.513855523252548 ], [ 120.808910039898464, 23.513897269336738 ], [ 120.809006364322954, 23.51393276544032 ], [ 120.809104812153549, 23.513961858270601 ], [ 120.80920495823564, 23.513984422187935 ], [ 120.809306370080577, 23.514000359748291 ], [ 120.80940860973341, 23.514009602124077 ], [ 120.80951123566426, 23.514012109401367 ], [ 120.809613804675067, 23.514007870752298 ], [ 120.809715873813559, 23.513996904481797 ], [ 120.809817002286252, 23.513979257948563 ], [ 120.809916753361946, 23.513955007360519 ], [ 120.810014696257866, 23.513924257445716 ], [ 120.810110408000014, 23.513887141000055 ], [ 120.810249795203248, 23.513854964109964 ], [ 120.810390547150703, 23.51382940958068 ], [ 120.810532349393668, 23.513810534502632 ], [ 120.810674885136976, 23.513798381043937 ], [ 120.810817835946807, 23.513792976356186 ], [ 120.810960882462027, 23.513794332513793 ], [ 120.811103705107698, 23.513802446487016 ], [ 120.811245984809048, 23.513817300148727 ], [ 120.811387403704217, 23.513838860314909 ], [ 120.811527645854511, 23.513867078818794 ], [ 120.811666397950106, 23.513901892618463 ], [ 120.811803350010081, 23.513943223937691 ], [ 120.811938196074891, 23.513990980439708 ], [ 120.812070634889935, 23.514045055433474 ], [ 120.812200370578537, 23.514105328112048 ], [ 120.812327113302999, 23.514171663822463 ], [ 120.812450579912081, 23.51424391436656 ], [ 120.812570494573592, 23.514321918332069 ], [ 120.812686589390609, 23.514405501453211 ], [ 120.812798605000012, 23.514494477000028 ], [ 120.812952458891203, 23.514602897268201 ], [ 120.813102568500923, 23.514716444965046 ], [ 120.81324876302385, 23.514834990888005 ], [ 120.813390876109594, 23.514958400147172 ], [ 120.813528746051858, 23.515086532318801 ], [ 120.813662215972514, 23.515219241605084 ], [ 120.813791134000098, 23.515356377000046 ], [ 120.812318312000116, 23.513549840000053 ], [ 120.811875263000047, 23.513357576000033 ], [ 120.810989167000116, 23.513141277000045 ], [ 120.809868516000051, 23.512973045000024 ], [ 120.809243037000101, 23.512540447000049 ], [ 120.808617557000048, 23.511723314000051 ], [ 120.808081664000042, 23.511310240000057 ], [ 120.807755894000024, 23.510559191000027 ], [ 120.806900745, 23.509620375000054 ], [ 120.805719827000075, 23.509057082000027 ], [ 120.805231172000049, 23.508794211000065 ], [ 120.804883016000076, 23.508493609000027 ], [ 120.804273281000064, 23.507223233000047 ], [ 120.804102732000047, 23.506625562000067 ], [ 120.804307391000066, 23.50596497600003 ], [ 120.806251648000057, 23.50448650900006 ], [ 120.807635141000105, 23.503927832000045 ], [ 120.808224558, 23.503827170000022 ], [ 120.808923125000092, 23.50396809800003 ], [ 120.809578033000093, 23.50420968800006 ], [ 120.809970978000024, 23.504169423000064 ], [ 120.810407583000028, 23.503947965000066 ], [ 120.810713207000049, 23.503605712000024 ], [ 120.810844189000022, 23.503243325000028 ], [ 120.81117164200009, 23.50294133500006 ], [ 120.811608247000095, 23.502820539000027 ], [ 120.812175834000072, 23.502518549000058 ], [ 120.812459627000067, 23.502216557000054 ], [ 120.812983554000084, 23.501894432000029 ], [ 120.813507480000112, 23.502055494000047 ], [ 120.813791273000106, 23.502438017000031 ], [ 120.814555332000054, 23.502901070000064 ], [ 120.815232070000093, 23.503303723000045 ], [ 120.81564684500006, 23.503766772000063 ], [ 120.815952469000081, 23.504189555000039 ], [ 120.816301752000072, 23.504390880000074 ], [ 120.816656034000061, 23.504531860000043 ], [ 120.816681206000112, 23.505098618000034 ], [ 120.81659801, 23.505451556000025 ], [ 120.816365059000077, 23.505973288000064 ], [ 120.816365059000077, 23.506341568000039 ], [ 120.816514813000026, 23.506556397000054 ], [ 120.816830960000061, 23.506801917000075 ], [ 120.817330139000092, 23.506878641000071 ], [ 120.817679564000059, 23.507108814000048 ], [ 120.817979071000082, 23.507062780000069 ], [ 120.818328497000039, 23.506801917000075 ], [ 120.818561447000093, 23.506556397000054 ], [ 120.818711201000042, 23.506142083000043 ], [ 120.818948811000041, 23.505954874000054 ], [ 120.819246987000042, 23.505768278000062 ], [ 120.819347655000115, 23.505549381000037 ], [ 120.81960764400003, 23.505213707000053 ], [ 120.82107398200003, 23.504346704000056 ], [ 120.821739555000022, 23.503548751000039 ], [ 120.821989145000089, 23.503195808000044 ], [ 120.821972505000076, 23.502842865000048 ], [ 120.821822751000013, 23.502674065000065 ], [ 120.821306815000071, 23.502424676000032 ], [ 120.820807754000043, 23.502167665000059 ], [ 120.820691278000027, 23.502014210000027 ], [ 120.820478409000089, 23.501494598000079 ], [ 120.820025707000013, 23.500541035000026 ], [ 120.819593084000076, 23.499957898000048 ], [ 120.819360134000021, 23.499466834000032 ], [ 120.818437693000078, 23.498284244000047 ], [ 120.818411694000019, 23.497876616000042 ], [ 120.818801678000113, 23.497301140000047 ], [ 120.819289826000045, 23.496611578000056 ], [ 120.820530606000034, 23.495877427000039 ], [ 120.820733722000114, 23.495277964000024 ], [ 120.820652476000078, 23.494828365000046 ], [ 120.820485697000095, 23.494267389000072 ], [ 120.820021545000031, 23.493905160000054 ], [ 120.819414576000099, 23.49321363100006 ], [ 120.818986126000027, 23.492324516000053 ], [ 120.818843310000034, 23.491007297000067 ], [ 120.818983477000074, 23.490135789000078 ], [ 120.822016183000073, 23.486951739000062 ], [ 120.822175297000058, 23.486468299000023 ], [ 120.822362489000056, 23.486226578000071 ], [ 120.822675486000094, 23.486080906000041 ], [ 120.824433230000068, 23.485861783000075 ], [ 120.825381619000041, 23.486016151000058 ], [ 120.826441584, 23.485655958000052 ], [ 120.827392694000082, 23.48550033500004 ], [ 120.827729055000077, 23.485513824000066 ], [ 120.828138538000076, 23.485608246000027 ], [ 120.828694264000092, 23.485743135000064 ], [ 120.829045249000046, 23.485756624000032 ], [ 120.829308489000027, 23.485608246000027 ], [ 120.829454733000034, 23.48550033500004 ], [ 120.829966587000058, 23.485001242000067 ], [ 120.830419942000049, 23.484421213000076 ], [ 120.830383268000105, 23.483356745000037 ], [ 120.830518489000042, 23.483027796000044 ], [ 120.83090968700003, 23.482770058000028 ], [ 120.831454571000108, 23.482795833000068 ], [ 120.832027396000058, 23.48271851100003 ], [ 120.832404622000013, 23.482331903000045 ], [ 120.832739936000053, 23.481726215000037 ], [ 120.832823764000068, 23.481313830000033 ], [ 120.832892747000074, 23.480572018000032 ], [ 120.832980069000087, 23.48008875000005 ], [ 120.833176540000068, 23.479847115000041 ], [ 120.833438503000025, 23.47950479800005 ], [ 120.83387161600001, 23.478775057000064 ], [ 120.834081187000038, 23.478555973000027 ], [ 120.834374585000091, 23.478246677000072 ], [ 120.834500327000114, 23.477950268000029 ], [ 120.834584155000016, 23.47749920800004 ], [ 120.834793726000044, 23.477202797000075 ], [ 120.835240810000073, 23.477177022000035 ], [ 120.835645979000105, 23.477512096000055 ], [ 120.836131812000076, 23.477713915000038 ], [ 120.836560231000021, 23.477914021000061 ], [ 120.836909515000116, 23.477853612000047 ], [ 120.837215139000023, 23.477672383000026 ], [ 120.837564422000014, 23.477229378000061 ], [ 120.837760895000088, 23.476766234000024 ], [ 120.837826386000074, 23.476242678000062 ], [ 120.838041959000066, 23.474724858000059 ], [ 120.838246617000095, 23.474095574000046 ], [ 120.838587716, 23.473938253000028 ], [ 120.839065252000069, 23.473655075000067 ], [ 120.839542789, 23.473655075000067 ], [ 120.839952107000045, 23.473906789000068 ], [ 120.840531973000111, 23.474095574000046 ], [ 120.841079094000065, 23.474329668000053 ], [ 120.841755831000114, 23.474309532000063 ], [ 120.842105116000084, 23.474188709000032 ], [ 120.842476230000102, 23.474088023000036 ], [ 120.842869174000043, 23.474027612000043 ], [ 120.84324028900005, 23.473926926000047 ], [ 120.843633234000094, 23.473745692000023 ], [ 120.843917027000089, 23.473504045000027 ], [ 120.844288142000096, 23.473383222000052 ], [ 120.844768407000061, 23.473222124000074 ], [ 120.845095861000118, 23.473222124000074 ], [ 120.845554296000046, 23.473222124000074 ], [ 120.845934109000041, 23.473478087000046 ] ], [ [ 120.442524616622379, 24.04906982419023 ], [ 120.44455382000001, 24.048587362000035 ], [ 120.445690358000093, 24.048293368000031 ] ], [ [ 120.445690358000093, 24.048293368000031 ], [ 120.444553820230141, 24.04858736237253 ], [ 120.442524616622379, 24.04906982419023 ] ], [ [ 120.442998428490085, 23.704871542573365 ], [ 120.442998488426852, 23.704871564310267 ] ], [ [ 120.469227831156786, 23.629875094134743 ], [ 120.46909402832695, 23.629090885371731 ], [ 120.468402437580153, 23.624998556581559 ], [ 120.468235494706306, 23.623894024092426 ], [ 120.468124212501834, 23.623369571489917 ], [ 120.467726822874411, 23.622257104701898 ], [ 120.467408916065764, 23.621446594667297 ], [ 120.466979757379221, 23.620604305085848 ], [ 120.464889587473394, 23.616369015242832 ], [ 120.463037830846446, 23.61246745919544 ], [ 120.460947662021255, 23.608248061997475 ], [ 120.458825719281606, 23.604219378591491 ], [ 120.458023051874378, 23.602940059813651 ], [ 120.457403189821989, 23.602272599642898 ], [ 120.455712536917403, 23.600619566542441 ], [ 120.451093332106538, 23.59580460850102 ], [ 120.447350319111933, 23.591776009595552 ], [ 120.444100028332883, 23.5884625555138 ], [ 120.439896095487839, 23.583988985535701 ], [ 120.439586152272071, 23.583456596937769 ], [ 120.439347725405781, 23.582900365589808 ], [ 120.439220548471212, 23.582344128438987 ], [ 120.439093373489399, 23.581819676647164 ], [ 120.438457516157129, 23.57948348591885 ], [ 120.437130186823865, 23.57497798049571 ], [ 120.435993587329449, 23.570726747997181 ], [ 120.434793416505556, 23.566475518811519 ], [ 120.433720414840124, 23.562653385339868 ], [ 120.43247255779076, 23.558275017200533 ], [ 120.432321504111584, 23.55710691313908 ], [ 120.43189233096615, 23.556026233305488 ], [ 120.431561109218876, 23.554810847633021 ], [ 120.43112933495091, 23.553753619913362 ], [ 120.431041894573383, 23.553268897749419 ], [ 120.43091471379671, 23.552649089881719 ], [ 120.429913262751015, 23.549359357433946 ], [ 120.42872898994392, 23.5451875908064 ], [ 120.42775134952727, 23.5414290230771 ], [ 120.427655946681398, 23.540682072121442 ], [ 120.427695623792886, 23.539784133680246 ], [ 120.427997487624467, 23.538147172007605 ], [ 120.428219949525356, 23.537527345938329 ], [ 120.428935042977898, 23.536144645625448 ], [ 120.431008852749926, 23.532767343373262 ], [ 120.433114452133978, 23.52945361022261 ], [ 120.435537868599965, 23.525488260745746 ], [ 120.437881829618945, 23.521665949566056 ], [ 120.440432369481641, 23.517382740017702 ], [ 120.442919355497807, 23.51338560204762 ], [ 120.445771841062026, 23.508800416037381 ], [ 120.446113505679435, 23.508283886231656 ], [ 120.446399541932195, 23.507711734946781 ], [ 120.446749116529915, 23.506599229306527 ], [ 120.447082756499213, 23.504803339345326 ], [ 120.447209873036201, 23.504374230430741 ], [ 120.447265463504365, 23.503810037473261 ], [ 120.447996359561884, 23.500949317449333 ], [ 120.448202904392005, 23.499932175328667 ], [ 120.449052958467078, 23.496443688362511 ], [ 120.449307178937801, 23.495378865739593 ], [ 120.449998321105369, 23.492160562585465 ], [ 120.450236669135379, 23.491429487026757 ], [ 120.450236633207993, 23.490841457956687 ], [ 120.45011740238921, 23.490277274097839 ], [ 120.449815382961418, 23.489371407169664 ], [ 120.449497489136292, 23.488767501940561 ], [ 120.449163707319954, 23.488243060924667 ], [ 120.448098812816554, 23.487035272761588 ], [ 120.44600875933169, 23.484675318730783 ], [ 120.44410149349018, 23.482641155080959 ] ], [ [ 120.445690358000093, 24.048293368000031 ], [ 120.445690358156398, 24.048293367960028 ], [ 120.445717425638307, 24.048288791734013 ] ], [ [ 120.445717425638307, 24.048288791734013 ], [ 120.446386002000054, 24.048175757000024 ], [ 120.446875897000041, 24.048185529000023 ], [ 120.446875897309127, 24.048185529164954 ] ], [ [ 120.446875897309127, 24.048185529164954 ], [ 120.446386001674725, 24.048175757390393 ], [ 120.445717425638307, 24.048288791734013 ] ], [ [ 120.446875897309127, 24.048185529164954 ], [ 120.447561766000035, 24.048435336000068 ], [ 120.450479733753198, 24.049442760207715 ] ], [ [ 120.450479733753198, 24.049442760207715 ], [ 120.447561766072454, 24.048435336652776 ], [ 120.446875897309127, 24.048185529164954 ] ], [ [ 120.450479733753198, 24.049442760207715 ], [ 120.450697162000097, 24.049517827000045 ], [ 120.450697162373999, 24.049517827082362 ], [ 120.453090545584729, 24.050395244596924 ], [ 120.45378357200002, 24.05064930900005 ], [ 120.453783572242557, 24.05064930910482 ], [ 120.454014724577064, 24.050732666365022 ] ], [ [ 120.458996756470782, 24.052522020086776 ], [ 120.456948365911472, 24.051790584748474 ], [ 120.454014724577064, 24.050732666365022 ] ], [ [ 120.454014724577064, 24.050732666365022 ], [ 120.456948366, 24.051790585000049 ], [ 120.458996756470782, 24.052522020086776 ] ], [ [ 120.455166332470284, 23.600652465321687 ], [ 120.455136617753652, 23.600625635755488 ] ], [ [ 120.457121291000021, 23.60238107300006 ], [ 120.456354735000104, 23.601785939000024 ], [ 120.455173325000032, 23.600658779000071 ], [ 120.455166332470284, 23.600652465321687 ] ], [ [ 120.456470817000081, 23.612864991000038 ], [ 120.456130154976549, 23.613293613733767 ], [ 120.456385161486523, 23.612972763554122 ], [ 120.456422888504861, 23.612925295101228 ], [ 120.456470817000081, 23.612864991000038 ] ], [ [ 120.469227831156786, 23.629875094134743 ], [ 120.469227829000033, 23.629875094000056 ], [ 120.469068840000091, 23.629865166000059 ], [ 120.468687355000043, 23.62977935400005 ], [ 120.467748893000021, 23.629420816000049 ], [ 120.465437067000039, 23.628450082000029 ], [ 120.463415175000023, 23.627624292000064 ], [ 120.460653190000016, 23.626434233000055 ], [ 120.459128096000086, 23.625710285000025 ], [ 120.457994008000014, 23.625167976000057 ], [ 120.455907466000099, 23.624515659000053 ], [ 120.454805456000031, 23.624346372000048 ], [ 120.453572767000082, 23.624017729000059 ], [ 120.452997506000088, 23.623754792000057 ], [ 120.452734498000041, 23.623130261000028 ], [ 120.452667512000062, 23.621923772000059 ], [ 120.452741446000118, 23.619256284000073 ], [ 120.452771184000085, 23.616056603000061 ], [ 120.453252063000036, 23.615495644000077 ], [ 120.453564610000058, 23.615219223000054 ], [ 120.454205472000012, 23.614845344000059 ], [ 120.454243618000078, 23.61481100900005 ], [ 120.455056010000021, 23.614403620000076 ], [ 120.455543925000029, 23.614063244000079 ], [ 120.455934373000105, 23.61353994600006 ], [ 120.456470817000081, 23.612864991000038 ] ], [ [ 120.456470817000081, 23.612864991000038 ], [ 120.457630264000045, 23.611965029000032 ] ], [ [ 120.457932950000099, 23.603210665000063 ], [ 120.457121291000021, 23.60238107300006 ] ], [ [ 120.457932950000099, 23.603210665000063 ], [ 120.457808849854175, 23.603083823896924 ], [ 120.457121291000021, 23.60238107300006 ] ], [ [ 120.457630264000045, 23.611965029000032 ], [ 120.459821298000065, 23.611001310000063 ] ], [ [ 120.457630264000045, 23.611965029000032 ], [ 120.459090956836107, 23.611322553181491 ] ], [ [ 120.457630264000045, 23.611965029000032 ], [ 120.459055186441532, 23.61133828678803 ], [ 120.459090956836107, 23.611322553181491 ] ], [ [ 120.459821298000065, 23.611001310000063 ], [ 120.460208765000061, 23.610476594000033 ], [ 120.460572155000023, 23.609888177000073 ], [ 120.460658622000096, 23.60884982400006 ], [ 120.460606307000035, 23.608461016000035 ], [ 120.460176492000073, 23.607392271000037 ], [ 120.459431876000053, 23.605747467000072 ], [ 120.457932950000099, 23.603210665000063 ] ], [ [ 120.458996756470782, 24.052522020086776 ], [ 120.459760426516283, 24.0527947099093 ], [ 120.459760427000106, 24.052794710000057 ] ], [ [ 120.459090956836107, 23.611322553181491 ], [ 120.459821298000065, 23.611001310000063 ] ], [ [ 120.459760427000106, 24.052794710000057 ], [ 120.461827836000111, 24.053627413000072 ], [ 120.4620000790879, 24.053669708223545 ] ], [ [ 120.4620000790879, 24.053669708223545 ], [ 120.461827835902042, 24.05362741311593 ], [ 120.459760427000106, 24.052794710000057 ] ], [ [ 120.464938731463747, 24.054092883108449 ], [ 120.462807637940202, 24.053818418163569 ], [ 120.462386324845468, 24.05376455264831 ], [ 120.4620000790879, 24.053669708223545 ] ], [ [ 120.4620000790879, 24.053669708223545 ], [ 120.462386325000011, 24.053764553000065 ], [ 120.462807638000072, 24.053818419000038 ], [ 120.464938731463747, 24.054092883108449 ] ], [ [ 120.464938731463747, 24.054092883108449 ], [ 120.465355113000101, 24.054146509000077 ], [ 120.468284704000098, 24.054454984000074 ], [ 120.471331876000022, 24.054841835000047 ], [ 120.471762983000076, 24.054841812000063 ], [ 120.474290863000078, 24.055179702000032 ], [ 120.477269450000108, 24.055586152000046 ], [ 120.480385205000061, 24.055963202000044 ], [ 120.483530359000042, 24.056399037000062 ], [ 120.486528540000108, 24.056785891000061 ] ], [ [ 120.486528540000108, 24.056785891000061 ], [ 120.483530358555782, 24.056399037295023 ], [ 120.480385205332695, 24.055963202339402 ], [ 120.477269449490521, 24.055586152617167 ], [ 120.47429086236825, 24.055179702197034 ], [ 120.471762982936355, 24.054841812422097 ], [ 120.471331875347275, 24.054841835333114 ], [ 120.468284704119355, 24.054454984146822 ], [ 120.465355112608222, 24.054146509111533 ], [ 120.464938731463747, 24.054092883108449 ] ], [ [ 120.553887897000095, 23.592214779000074 ], [ 120.55223567400003, 23.592211879000047 ], [ 120.55023866800002, 23.592290118000051 ], [ 120.548436670000115, 23.592342017000078 ], [ 120.545957726000097, 23.592119783000044 ], [ 120.544654494000042, 23.592087958000036 ], [ 120.536158920000048, 23.593758949000062 ], [ 120.534628210000051, 23.594240482000032 ], [ 120.534005832000048, 23.594581147000042 ], [ 120.53357797000001, 23.594870997000044 ], [ 120.533194078000065, 23.59527341200004 ], [ 120.532755580000071, 23.596002377000048 ], [ 120.532471966000116, 23.596372702000053 ], [ 120.531979362000015, 23.596844336000061 ], [ 120.531186654000066, 23.597393421000049 ], [ 120.528992171000027, 23.598480316000064 ], [ 120.522101796000015, 23.601558972000078 ], [ 120.521124117000113, 23.602167374000032 ], [ 120.520472340000083, 23.602732305000075 ], [ 120.519733659000053, 23.603362422000032 ], [ 120.518060765000087, 23.604796479000072 ], [ 120.516865846000087, 23.605926337000028 ], [ 120.515714374000027, 23.606925830000023 ], [ 120.514541174000101, 23.607925326000043 ], [ 120.513629472000048, 23.608718464000049 ], [ 120.513075773000082, 23.609081273000072 ], [ 120.513094867000063, 23.609081272000026 ], [ 120.511968394000064, 23.610131482000043 ], [ 120.511433794000027, 23.61058975800006 ], [ 120.510732884000049, 23.611229818000027 ], [ 120.508226197000113, 23.613358505000065 ], [ 120.507607953000047, 23.613937098000065 ], [ 120.503673662000097, 23.617352118000042 ], [ 120.502857113000118, 23.618094512000027 ], [ 120.501629942000022, 23.618892538000068 ], [ 120.501115479000077, 23.619121219000078 ], [ 120.500565837000067, 23.619358697000052 ], [ 120.500117327000112, 23.619503828000063 ], [ 120.499739298, 23.619579376000047 ], [ 120.498700023000083, 23.620024841000031 ], [ 120.497178222000116, 23.620581684000058 ], [ 120.495916244000114, 23.621101396000029 ], [ 120.495359478000069, 23.62113854200004 ], [ 120.494691368000076, 23.621361282000066 ], [ 120.494208844000013, 23.621509777000028 ], [ 120.493169551000051, 23.621658302000071 ], [ 120.490794003000019, 23.621658426000067 ], [ 120.489729272000091, 23.621780620000038 ], [ 120.489256234000095, 23.621715793000078 ], [ 120.488409351000087, 23.621748263000029 ], [ 120.484647970000083, 23.621857181000053 ], [ 120.481145559000083, 23.621943051000073 ], [ 120.480117264000114, 23.621978562000038 ], [ 120.478818979000039, 23.62211688800005 ], [ 120.477933956000015, 23.622269524000046 ], [ 120.477254942000059, 23.62258046200003 ], [ 120.476607117000071, 23.623235245000046 ], [ 120.476592551000067, 23.623243837000075 ], [ 120.476571488000104, 23.623255242000027 ], [ 120.476257171000043, 23.623618859000032 ], [ 120.476137094000023, 23.623832356000037 ], [ 120.475355360000094, 23.625605663000044 ], [ 120.4741195040001, 23.627831637000043 ], [ 120.473440542000048, 23.628995173000078 ], [ 120.473150641000075, 23.629386201000045 ], [ 120.472570813000061, 23.629737188000036 ], [ 120.472204600000055, 23.629842113000052 ], [ 120.470014912000011, 23.629926152000053 ], [ 120.469343506000087, 23.629882318000057 ], [ 120.469227831156786, 23.629875094134743 ] ], [ [ 120.618291537582508, 23.812894368268537 ], [ 120.62255138886259, 23.809893922150959 ], [ 120.625380664438154, 23.807911701265301 ], [ 120.628361237227537, 23.805808429882347 ], [ 120.629243802161454, 23.805066997751325 ], [ 120.630837441391279, 23.80339249181397 ], [ 120.633374155539087, 23.800784899877925 ], [ 120.635749477332752, 23.79816722959179 ], [ 120.638094537556839, 23.795539474051349 ], [ 120.639673039114854, 23.793748969875107 ], [ 120.640026047783408, 23.793173999171593 ], [ 120.640237848094216, 23.792750339091285 ], [ 120.640414336127208, 23.792200594878057 ], [ 120.640484910525103, 23.791645812799782 ], [ 120.640505048127636, 23.791060772738252 ], [ 120.640464665713509, 23.79050599649997 ], [ 120.64008627251286, 23.788392815193411 ], [ 120.639728075858059, 23.786642760480589 ], [ 120.639516188415087, 23.785664344336809 ], [ 120.639036917897812, 23.783430125789032 ], [ 120.638446661759474, 23.78073191663416 ], [ 120.637856396874881, 23.777892491171478 ], [ 120.637266140160762, 23.77518419514011 ], [ 120.636655733931136, 23.772869288459027 ], [ 120.636348048063539, 23.772339743480192 ], [ 120.636025240803008, 23.771956459044819 ], [ 120.63557130025626, 23.771532833987749 ], [ 120.635137539312396, 23.771199989781977 ], [ 120.63453230153263, 23.770897415230159 ], [ 120.63264598243849, 23.770040129679202 ], [ 120.629745899912649, 23.768834900087302 ], [ 120.628555605196823, 23.768340705582379 ], [ 120.624747666593336, 23.76669170100563 ], [ 120.623582585256685, 23.766131940448719 ], [ 120.622140082761305, 23.765103154579197 ], [ 120.620808540213815, 23.764124797268831 ], [ 120.617424199799544, 23.761588124973326 ], [ 120.614705133295914, 23.75954171890853 ], [ 120.609266612709632, 23.755396296330119 ], [ 120.608813243495263, 23.75505631257198 ], [ 120.608284320946296, 23.754791890023526 ], [ 120.606244187596232, 23.75371530654408 ], [ 120.601852241110137, 23.751514932658704 ], [ 120.600189915424082, 23.750721668959201 ], [ 120.599717657871665, 23.750400575493916 ], [ 120.598697575373706, 23.749607278048735 ], [ 120.594570009320719, 23.746235752961031 ], [ 120.592350359477336, 23.744091932806235 ], [ 120.590725764786427, 23.74252420535657 ], [ 120.589101171269022, 23.740975367209046 ], [ 120.584085697784545, 23.73597940790923 ], [ 120.580071425506745, 23.731908972198568 ], [ 120.574867040640029, 23.726648572315334 ], [ 120.569908246295739, 23.721822613608541 ], [ 120.564779441739219, 23.716921106498138 ], [ 120.563844360284676, 23.7160994705219 ], [ 120.563315436549431, 23.71581615860223 ], [ 120.56267317577047, 23.71553285262717 ], [ 120.562276483260632, 23.715325091014286 ], [ 120.561766457213679, 23.715174003279238 ], [ 120.561161984798545, 23.715041809809087 ], [ 120.560614179735737, 23.714890724055014 ], [ 120.559934153965102, 23.714834091791779 ], [ 120.556779600380992, 23.714739810703659 ], [ 120.54881765594466, 23.714466333310938 ], [ 120.545880333369695, 23.714400374786106 ], [ 120.545030291483386, 23.714173747630781 ], [ 120.543764652368154, 23.713493798790257 ], [ 120.540977670616044, 23.711935902933099 ], [ 120.535051720155039, 23.708168673694576 ], [ 120.533384228968998, 23.70677546458656 ], [ 120.529249743687544, 23.702984087471162 ], [ 120.526702816111978, 23.700757230595791 ], [ 120.52592617414011, 23.700072043492629 ], [ 120.524921131814423, 23.69956959577685 ], [ 120.519758888702569, 23.697308614550813 ], [ 120.51026812677857, 23.693140642648828 ], [ 120.500685992985652, 23.688858470733166 ], [ 120.493365199454402, 23.685626862904684 ], [ 120.491298018132426, 23.684724754516193 ], [ 120.490749811787879, 23.684427851161892 ], [ 120.490178752990673, 23.683948221576522 ], [ 120.489493478484491, 23.683308711473387 ], [ 120.486181262434187, 23.679311722459577 ], [ 120.480931077396534, 23.672885902659097 ], [ 120.476430939984866, 23.667431591111612 ], [ 120.475755432741565, 23.666438333981613 ], [ 120.475501114846864, 23.665913888859418 ], [ 120.47515141732552, 23.665023917093794 ], [ 120.474833450596975, 23.663243953599988 ], [ 120.474062374562109, 23.65881788264225 ], [ 120.473354867038609, 23.654344130326884 ], [ 120.472647387013396, 23.650315373047526 ], [ 120.471923990690755, 23.645905192296667 ], [ 120.471232405585496, 23.641908219557443 ], [ 120.470556713380702, 23.63791124599306 ], [ 120.469849211068862, 23.633516957111912 ], [ 120.469227831156786, 23.629875094134743 ] ], [ [ 120.471875062000095, 24.130945731000054 ], [ 120.469128811562157, 24.132110446212874 ], [ 120.468815947000053, 24.132232134000049 ], [ 120.469128811000019, 24.13211044600007 ], [ 120.471875062000095, 24.130945731000054 ] ], [ [ 120.471875062000095, 24.130945731000054 ], [ 120.475536727000076, 24.129363808000051 ], [ 120.476976000024379, 24.128742115320442 ] ], [ [ 120.471875062000095, 24.130945731000054 ], [ 120.475536727288571, 24.129363808179271 ], [ 120.476976000024379, 24.128742115320442 ] ], [ [ 120.476976000024379, 24.128742115320442 ], [ 120.479279505451316, 24.12774711775079 ], [ 120.48231942234986, 24.126467227559186 ] ], [ [ 120.476976000024379, 24.128742115320442 ], [ 120.479279506000012, 24.127747118000059 ], [ 120.48231942234986, 24.126467227559186 ] ], [ [ 120.48231942234986, 24.126467227559186 ], [ 120.482871647939504, 24.126234725112798 ], [ 120.482871648000014, 24.126234725000074 ] ], [ [ 120.482871648000014, 24.126234725000074 ], [ 120.483474198000067, 24.125933411000062 ], [ 120.483698350470817, 24.125683368082999 ] ], [ [ 120.482871648000014, 24.126234725000074 ], [ 120.48347419785712, 24.125933411538387 ], [ 120.483698350470817, 24.125683368082999 ] ], [ [ 120.483125961000042, 22.668868991000068 ], [ 120.483667671000035, 22.669006295000031 ], [ 120.484461156000066, 22.669147401000032 ], [ 120.485445374000051, 22.669166425000071 ], [ 120.487108611000053, 22.66894127200004 ], [ 120.489305920000106, 22.668735165000044 ], [ 120.489855229000113, 22.668351754000071 ], [ 120.489916253000047, 22.668138126000031 ], [ 120.489939110000023, 22.66759643000006 ], [ 120.489610951000031, 22.666108693000069 ], [ 120.489389636000055, 22.665143572000034 ], [ 120.489448624000033, 22.664643906000038 ], [ 120.489511693000054, 22.664859367000076 ], [ 120.489908451000019, 22.665185508000036 ], [ 120.490507518000072, 22.665587127000038 ], [ 120.490914903000089, 22.665735242000039 ], [ 120.491322282000056, 22.665772255000036 ], [ 120.491939535000029, 22.666043805000072 ], [ 120.493202719805339, 22.666813494272045 ] ], [ [ 120.483698350470817, 24.125683368082999 ], [ 120.48377546100005, 24.125597351000067 ], [ 120.483775461084306, 24.125597350775745 ], [ 120.483888188525896, 24.125470157289772 ] ], [ [ 120.483888188525896, 24.125470157289772 ], [ 120.48422735500003, 24.125087466000025 ], [ 120.484227355558716, 24.125087465758533 ] ], [ [ 120.483888188525896, 24.125470157289772 ], [ 120.484227355558716, 24.125087465758533 ] ], [ [ 120.484227355558716, 24.125087465758533 ], [ 120.486544833000039, 24.123586729000067 ], [ 120.487773101000016, 24.122856635000062 ], [ 120.49032232400009, 24.121158894000075 ], [ 120.490442145908688, 24.121069018058797 ] ], [ [ 120.484227355558716, 24.125087465758533 ], [ 120.486544833606615, 24.123586728831825 ], [ 120.487773101100245, 24.122856635229098 ], [ 120.490322323971711, 24.121158894256478 ], [ 120.490442145908688, 24.121069018058797 ] ], [ [ 120.486528540000108, 24.056785891000061 ], [ 120.48652854017655, 24.056785891053671 ] ], [ [ 120.48652854017655, 24.056785891053671 ], [ 120.486904016992241, 24.056838220239914 ] ], [ [ 120.486743821193571, 24.056815894185593 ], [ 120.48652854017655, 24.056785891053671 ] ], [ [ 120.486904016992241, 24.056838220239914 ], [ 120.486743821193571, 24.056815894185593 ] ], [ [ 120.488069810574132, 24.057000693910819 ], [ 120.486743821193571, 24.056815894185593 ] ], [ [ 120.490950253225634, 24.057387193490893 ], [ 120.489585511642545, 24.057211932882364 ], [ 120.486904016992241, 24.056838220239914 ] ], [ [ 120.486904016992241, 24.056838220239914 ], [ 120.488069810574132, 24.057000693910819 ] ], [ [ 120.488069810574132, 24.057000693910819 ], [ 120.489585511000087, 24.057211933000076 ], [ 120.490950253225634, 24.057387193490893 ] ], [ [ 120.490442145908688, 24.121069018058797 ], [ 120.490971213613108, 24.120672174252146 ], [ 120.491247569018569, 24.120270753357023 ] ], [ [ 120.490442145908688, 24.121069018058797 ], [ 120.490971214000069, 24.120672175000038 ], [ 120.491247569018569, 24.120270753357023 ] ], [ [ 120.490950253225634, 24.057387193490893 ], [ 120.494012096, 24.057780396000055 ], [ 120.494212739182856, 24.057801177481632 ] ], [ [ 120.494212739182856, 24.057801177481632 ], [ 120.49401209615317, 24.057780396468917 ], [ 120.490950253225634, 24.057387193490893 ] ], [ [ 120.491247569018569, 24.120270753357023 ], [ 120.491457859000093, 24.119965295000043 ], [ 120.491674356419594, 24.119659943410301 ] ], [ [ 120.491247569018569, 24.120270753357023 ], [ 120.491457859220219, 24.119965295677112 ], [ 120.491674356419594, 24.119659943410301 ] ], [ [ 120.491674356419594, 24.119659943410301 ], [ 120.491909745631943, 24.119327945445502 ], [ 120.4934972035757, 24.118070590183276 ] ], [ [ 120.491674356419594, 24.119659943410301 ], [ 120.491909746000033, 24.119327946000055 ], [ 120.4934972035757, 24.118070590183276 ] ], [ [ 120.492480390000082, 22.881553390000079 ], [ 120.493065304000083, 22.881544745000042 ], [ 120.493662215000086, 22.881305947000044 ], [ 120.494259111000019, 22.880828382000061 ], [ 120.494915678000098, 22.879962817000035 ], [ 120.495333474000063, 22.879097265000041 ], [ 120.495573946000036, 22.878682082000068 ], [ 120.495925121000028, 22.878263331000028 ], [ 120.496411196000054, 22.877878081000063 ], [ 120.496426186, 22.877878495000061 ], [ 120.497261025000057, 22.877901535000035 ], [ 120.498162096000101, 22.877867383000023 ], [ 120.498795270000073, 22.877893733000064 ], [ 120.499507607000055, 22.878183897000042 ], [ 120.500088056000095, 22.87886979700005 ], [ 120.500932381000098, 22.880479050000076 ], [ 120.501723921, 22.881745342000045 ], [ 120.502014152000015, 22.882193819000065 ], [ 120.503438829000061, 22.882853294000029 ], [ 120.50502180400008, 22.883591907000039 ], [ 120.507000521, 22.88447560000003 ], [ 120.507792008000024, 22.884818525000071 ], [ 120.508214131000045, 22.884976795000057 ], [ 120.509401338000089, 22.88510864400007 ], [ 120.511327250000022, 22.885319602000038 ], [ 120.512751903000094, 22.885556966000024 ], [ 120.513569757000027, 22.885662452000076 ], [ 120.515231850000077, 22.885912996000059 ], [ 120.51569354500009, 22.886017881000043 ], [ 120.516421601000047, 22.886503191000031 ], [ 120.51681364600006, 22.886988518000067 ], [ 120.517112364000013, 22.887660522000033 ], [ 120.517448446000117, 22.888836537000032 ], [ 120.5177098690001, 22.890180562000069 ], [ 120.517915259, 22.891001908000078 ], [ 120.518531423000013, 22.893363276000059 ], [ 120.518811521000089, 22.894837970000026 ], [ 120.519091581000112, 22.895677979000027 ], [ 120.51953965000007, 22.896545981000031 ], [ 120.51998770900002, 22.897236644000031 ], [ 120.520883774000026, 22.897740613000053 ], [ 120.52144381200003, 22.898008925000056 ], [ 120.522135457000104, 22.898328099000025 ], [ 120.522702963000029, 22.898617723000029 ], [ 120.523988717000066, 22.899219869000035 ], [ 120.524712880000038, 22.89962623200006 ], [ 120.524941952000063, 22.899766613000054 ], [ 120.525828691000015, 22.900399260000029 ], [ 120.52627206000011, 22.900704038000072 ], [ 120.526687714000104, 22.900916453000036 ], [ 120.527325057000098, 22.90136900300007 ], [ 120.527786898000045, 22.901655307000055 ], [ 120.528664387000049, 22.902076672000078 ], [ 120.529287865000015, 22.902342185000066 ], [ 120.530188443000043, 22.902711595000028 ], [ 120.53071955200005, 22.902919386000065 ], [ 120.531366109000032, 22.902977080000028 ], [ 120.532289751, 22.902883226000029 ], [ 120.533069071000114, 22.902753301000075 ], [ 120.534396799000092, 22.902507892000074 ], [ 120.535969866000073, 22.902190312000073 ], [ 120.537178534000077, 22.902000833000045 ], [ 120.538242883000066, 22.90182038100005 ], [ 120.538928404000103, 22.901856426000052 ], [ 120.539631974000031, 22.902018748000046 ], [ 120.541075192000108, 22.902343391000045 ], [ 120.541742684000042, 22.902559835000034 ], [ 120.545869388000028, 22.903540539000062 ], [ 120.548688181000102, 22.904307086000074 ], [ 120.550379452000016, 22.904687527000078 ], [ 120.55091501600009, 22.904715687000078 ], [ 120.55178881400002, 22.904490146000057 ], [ 120.552972670000031, 22.904180027000052 ], [ 120.553846468000074, 22.903954485000042 ], [ 120.554917591000049, 22.903926243000058 ], [ 120.555537725000022, 22.904095335000022 ], [ 120.55629883600011, 22.904912724000042 ], [ 120.557454595000081, 22.906152900000052 ], [ 120.562070591000065, 22.911166457000036 ], [ 120.56309244900001, 22.912223424000047 ], [ 120.563670343000013, 22.912739917000067 ], [ 120.56404382300002, 22.912998522000066 ], [ 120.564621300000113, 22.913246608000065 ], [ 120.565065489000062, 22.913346681000064 ], [ 120.56567859300003, 22.913446747000023 ] ], [ [ 120.493202719805339, 22.666813494272045 ], [ 120.493202721000102, 22.666813495000042 ], [ 120.493288457000062, 22.666865736000034 ], [ 120.494043819000012, 22.667420744000026 ], [ 120.496013451000067, 22.668635967000057 ], [ 120.496803546000024, 22.669179090000057 ], [ 120.496951704000026, 22.669524731000024 ], [ 120.497087531000034, 22.67012961000006 ], [ 120.497272787000043, 22.671586264000041 ], [ 120.49728476000007, 22.671641720000025 ], [ 120.497408637000035, 22.672586170000045 ], [ 120.497816175000025, 22.675351340000077 ], [ 120.497890280000092, 22.675968566000051 ], [ 120.497952032000057, 22.67645000300007 ], [ 120.498026137000011, 22.677079574000061 ], [ 120.498026159, 22.677462257000059 ], [ 120.497976803000029, 22.677844941000046 ], [ 120.497544772000083, 22.678462194000076 ], [ 120.496668329000045, 22.679030089000037 ], [ 120.496088152000084, 22.679474524000057 ], [ 120.492212049000045, 22.681968329000028 ], [ 120.491101064000077, 22.682696716000066 ], [ 120.490780120000068, 22.683017692000078 ], [ 120.490483888000085, 22.683733694000068 ], [ 120.490335814000105, 22.684807681000052 ], [ 120.490150830000061, 22.688017287000037 ], [ 120.489879393000024, 22.690547945000048 ], [ 120.489694367000084, 22.693030454000052 ], [ 120.489684497000098, 22.693109459000027 ], [ 120.489664756000025, 22.693297098000073 ], [ 120.48961539000004, 22.693524242000024 ], [ 120.489585777000116, 22.693771136000066 ], [ 120.48958579300006, 22.694047655000077 ], [ 120.489526559000069, 22.69440318200003 ], [ 120.489516698000102, 22.694650074000037 ], [ 120.489496963000079, 22.694946346000052 ], [ 120.489447598000083, 22.695173489000069 ], [ 120.48942786200007, 22.695450009000069 ], [ 120.489447634000044, 22.695795657000076 ], [ 120.489427898000031, 22.696052426000051 ], [ 120.489401423000118, 22.696602041000062 ], [ 120.489368695000053, 22.696941240000058 ], [ 120.489327084000024, 22.697569171000055 ], [ 120.489178344000038, 22.69842471100003 ], [ 120.489141199000073, 22.699317445000077 ], [ 120.489029676000087, 22.700507758000072 ], [ 120.48901477000004, 22.701564011000073 ], [ 120.488994753000043, 22.701953227000047 ], [ 120.488944720000063, 22.703105532000052 ], [ 120.488912417000051, 22.703413404000059 ], [ 120.488871405000054, 22.703942848000054 ], [ 120.488817194000035, 22.704760191000048 ], [ 120.488760244000105, 22.705444058000069 ], [ 120.488750756000059, 22.705605526000056 ], [ 120.488741271000094, 22.70583823000004 ], [ 120.48870329500005, 22.706118426000046 ], [ 120.488670074000083, 22.706512599000064 ], [ 120.48860434300002, 22.706987986000058 ], [ 120.488604466000083, 22.709089465000034 ], [ 120.488731325000117, 22.70985033900007 ], [ 120.48889676400006, 22.711004654000078 ], [ 120.489387877000013, 22.715880133000041 ], [ 120.489444792000086, 22.716292585000076 ], [ 120.489453348000097, 22.716354591000027 ], [ 120.489649849000102, 22.71925043400006 ], [ 120.489919457000042, 22.722956100000033 ], [ 120.490530254000078, 22.729434658000059 ], [ 120.490569688000051, 22.730484583000077 ], [ 120.490782105000108, 22.731565950000061 ], [ 120.490543525000021, 22.731941360000064 ], [ 120.490084218000106, 22.732650084000056 ], [ 120.488063232000059, 22.735189699000045 ], [ 120.487249591000023, 22.736239667000063 ], [ 120.485320470000033, 22.738687409000079 ], [ 120.484887404, 22.739264891000062 ], [ 120.48387691500011, 22.740590476000023 ], [ 120.483102644000041, 22.741601070000058 ], [ 120.482590826000092, 22.742080126000076 ], [ 120.482000255000116, 22.742408259000058 ], [ 120.48110783300001, 22.742880771000046 ], [ 120.480162911000093, 22.743274541000062 ], [ 120.479086758000108, 22.743878304000077 ], [ 120.478509311000039, 22.744212998000023 ], [ 120.478259964000017, 22.744462368000029 ], [ 120.477866266000092, 22.744961103000037 ], [ 120.477603811000108, 22.745459832000051 ], [ 120.477459489000012, 22.746234162000064 ], [ 120.47749891300009, 22.747100350000039 ], [ 120.477551443000038, 22.747651560000065 ], [ 120.477741216000027, 22.748251487000061 ], [ 120.478013452000027, 22.749538038000026 ], [ 120.478236199000094, 22.750725626000076 ], [ 120.478310457000021, 22.751269938000064 ], [ 120.478471430000013, 22.751974300000029 ], [ 120.47860153900001, 22.752819669000075 ], [ 120.479009573000098, 22.754845603000035 ], [ 120.479262167000115, 22.756177027000035 ], [ 120.479296613000088, 22.756383627000048 ], [ 120.479540584, 22.757452495000052 ], [ 120.479641099000105, 22.758858533000023 ], [ 120.479712896000024, 22.759862846000033 ], [ 120.479802711000048, 22.762310863000039 ], [ 120.479856615000017, 22.76401461200004 ], [ 120.479910451000023, 22.764570570000046 ], [ 120.479923522000036, 22.765045826000062 ], [ 120.479962697000019, 22.765815365000037 ], [ 120.479988800000115, 22.766102312000044 ], [ 120.480070341000101, 22.76646506700007 ], [ 120.480306772000063, 22.766840044000048 ], [ 120.480632871000012, 22.767149801000073 ], [ 120.481309509000084, 22.767532907000032 ], [ 120.482002452000074, 22.767891557000041 ], [ 120.482401910000021, 22.768054575000065 ], [ 120.484103687000015, 22.768803447000039 ], [ 120.484918909000044, 22.769160051000028 ], [ 120.485581275000072, 22.769424956000023 ], [ 120.487517431000015, 22.770335580000051 ], [ 120.488536457, 22.770755862000044 ], [ 120.48960643700002, 22.771227091000071 ], [ 120.492026631000044, 22.772349450000036 ], [ 120.492950120000046, 22.772667837000029 ], [ 120.49365069800001, 22.772922549000043 ], [ 120.494430877000013, 22.773018041000057 ], [ 120.494653783000103, 22.77301802900007 ], [ 120.495497977000014, 22.773093546000041 ], [ 120.49787798400007, 22.773306448000028 ], [ 120.499603338000043, 22.773423616000059 ] ], [ [ 120.493202719805339, 22.666813494272045 ], [ 120.494094151171453, 22.665723856892956 ], [ 120.496928963378735, 22.661239479541464 ], [ 120.499324033421431, 22.657571867652162 ], [ 120.501954681377413, 22.653495872334769 ], [ 120.504773793327487, 22.64912144218416 ], [ 120.507561497249867, 22.64484125328984 ], [ 120.51028639514162, 22.640922319445437 ], [ 120.512932761909425, 22.637050509406365 ], [ 120.515814700205652, 22.63266036977129 ], [ 120.518696647686795, 22.628427296215548 ], [ 120.521358701208129, 22.62420994036199 ], [ 120.524099289575972, 22.620008287234132 ], [ 120.526584088480163, 22.61632443345691 ], [ 120.527185408835081, 22.6154924848367 ], [ 120.529925999102858, 22.611322245046914 ], [ 120.532917885073729, 22.606932100323871 ], [ 120.535721285171704, 22.602463432124964 ], [ 120.538493286365011, 22.598246071165818 ], [ 120.540040254746742, 22.59567796460869 ], [ 120.540479977891763, 22.594531360809981 ], [ 120.540574176565983, 22.593808852514389 ], [ 120.540330507441212, 22.59012566715948 ], [ 120.540251928826095, 22.589356047726373 ], [ 120.539886723359544, 22.585931032168325 ], [ 120.53903330059903, 22.578393615076031 ], [ 120.538585988497985, 22.573640511839592 ], [ 120.538120451280633, 22.569252332801838 ], [ 120.53763664234404, 22.564426246766811 ], [ 120.537171088323817, 22.55974612914066 ], [ 120.536760257618127, 22.554792316340905 ], [ 120.536243129300601, 22.549860906295461 ], [ 120.535555283047756, 22.542476216426017 ], [ 120.535108004281597, 22.538288744356798 ], [ 120.534952801763737, 22.536418520402332 ], [ 120.534843280193073, 22.535670433192767 ], [ 120.534441796592148, 22.53457568348033 ], [ 120.533693613962299, 22.533170766325334 ], [ 120.531494775551636, 22.530570797991192 ], [ 120.529524049029604, 22.528527326214594 ], [ 120.524825310817803, 22.5233912660761 ], [ 120.51981637375637, 22.518072759722926 ], [ 120.515646823714064, 22.513684765696809 ], [ 120.513502739283766, 22.511340240775432 ], [ 120.513156032870285, 22.510902350166891 ], [ 120.512900549877145, 22.510318485695841 ], [ 120.512791055809089, 22.510044798712453 ], [ 120.512663316423982, 22.509789358803427 ], [ 120.512590297160116, 22.509205485221411 ], [ 120.512535513716585, 22.508439149095516 ], [ 120.51241663952456, 22.503722521814041 ], [ 120.512206572569468, 22.499681007143312 ], [ 120.512014708804102, 22.494891398890218 ], [ 120.511922084653236, 22.491770697256509 ] ], [ [ 120.4934972035757, 24.118070590183276 ], [ 120.49349720400005, 24.118070590000059 ], [ 120.494395957353703, 24.117390917099279 ] ], [ [ 120.494653681618644, 24.057845286453283 ], [ 120.494467594945235, 24.057827573418969 ], [ 120.494212739182856, 24.057801177481632 ] ], [ [ 120.494212739182856, 24.057801177481632 ], [ 120.49446759500006, 24.057827574000044 ], [ 120.494653681618644, 24.057845286453283 ] ], [ [ 120.494395957353703, 24.117390917099279 ], [ 120.495849428000042, 24.116291745000069 ], [ 120.496544666000091, 24.115770260000033 ], [ 120.497378935000029, 24.114866371000062 ], [ 120.498173818836619, 24.113835491288039 ] ], [ [ 120.494395957353703, 24.117390917099279 ], [ 120.495849427605762, 24.116291745520918 ], [ 120.496544666505272, 24.115770259817143 ], [ 120.497378935596544, 24.114866371022327 ], [ 120.498173818836619, 24.113835491288039 ] ], [ [ 120.494653681618644, 24.057845286453283 ], [ 120.494832352000117, 24.057862293000028 ], [ 120.500743046000025, 24.058684586000027 ], [ 120.505211609000071, 24.059273375000032 ], [ 120.505780339000012, 24.059395213000073 ], [ 120.50722251500008, 24.060359922000032 ] ], [ [ 120.50722251500008, 24.060359922000032 ], [ 120.505780339077546, 24.059395213226548 ], [ 120.505211609798621, 24.059273375777881 ], [ 120.500743045814531, 24.0586845861868 ], [ 120.494832351548979, 24.057862293509992 ], [ 120.494653681618644, 24.057845286453283 ] ], [ [ 120.498173818836619, 24.113835491288039 ], [ 120.49880412606143, 24.113018049289408 ], [ 120.499592044430358, 24.112125750722953 ], [ 120.500136661488384, 24.111951905998403 ] ], [ [ 120.498173818836619, 24.113835491288039 ], [ 120.498804126000095, 24.113018050000051 ], [ 120.499592045000099, 24.112125751000065 ], [ 120.500136663000035, 24.111951906000058 ] ], [ [ 120.500136661488384, 24.111951905998403 ], [ 120.499252596000019, 24.111950937000074 ] ], [ [ 120.499252596671681, 24.111950936856207 ], [ 120.500136663072126, 24.111951905492862 ] ], [ [ 120.500136663000035, 24.111951906000058 ], [ 120.500136661488384, 24.111951905998403 ] ], [ [ 120.500136661488384, 24.111951905998403 ], [ 120.500136663072126, 24.111951905492862 ] ], [ [ 120.500585957303585, 24.111971998952846 ], [ 120.500136663000035, 24.111951906000058 ] ], [ [ 120.500136663072126, 24.111951905492862 ], [ 120.500585957303585, 24.111971998952846 ] ], [ [ 120.501351560533593, 24.112063167355039 ], [ 120.500913052000101, 24.111986627000078 ], [ 120.500585957303585, 24.111971998952846 ] ], [ [ 120.500585957303585, 24.111971998952846 ], [ 120.500913052191564, 24.111986627380237 ], [ 120.501351560533593, 24.112063167355039 ] ], [ [ 120.501351560533593, 24.112063167355039 ], [ 120.501643095713334, 24.112114053719502 ], [ 120.501643096000066, 24.112114054000074 ] ], [ [ 120.501643096000066, 24.112114054000074 ], [ 120.501351560533593, 24.112063167355039 ] ], [ [ 120.501787147709294, 24.112188251486593 ], [ 120.501643096000066, 24.112114054000074 ] ], [ [ 120.502396329000021, 24.112461646000042 ], [ 120.502025508000088, 24.112311025000054 ], [ 120.501787147709294, 24.112188251486593 ] ], [ [ 120.501787147709294, 24.112188251486593 ], [ 120.502025507696672, 24.112311025063651 ], [ 120.502396329000021, 24.112461646000042 ] ], [ [ 120.504572638494338, 24.113201594167876 ], [ 120.504496568000036, 24.113186164000069 ], [ 120.504496567838515, 24.113186163947692 ], [ 120.504496567429271, 24.113186163864682 ], [ 120.503969536907476, 24.113015268346004 ], [ 120.502835061000042, 24.11264740200005 ], [ 120.502835060865706, 24.112647401849529 ], [ 120.502396329000021, 24.112461646000042 ] ], [ [ 120.509699290213547, 24.114179001560569 ], [ 120.507595029000072, 24.113814657000034 ], [ 120.504572638494338, 24.113201594167876 ] ], [ [ 120.504572638494338, 24.113201594167876 ], [ 120.507595028835681, 24.113814657745923 ], [ 120.509699290213547, 24.114179001560569 ] ], [ [ 120.50722251500008, 24.060359922000032 ], [ 120.507222515379283, 24.060359922374115 ], [ 120.507261994093327, 24.060395448742899 ] ], [ [ 120.513498220176444, 24.064470056689068 ], [ 120.512305058480038, 24.063720170079307 ], [ 120.507628768141174, 24.060725503821956 ], [ 120.507261994093327, 24.060395448742899 ] ], [ [ 120.507261994093327, 24.060395448742899 ], [ 120.507628768000018, 24.060725504000061 ], [ 120.512305058000038, 24.063720170000067 ], [ 120.513498220176444, 24.064470056689068 ] ], [ [ 120.509699290213547, 24.114179001560569 ], [ 120.511030273048746, 24.114409455518668 ], [ 120.511615673043465, 24.11433624948949 ] ], [ [ 120.511615673043465, 24.11433624948949 ], [ 120.511030273000074, 24.114409456000033 ], [ 120.509699290213547, 24.114179001560569 ] ], [ [ 120.512107977000028, 24.114274685000055 ], [ 120.511615673043465, 24.11433624948949 ] ], [ [ 120.511615673043465, 24.11433624948949 ], [ 120.512107976393736, 24.114274685475568 ], [ 120.51222227972012, 24.114235897820976 ] ], [ [ 120.513192289000017, 24.113906735000057 ], [ 120.512107977000028, 24.114274685000055 ] ], [ [ 120.512107977000028, 24.114274685000055 ], [ 120.51222227972012, 24.114235897820976 ] ], [ [ 120.51222227972012, 24.114235897820976 ], [ 120.513110681566403, 24.113934427819682 ] ], [ [ 120.51222227972012, 24.114235897820976 ], [ 120.512650133759166, 24.114090710976612 ], [ 120.513110681566403, 24.113934427819682 ] ], [ [ 120.513110681566403, 24.113934427819682 ], [ 120.513192289000017, 24.113906735000057 ] ], [ [ 120.513110681566403, 24.113934427819682 ], [ 120.513192289039807, 24.113906735165489 ], [ 120.51353540349406, 24.113784844722087 ] ], [ [ 120.51353540349406, 24.113784844722087 ], [ 120.513192289000017, 24.113906735000057 ] ], [ [ 120.513498220176444, 24.064470056689068 ], [ 120.513512143000071, 24.064478807000057 ], [ 120.513512143601616, 24.064478807380716 ] ], [ [ 120.514716766208764, 24.065334359509905 ], [ 120.514132934626716, 24.064938593451963 ], [ 120.513512143601616, 24.064478807380716 ] ], [ [ 120.513512143601616, 24.064478807380716 ], [ 120.514132935000021, 24.064938594000068 ], [ 120.514716766208764, 24.065334359509905 ] ], [ [ 120.51353540349406, 24.113784844722087 ], [ 120.514238669329416, 24.113535011515005 ], [ 120.51495088597639, 24.113213321392596 ] ], [ [ 120.51495088597639, 24.113213321392596 ], [ 120.514238669000065, 24.113535012000057 ], [ 120.51353540349406, 24.113784844722087 ] ], [ [ 120.514716766208764, 24.065334359509905 ], [ 120.514811203000022, 24.065398376000076 ], [ 120.514811203186369, 24.065398376174123 ], [ 120.514811203616773, 24.065398376465883 ] ], [ [ 120.515197214837983, 24.065757141181692 ], [ 120.515188339086066, 24.065750615734007 ], [ 120.514811203616773, 24.065398376465883 ] ], [ [ 120.514811203616773, 24.065398376465883 ], [ 120.515188339000019, 24.065750616000059 ], [ 120.515197214837983, 24.065757141181692 ] ], [ [ 120.521175339656168, 24.110709104193031 ], [ 120.516011468000102, 24.112734283000066 ], [ 120.51495088597639, 24.113213321392596 ] ], [ [ 120.51495088597639, 24.113213321392596 ], [ 120.516011468687495, 24.11273428319037 ], [ 120.521175339656168, 24.110709104193031 ] ], [ [ 120.515197214837983, 24.065757141181692 ], [ 120.515210209000088, 24.065766694000047 ], [ 120.515351109352324, 24.065870284339734 ] ], [ [ 120.515351109352324, 24.065870284339734 ], [ 120.515210209214359, 24.065766694639692 ], [ 120.515197214837983, 24.065757141181692 ] ], [ [ 120.517110023912949, 24.068689074833667 ], [ 120.516974623368867, 24.068390629898573 ], [ 120.516144894707949, 24.066628974568815 ], [ 120.515520201490233, 24.065994600781849 ], [ 120.515351109352324, 24.065870284339734 ] ], [ [ 120.515351109352324, 24.065870284339734 ], [ 120.515520201000072, 24.065994601000057 ], [ 120.516144894000035, 24.066628975000071 ], [ 120.51697462300001, 24.068390630000067 ], [ 120.517110023912949, 24.068689074833667 ] ], [ [ 120.517110023912949, 24.068689074833667 ], [ 120.517401545000098, 24.069331633000047 ], [ 120.517404132000024, 24.069337337000036 ] ], [ [ 120.517404132000024, 24.069337337000036 ], [ 120.517401544471483, 24.069331633803863 ], [ 120.517110023912949, 24.068689074833667 ] ], [ [ 120.517404132000024, 24.069337337000036 ], [ 120.517404981000027, 24.069338435000077 ], [ 120.51778159782269, 24.069825757595087 ] ], [ [ 120.517404132168508, 24.069337337511072 ], [ 120.517404132000024, 24.069337337000036 ] ], [ [ 120.51778159782269, 24.069825757595087 ], [ 120.517404980591877, 24.069338435324926 ], [ 120.517404132168508, 24.069337337511072 ] ], [ [ 120.526667364709454, 24.108539919510111 ], [ 120.526206670646388, 24.108668010750034 ], [ 120.52576108963855, 24.108708541674048 ], [ 120.525437023738775, 24.108627544555283 ], [ 120.524750054297172, 24.108164524224097 ], [ 120.524333558208653, 24.107259253648653 ], [ 120.52391704037592, 24.106009971825273 ], [ 120.52379020426568, 24.104525298456956 ], [ 120.523753829688928, 24.101954268966175 ], [ 120.524640706865512, 24.096911741116532 ], [ 120.525455195432443, 24.092430498666378 ], [ 120.526088668290072, 24.088655394222183 ], [ 120.525961880292485, 24.08793116678034 ], [ 120.525744578118989, 24.087460426122249 ], [ 120.523788894597644, 24.083794094613168 ], [ 120.522901611328521, 24.082409043939091 ], [ 120.521996255745975, 24.081558116938872 ], [ 120.520239902697483, 24.080489964956854 ], [ 120.518393021744984, 24.0794580294939 ], [ 120.517071234730309, 24.07872481269381 ], [ 120.51641937967031, 24.07812735416142 ], [ 120.515894257730935, 24.077385042046366 ], [ 120.515369133507591, 24.07660651822053 ], [ 120.51498885415792, 24.075773669123802 ], [ 120.514918584195016, 24.074610377091307 ], [ 120.514968330091946, 24.074137509718213 ], [ 120.51500148721837, 24.07371441846221 ], [ 120.515059546347345, 24.073515314436523 ], [ 120.515166354288169, 24.073263445336746 ], [ 120.517022298131238, 24.070919410748957 ], [ 120.517323905840612, 24.070318024543518 ], [ 120.517432512365374, 24.069847266544876 ], [ 120.517404207980462, 24.069338699683492 ], [ 120.517404132168508, 24.069337337511072 ] ], [ [ 120.517901943325981, 24.069981478149177 ], [ 120.51778159782269, 24.069825757595087 ] ], [ [ 120.51778159782269, 24.069825757595087 ], [ 120.517901943000084, 24.069981478000045 ], [ 120.517901943325981, 24.069981478149177 ] ], [ [ 120.5210617873703, 24.071802587315382 ], [ 120.519610043762313, 24.071001318565173 ], [ 120.517901943325981, 24.069981478149177 ] ], [ [ 120.517901943325981, 24.069981478149177 ], [ 120.519610044000046, 24.071001319000061 ], [ 120.5210617873703, 24.071802587315382 ] ], [ [ 120.5210617873703, 24.071802587315382 ], [ 120.522518686000012, 24.072606701000041 ], [ 120.525186485341237, 24.074067208284564 ] ], [ [ 120.525186485341237, 24.074067208284564 ], [ 120.522518686501826, 24.072606701581762 ], [ 120.5210617873703, 24.071802587315382 ] ], [ [ 120.522497042829656, 24.110187990241414 ], [ 120.52157769900009, 24.110551306000048 ], [ 120.521577698322361, 24.110551306230008 ], [ 120.521175339656168, 24.110709104193031 ] ], [ [ 120.526667364709454, 24.108539919510111 ], [ 120.522497042829656, 24.110187990241414 ] ], [ [ 120.522497042829656, 24.110187990241414 ], [ 120.5266673661759, 24.10853991910238 ] ], [ [ 120.525186485341237, 24.074067208284564 ], [ 120.525290680803082, 24.0741242508802 ], [ 120.525290681000115, 24.074124251000057 ] ], [ [ 120.525448709998145, 24.074210974489343 ], [ 120.525290681000115, 24.074124251000057 ] ], [ [ 120.525290681000115, 24.074124251000057 ], [ 120.525448710000092, 24.074210975000028 ], [ 120.525727633043303, 24.074364042979131 ] ], [ [ 120.528287167840446, 24.075768669619187 ], [ 120.525448709998145, 24.074210974489343 ] ], [ [ 120.525727633043303, 24.074364042979131 ], [ 120.525448709998145, 24.074210974489343 ] ], [ [ 120.525727633043303, 24.074364042979131 ], [ 120.528097111255249, 24.07566437025665 ] ], [ [ 120.528097111255249, 24.07566437025665 ], [ 120.526812574976219, 24.074959441695924 ], [ 120.525727633043303, 24.074364042979131 ] ], [ [ 120.528428417905374, 24.107977099843531 ], [ 120.528039863000117, 24.108034684000074 ], [ 120.526667366000083, 24.108539919000066 ], [ 120.526667364709454, 24.108539919510111 ] ], [ [ 120.5266673661759, 24.10853991910238 ], [ 120.526667364709454, 24.108539919510111 ] ], [ [ 120.5266673661759, 24.10853991910238 ], [ 120.528039863218126, 24.10803468415757 ], [ 120.528428417905374, 24.107977099843531 ] ], [ [ 120.528287167840446, 24.075768669619187 ], [ 120.528097111255249, 24.07566437025665 ] ], [ [ 120.528097111255249, 24.07566437025665 ], [ 120.528287168000034, 24.075768670000059 ], [ 120.529714313766945, 24.076535767467696 ] ], [ [ 120.529714313766945, 24.076535767467696 ], [ 120.528287167840446, 24.075768669619187 ] ], [ [ 120.528428417905374, 24.107977099843531 ], [ 120.529069250308623, 24.107882127641254 ], [ 120.529342104712399, 24.107929551690201 ] ], [ [ 120.529342104712399, 24.107929551690201 ], [ 120.52906925000002, 24.107882128000028 ], [ 120.528428417905374, 24.107977099843531 ] ], [ [ 120.529853159029898, 24.108026498407103 ], [ 120.52980647000004, 24.108010261000061 ], [ 120.529342104712399, 24.107929551690201 ] ], [ [ 120.529342104712399, 24.107929551690201 ], [ 120.529806469713932, 24.108010261652208 ], [ 120.529853159029898, 24.108026498407103 ] ], [ [ 120.529714313766945, 24.076535767467696 ], [ 120.531273892000058, 24.077374048000024 ], [ 120.53327320099703, 24.078458961866843 ] ], [ [ 120.53327320099703, 24.078458961866843 ], [ 120.531273892196808, 24.077374048428254 ], [ 120.529714313766945, 24.076535767467696 ] ], [ [ 120.529853159029898, 24.108026498407103 ], [ 120.529861370298462, 24.108029353971641 ], [ 120.53120755052791, 24.108713757942439 ], [ 120.531334549003702, 24.108756929297414 ] ], [ [ 120.53120755000009, 24.108713758000079 ], [ 120.529861370000049, 24.108029354000053 ], [ 120.529853159029898, 24.108026498407103 ] ], [ [ 120.531334549003702, 24.108756929297414 ], [ 120.53120755000009, 24.108713758000079 ] ], [ [ 120.53120755000009, 24.108713758000079 ], [ 120.531451560339818, 24.108796705692914 ] ], [ [ 120.531695571000114, 24.108879653000031 ], [ 120.531334549003702, 24.108756929297414 ] ], [ [ 120.531334549003702, 24.108756929297414 ], [ 120.531451560339818, 24.108796705692914 ] ], [ [ 120.531451560339818, 24.108796705692914 ], [ 120.531461602476455, 24.108800119347841 ] ], [ [ 120.531461602476455, 24.108800119347841 ], [ 120.531695571000114, 24.108879653000031 ] ], [ [ 120.531461602476455, 24.108800119347841 ], [ 120.531695571317613, 24.108879653781866 ], [ 120.532309941120232, 24.10887962105647 ] ], [ [ 120.532321035887819, 24.10887962046549 ], [ 120.531695571000114, 24.108879653000031 ] ], [ [ 120.531695571000114, 24.108879653000031 ], [ 120.531907041994785, 24.108879642292692 ], [ 120.532309941120232, 24.10887962105647 ] ], [ [ 120.532309941120232, 24.10887962105647 ], [ 120.532321035887819, 24.10887962046549 ] ], [ [ 120.532309941120232, 24.10887962105647 ], [ 120.532329984000057, 24.108879620000039 ] ], [ [ 120.532329984000057, 24.108879620000039 ], [ 120.532321035887819, 24.10887962046549 ] ], [ [ 120.53529702600008, 24.107908331000033 ], [ 120.534750477000102, 24.108269484000061 ], [ 120.534291758000109, 24.108425670000031 ], [ 120.533061990000078, 24.108723419000057 ], [ 120.532329984000057, 24.108879620000039 ] ], [ [ 120.532329984000057, 24.108879620000039 ], [ 120.53232998470564, 24.108879619988816 ], [ 120.533061990278625, 24.108723419271197 ] ], [ [ 120.533061990278625, 24.108723419271197 ], [ 120.534291757404475, 24.108425670476215 ] ], [ [ 120.533061990278625, 24.108723419271197 ], [ 120.533975558088059, 24.108502229114372 ], [ 120.534291757404475, 24.108425670476215 ] ], [ [ 120.534743837992153, 24.07925045956306 ], [ 120.534358222913028, 24.079047742778378 ], [ 120.53327320099703, 24.078458961866843 ] ], [ [ 120.53327320099703, 24.078458961866843 ], [ 120.534358223000027, 24.079047743000046 ], [ 120.534743837992153, 24.07925045956306 ] ], [ [ 120.534291757404475, 24.108425670476215 ], [ 120.53475047720886, 24.108269484316548 ], [ 120.535297025907255, 24.107908331214571 ], [ 120.53529702600008, 24.107908331000033 ] ], [ [ 120.534743837992153, 24.07925045956306 ], [ 120.535304995000047, 24.079545458000041 ], [ 120.536710519000053, 24.080423792000033 ], [ 120.537442596, 24.081394884000076 ], [ 120.537717813944511, 24.081702924646041 ] ], [ [ 120.537717813944511, 24.081702924646041 ], [ 120.537442596133005, 24.081394884523583 ], [ 120.536710519390425, 24.080423792780564 ], [ 120.5353049943012, 24.079545457888681 ], [ 120.534743837992153, 24.07925045956306 ] ], [ [ 120.53546356106699, 24.107748957384068 ], [ 120.53529702600008, 24.107908331000033 ] ], [ [ 120.53546356106699, 24.107748957384068 ], [ 120.535863083601527, 24.107366615079897 ] ], [ [ 120.53648401952286, 24.105356109809751 ], [ 120.536468118000016, 24.105804966000051 ], [ 120.53620464200003, 24.106595549000076 ], [ 120.535918712000012, 24.107241036000062 ], [ 120.535863084000084, 24.107366615000046 ], [ 120.53546356106699, 24.107748957384068 ] ], [ [ 120.535863083601527, 24.107366615079897 ], [ 120.536204642060852, 24.106595548371121 ] ], [ [ 120.535863083601527, 24.107366615079897 ], [ 120.535918708529849, 24.107241042752463 ], [ 120.536204642060852, 24.106595548371121 ] ], [ [ 120.536204642060852, 24.106595548371121 ], [ 120.536468117641022, 24.105804965607287 ], [ 120.53648401952286, 24.105356109809751 ] ], [ [ 120.536507682665587, 24.104907231856259 ], [ 120.536508480000066, 24.10499401900006 ], [ 120.536494926000046, 24.105048250000038 ], [ 120.53648401952286, 24.105356109809751 ] ], [ [ 120.53648401952286, 24.105356109809751 ], [ 120.536494926259138, 24.10504824990625 ], [ 120.536508480423009, 24.104994019361463 ], [ 120.536507682665587, 24.104907231856259 ] ], [ [ 120.536507682665587, 24.104907231856259 ], [ 120.53650709769154, 24.104843592915518 ], [ 120.53653634200009, 24.104267745000072 ] ], [ [ 120.53653634200009, 24.104267745000072 ], [ 120.536507098000016, 24.104843593000055 ], [ 120.536507682665587, 24.104907231856259 ] ], [ [ 120.53653634200009, 24.104267745000072 ], [ 120.536975493179867, 24.103350271483372 ] ], [ [ 120.536607109534998, 24.104119897936602 ], [ 120.53653634200009, 24.104267745000072 ] ], [ [ 120.536975493179867, 24.103350271483372 ], [ 120.536607109534998, 24.104119897936602 ] ], [ [ 120.538439301965795, 24.100632096909713 ], [ 120.536975494000103, 24.103350272000057 ], [ 120.536607109534998, 24.104119897936602 ] ], [ [ 120.536975493179867, 24.103350271483372 ], [ 120.538439301965795, 24.100632096909713 ] ], [ [ 120.538835446274007, 24.083261940106649 ], [ 120.538096576134507, 24.082126857786669 ], [ 120.537717813944511, 24.081702924646041 ] ], [ [ 120.537717813944511, 24.081702924646041 ], [ 120.538096576000044, 24.082126858000038 ], [ 120.538835446274007, 24.083261940106649 ] ], [ [ 120.53843935225332, 24.100632003529835 ], [ 120.538439352000069, 24.100632004000033 ], [ 120.538439301965795, 24.100632096909713 ] ], [ [ 120.541171895941375, 24.095663963249841 ], [ 120.539708029000053, 24.098265110000057 ], [ 120.53843935225332, 24.100632003529835 ] ], [ [ 120.53843935225332, 24.100632003529835 ], [ 120.539708029433058, 24.098265109867693 ] ], [ [ 120.539708029433058, 24.098265109867693 ], [ 120.539506508856618, 24.098641077474763 ], [ 120.53843935225332, 24.100632003529835 ] ], [ [ 120.538835446274007, 24.083261940106649 ], [ 120.539033646781462, 24.083566423776777 ], [ 120.53903364700011, 24.083566424000026 ] ], [ [ 120.53903364700011, 24.083566424000026 ], [ 120.539209354000036, 24.083937298000023 ], [ 120.539336285000104, 24.084698580000065 ], [ 120.539353895179929, 24.084898020500468 ] ], [ [ 120.539353895179929, 24.084898020500468 ], [ 120.539336284647504, 24.084698580140738 ], [ 120.539209353902891, 24.083937298511049 ], [ 120.53903364700011, 24.083566424000026 ] ], [ [ 120.53957885235593, 24.085749492985101 ], [ 120.539394887790749, 24.085362264331955 ], [ 120.539353895179929, 24.084898020500468 ] ], [ [ 120.539353895179929, 24.084898020500468 ], [ 120.539394887000071, 24.085362265000072 ], [ 120.53957885235593, 24.085749492985101 ] ], [ [ 120.53957885235593, 24.085749492985101 ], [ 120.539580356000101, 24.085752658000047 ], [ 120.539580356352801, 24.085752658761511 ], [ 120.539801727434352, 24.086118202871734 ], [ 120.539902476732635, 24.086284567476977 ] ], [ [ 120.539708029433058, 24.098265109867693 ], [ 120.541171895941375, 24.095663963249841 ] ], [ [ 120.540036643, 24.086436038000045 ], [ 120.539902476732635, 24.086284567476977 ] ], [ [ 120.539902476732635, 24.086284567476977 ], [ 120.539902477000055, 24.086284568000053 ], [ 120.540036643, 24.086436038000045 ] ], [ [ 120.540036643, 24.086436038000045 ], [ 120.541678961000116, 24.088290175000054 ], [ 120.542096639900947, 24.08876791299144 ] ], [ [ 120.542096639900947, 24.08876791299144 ], [ 120.541678960839789, 24.088290175016734 ], [ 120.540036643, 24.086436038000045 ] ], [ [ 120.540759403721879, 23.711391193131711 ], [ 120.54025640773024, 23.711047463380083 ], [ 120.539330029972461, 23.71046855426755 ], [ 120.53853754227373, 23.709965626329222 ], [ 120.537719725135702, 23.709466318203258 ], [ 120.537249290704111, 23.709039361571655 ], [ 120.537006827936878, 23.708688381182757 ], [ 120.536804153035021, 23.708080486229743 ], [ 120.53670280707999, 23.707639036300904 ], [ 120.536695523930931, 23.706893628649958 ], [ 120.53669720626678, 23.706294002885802 ], [ 120.536697153411694, 23.705439350132284 ], [ 120.536791496423177, 23.69542091571466 ], [ 120.536696271881723, 23.691179310787408 ], [ 120.536569373711359, 23.686621169485981 ], [ 120.536564002540615, 23.686366618302618 ], [ 120.536456504175632, 23.681271924010222 ], [ 120.536406686468553, 23.680909134781235 ], [ 120.536339678285714, 23.679838076862332 ], [ 120.536331297095685, 23.679620517948742 ], [ 120.536348009868647, 23.67925233970762 ], [ 120.536443491384645, 23.678432009565846 ], [ 120.536518979965592, 23.678317122087361 ], [ 120.536616671070405, 23.678168444174116 ], [ 120.536882762582024, 23.678083763976353 ], [ 120.537271202625135, 23.678054124941301 ], [ 120.537644849992091, 23.678037249228574 ], [ 120.535673808252525, 23.677953293587269 ], [ 120.535118196504129, 23.678082508351054 ], [ 120.533732604897253, 23.678362578157689 ], [ 120.533358756785148, 23.678391208399301 ], [ 120.532900649087694, 23.678507077202219 ], [ 120.532441986679601, 23.678550100625458 ], [ 120.531739654915299, 23.678535804275668 ], [ 120.530671800971803, 23.678141699024081 ], [ 120.530306292512051, 23.677984053695067 ], [ 120.53029688331543, 23.677976327107341 ], [ 120.52943139014144, 23.677148333682378 ], [ 120.529390869180475, 23.677093085176953 ], [ 120.529298776108035, 23.676967855244161 ], [ 120.529199319164945, 23.676890509574193 ], [ 120.52909617653404, 23.676776330345511 ], [ 120.528963559999127, 23.676555334780392 ], [ 120.528871464880041, 23.67639695447102 ], [ 120.528730509301425, 23.675992511244353 ], [ 120.528704368041517, 23.675392122460824 ], [ 120.528626020010336, 23.674817840331144 ], [ 120.528887000692762, 23.673825877718947 ], [ 120.529565629113478, 23.672520646205633 ], [ 120.530635791414923, 23.670745523647795 ], [ 120.531523263046935, 23.669596904729811 ], [ 120.532097500490025, 23.66870934140902 ], [ 120.533037183731466, 23.667612927605653 ], [ 120.53374192763853, 23.666490422187529 ], [ 120.534412409976426, 23.665235095796724 ], [ 120.534909430433828, 23.664508597335107 ], [ 120.535291752955985, 23.663935046446174 ], [ 120.53582701628342, 23.663323252161423 ], [ 120.536438748834058, 23.662673218484244 ], [ 120.536890270309897, 23.662411015434152 ], [ 120.537203064288846, 23.662100096545966 ], [ 120.537531118976119, 23.661813972765689 ], [ 120.538179605586265, 23.661352353494326 ], [ 120.539842781908874, 23.660150618691393 ], [ 120.540415077640645, 23.659537708275959 ], [ 120.540773545904287, 23.659406692799504 ], [ 120.540720923868363, 23.658887690620446 ], [ 120.541294378178421, 23.657549421923349 ], [ 120.541742349607716, 23.656907977737621 ], [ 120.542146646779344, 23.655755900650352 ], [ 120.542520433008931, 23.654723989936794 ], [ 120.542558562487017, 23.654424529695717 ], [ 120.542528026721598, 23.654142239443946 ], [ 120.542337240766571, 23.653392650123688 ], [ 120.542268555056836, 23.653077936453027 ], [ 120.542321940304063, 23.65272316147081 ], [ 120.542436364734883, 23.65240843821968 ], [ 120.542680490417382, 23.652065097522375 ], [ 120.543153486368297, 23.651439453002634 ], [ 120.543573081664192, 23.650918717032635 ], [ 120.543695145681909, 23.650766120458396 ], [ 120.543985047959339, 23.650407518349684 ], [ 120.544313097241812, 23.650033655227016 ], [ 120.544587747750086, 23.649795218690077 ], [ 120.545129433171397, 23.64954532391922 ], [ 120.546006806518321, 23.649068433684061 ], [ 120.546983366403268, 23.648622056299232 ], [ 120.548761021141473, 23.647981084520982 ], [ 120.549539221819018, 23.647698751967202 ], [ 120.551484723977438, 23.647000550095925 ], [ 120.553750659691943, 23.646153556038655 ], [ 120.555909789968979, 23.645449620872963 ], [ 120.557687441851016, 23.644762872063307 ], [ 120.559129405926043, 23.644305026090542 ], [ 120.559732129570236, 23.644079924045425 ], [ 120.560159369261655, 23.643799517238996 ], [ 120.560578975484447, 23.643456167382553 ], [ 120.560721987362186, 23.642823225329522 ], [ 120.560810265990838, 23.642293358535859 ], [ 120.560839670429957, 23.641763494821941 ], [ 120.560810200679612, 23.641233634187593 ], [ 120.560730455363185, 23.640955274898037 ], [ 120.560368570418319, 23.640127034925321 ], [ 120.560004750567643, 23.638626694131322 ], [ 120.559663712711028, 23.637921997504936 ], [ 120.559481783181127, 23.636853568965332 ], [ 120.559140739726175, 23.636057941440413 ], [ 120.55886790916523, 23.635489637593512 ], [ 120.558708733613244, 23.634762198731909 ], [ 120.558458623413088, 23.633989299176001 ], [ 120.557526507541539, 23.632943642583626 ], [ 120.556526187183877, 23.631807058655877 ], [ 120.555847865218553, 23.631037481414207 ], [ 120.55547399633187, 23.630728505843283 ], [ 120.554957535766746, 23.630556840813092 ], [ 120.553502589763951, 23.629965866033846 ], [ 120.551752073243222, 23.628692924961005 ] ], [ [ 120.541441586784771, 24.095174291123609 ], [ 120.541171896000037, 24.09566396300005 ], [ 120.541171895941375, 24.095663963249841 ] ], [ [ 120.541441586784771, 24.095174291123609 ], [ 120.54262599979424, 24.093023776744388 ], [ 120.543270099689508, 24.091857409609137 ], [ 120.543368448051851, 24.091513112448936 ] ], [ [ 120.543368448051851, 24.091513112448936 ], [ 120.543270100000086, 24.091857410000046 ], [ 120.542626, 24.093023777000042 ], [ 120.541441586784771, 24.095174291123609 ] ], [ [ 120.543247957385546, 24.090228947185334 ], [ 120.542967401073071, 24.089763882666482 ], [ 120.542096639900947, 24.08876791299144 ] ], [ [ 120.542096639900947, 24.08876791299144 ], [ 120.542967401000055, 24.089763883000046 ], [ 120.543247957385546, 24.090228947185334 ] ], [ [ 120.543247957385546, 24.090228947185334 ], [ 120.543338327726701, 24.090378749693272 ] ], [ [ 120.543338327726701, 24.090378749693272 ], [ 120.543338328000118, 24.09037875000007 ], [ 120.543445714000086, 24.090754508000032 ], [ 120.543438153145317, 24.090970371450727 ] ], [ [ 120.543438153145317, 24.090970371450727 ], [ 120.54344571372414, 24.090754508114923 ], [ 120.543338327726701, 24.090378749693272 ] ], [ [ 120.543438153145317, 24.090970371450727 ], [ 120.543426228000044, 24.091310836000048 ], [ 120.543368448051851, 24.091513112448936 ] ], [ [ 120.543368448051851, 24.091513112448936 ], [ 120.543426228454194, 24.091310835278598 ], [ 120.543438153145317, 24.090970371450727 ] ], [ [ 120.577665736072291, 24.106901906274928 ], [ 120.576567976647453, 24.103538166004 ] ], [ [ 120.577665736072291, 24.106901906274928 ], [ 120.57684815284378, 24.104396695423318 ], [ 120.576567976647453, 24.103538166004 ] ], [ [ 120.576567976647453, 24.103538166004 ], [ 120.575962734002303, 24.101817736802513 ], [ 120.575618595511727, 24.101141435807396 ], [ 120.574971875453542, 24.100233778525965 ], [ 120.573927644116381, 24.098987982749758 ], [ 120.572871573656457, 24.098157471396121 ], [ 120.570931510975342, 24.096976982196487 ], [ 120.56638103452029, 24.095286426168972 ], [ 120.56129660734635, 24.093453515518217 ], [ 120.556461354412093, 24.091644322066692 ], [ 120.551922743955103, 24.089965630557142 ], [ 120.546968836475727, 24.088144578098547 ], [ 120.542181050143512, 24.086418438776231 ], [ 120.541409768037852, 24.085896408740044 ], [ 120.540626598832333, 24.085030287028669 ], [ 120.540223138744295, 24.084437045902934 ], [ 120.539570478887427, 24.083416668967867 ], [ 120.538369811803378, 24.081670844667698 ], [ 120.535695365280603, 24.077835264318111 ], [ 120.535481017324813, 24.077192360071269 ], [ 120.533658959695202, 24.070141815373347 ], [ 120.53221201786269, 24.064323505717311 ], [ 120.531129500034339, 24.06011246579893 ], [ 120.529789736405803, 24.054679899833694 ], [ 120.528407105999591, 24.049161614062747 ], [ 120.528139153576348, 24.048079386974429 ], [ 120.527967636101565, 24.046943578458542 ], [ 120.527903302027184, 24.046279235716529 ], [ 120.527946129745345, 24.0457434704085 ], [ 120.528781790799826, 24.043557512840589 ], [ 120.531470962985537, 24.037438956214352 ], [ 120.53405299238257, 24.031491849551205 ], [ 120.5366778739117, 24.025394727070797 ], [ 120.537043416963712, 24.024407131938247 ], [ 120.539775701343615, 24.018241310291589 ], [ 120.539886403787435, 24.017909137753158 ], [ 120.540159921973085, 24.017375051347049 ], [ 120.542491445823373, 24.014522202161988 ], [ 120.545506798756946, 24.010868208905929 ], [ 120.548170468489317, 24.007631070952304 ], [ 120.550912297525372, 24.004419981184249 ], [ 120.553875550323781, 24.000844147712687 ], [ 120.556916955059251, 23.99717712715228 ], [ 120.558616753365442, 23.995099367218458 ], [ 120.559254940973645, 23.993510143955042 ], [ 120.560655034316582, 23.989830184396016 ], [ 120.561911863222292, 23.986541016745562 ], [ 120.563207752987196, 23.982965271918161 ], [ 120.564542723249687, 23.979415577336976 ], [ 120.565903739556731, 23.975761672269932 ], [ 120.567121486504718, 23.972420402243113 ], [ 120.568443425698646, 23.968792551597225 ], [ 120.569283481042916, 23.966571549858593 ], [ 120.569426741456581, 23.966115627295768 ], [ 120.569478781991023, 23.965086559314585 ], [ 120.569446001801424, 23.961667198763443 ], [ 120.569375401628491, 23.959567110207391 ], [ 120.569439094491159, 23.955382085624077 ], [ 120.569445400588748, 23.952079958315515 ], [ 120.56949077901497, 23.948673619815633 ], [ 120.569549184571713, 23.945280306781211 ], [ 120.569594568790791, 23.94196515129974 ], [ 120.569600865247992, 23.938506710340764 ], [ 120.56962022799982, 23.935686549644203 ], [ 120.569704869818409, 23.935224117137029 ], [ 120.569913244518446, 23.934494642179885 ], [ 120.57109847639785, 23.931954481859776 ], [ 120.572472558685021, 23.928925831262895 ], [ 120.572817700714495, 23.928059574597384 ], [ 120.573182349128317, 23.926665758174124 ], [ 120.573573056620347, 23.925376149507883 ], [ 120.5742697743392, 23.92237358707294 ], [ 120.574992527516144, 23.91909747431286 ], [ 120.575702249563349, 23.915743205415932 ], [ 120.576438036418637, 23.912584327280157 ], [ 120.577173815973055, 23.909308213895482 ], [ 120.577922618577617, 23.905979995280013 ], [ 120.57882772428853, 23.902456376312678 ], [ 120.579550483375741, 23.89927144666952 ], [ 120.580418854845959, 23.895717519629027 ], [ 120.581601592737513, 23.890810859869369 ], [ 120.582220171864122, 23.888107903007839 ], [ 120.58304713396511, 23.884805732689653 ], [ 120.583848042739689, 23.881490537629748 ], [ 120.584661977009645, 23.878162315764545 ], [ 120.585436833307114, 23.874847122125818 ], [ 120.586302868676754, 23.871453766855048 ], [ 120.587142862103875, 23.868229752806162 ], [ 120.58849088429686, 23.865070842671471 ], [ 120.589956113723616, 23.861442985338645 ], [ 120.591194840421664, 23.858486863123787 ], [ 120.59367389707937, 23.852489772583596 ], [ 120.594981666533272, 23.849216789594358 ], [ 120.596325607947179, 23.846052299113026 ], [ 120.597633382720474, 23.84286370070339 ], [ 120.598929107725738, 23.839759487478648 ], [ 120.60026098515614, 23.836450338538242 ], [ 120.601592872379953, 23.833297903736725 ], [ 120.603057353226248, 23.829952583072604 ], [ 120.603473186937919, 23.828897754660137 ], [ 120.603846858363639, 23.828331153193282 ], [ 120.604799127395765, 23.827041225357206 ], [ 120.606637372048169, 23.824612059839044 ], [ 120.608764909512914, 23.821724791719266 ], [ 120.610711638426721, 23.81911479657299 ], [ 120.611422832642802, 23.818246804071279 ], [ 120.612308812776106, 23.817179896004014 ], [ 120.614321907153396, 23.815576484145517 ], [ 120.616714736878222, 23.813991134698497 ], [ 120.618291537582508, 23.812894368268537 ] ], [ [ 120.624305315604573, 24.340194621043779 ], [ 120.624166764803576, 24.33999160706178 ], [ 120.621963619865781, 24.33665487844981 ], [ 120.620298030105303, 24.335048556654041 ], [ 120.619801904178445, 24.334682416032969 ], [ 120.618095007712085, 24.33362534737838 ], [ 120.61436819507874, 24.331469885402804 ], [ 120.612844388960852, 24.3304895839008 ], [ 120.610712221705725, 24.328806510120518 ], [ 120.610133394639561, 24.328168701424236 ], [ 120.609460045402557, 24.327117483120819 ], [ 120.608957925429479, 24.325375262500014 ], [ 120.607912348551892, 24.321967600490684 ], [ 120.606890397152981, 24.318583560906308 ], [ 120.605868446548229, 24.315211333167976 ], [ 120.604893742328215, 24.311815479194472 ], [ 120.603883603009677, 24.308431438970302 ], [ 120.602885273429067, 24.305011962566304 ], [ 120.60248375040878, 24.303567446607872 ], [ 120.601910567061779, 24.301580673044754 ], [ 120.601579756575788, 24.300399506002492 ], [ 120.60064056917345, 24.298267517850089 ], [ 120.59888627172657, 24.294812646462905 ], [ 120.596328763752155, 24.291405065551444 ], [ 120.593416894606875, 24.287962068082056 ], [ 120.590599528744121, 24.284637183994072 ], [ 120.587793970344435, 24.281241428156346 ], [ 120.586990694918939, 24.280272899694907 ], [ 120.584893914743446, 24.277822053661716 ], [ 120.583736251736696, 24.27640469396697 ], [ 120.58329917587281, 24.275884996086614 ], [ 120.582944792808263, 24.275507035949037 ], [ 120.582507724482767, 24.275105456548296 ], [ 120.58148004962473, 24.274573978484618 ], [ 120.580936693211811, 24.274479512832908 ], [ 120.579808648681919, 24.274450043695271 ], [ 120.577257257473818, 24.274343873859117 ], [ 120.576595778390782, 24.274202167146232 ], [ 120.574794408882823, 24.273499458754905 ], [ 120.57374310555727, 24.272897110855862 ], [ 120.573152475651426, 24.27240104489179 ], [ 120.572715406567099, 24.271987653632479 ], [ 120.572266512707159, 24.27137346158494 ], [ 120.571669932738004, 24.270186402809863 ], [ 120.570234563111754, 24.26680238520661 ], [ 120.569192998982544, 24.264289852554487 ], [ 120.568763757626527, 24.263418369494509 ], [ 120.567304762636738, 24.260010729444485 ], [ 120.565798522081849, 24.256638527462393 ], [ 120.564268651609822, 24.25317183195089 ], [ 120.562786034305773, 24.249787816837067 ], [ 120.561516035424731, 24.246451037720657 ], [ 120.560057041371849, 24.243055209477813 ], [ 120.558515360588757, 24.239612138260856 ], [ 120.55729407802427, 24.236916629543618 ], [ 120.556920512836953, 24.235962362536402 ], [ 120.555461518145364, 24.232554722419124 ], [ 120.553967084586972, 24.229099836797314 ], [ 120.552484464535439, 24.225668574231058 ], [ 120.551060902846345, 24.222213684799911 ], [ 120.549519220787829, 24.218746989831949 ], [ 120.549188433907304, 24.217931990001745 ], [ 120.548952140500376, 24.217081549571756 ], [ 120.548367334385873, 24.215292085852781 ], [ 120.547345378144229, 24.211813551224623 ], [ 120.546299800264691, 24.208370453402377 ], [ 120.545159725948253, 24.204915548782338 ], [ 120.544149582544364, 24.201448825364523 ], [ 120.543050825047004, 24.197598221618811 ], [ 120.543049987838131, 24.197592670095059 ], [ 120.543049975121178, 24.197592585769076 ], [ 120.542383315778494, 24.195501654262038 ], [ 120.541361363519769, 24.192082178863025 ], [ 120.540386658413652, 24.188650889089502 ], [ 120.539400137631716, 24.185160540705962 ], [ 120.538378184742328, 24.181729253454012 ], [ 120.538106452542578, 24.180831567521441 ], [ 120.53774020662479, 24.179650402285368 ], [ 120.537633861445997, 24.179059815566301 ], [ 120.537604282426898, 24.178286141103523 ], [ 120.537639698833388, 24.177979031164625 ], [ 120.537769567488837, 24.176986828999592 ], [ 120.538200565947605, 24.174807520037565 ], [ 120.538903157950543, 24.171340705164596 ], [ 120.539629375423047, 24.16789751274893 ], [ 120.540485526056173, 24.16447793711566 ], [ 120.541034564119229, 24.161034754204273 ], [ 120.54234553038593, 24.154216652047559 ], [ 120.542345699152861, 24.154215774320956 ], [ 120.542352727317606, 24.154193510586836 ], [ 120.542368873688559, 24.154053881057255 ], [ 120.542929724585093, 24.150622509427244 ], [ 120.543466948595821, 24.147143891688685 ], [ 120.543797582603204, 24.145549274649387 ], [ 120.544128253285194, 24.14453343813457 ], [ 120.544571149990119, 24.143712491117476 ], [ 120.546962852673843, 24.140233774517895 ], [ 120.549378178564851, 24.13674324485806 ], [ 120.551805317941287, 24.133276338309624 ], [ 120.554244270054411, 24.129821243025287 ], [ 120.556624160121785, 24.126330715395735 ], [ 120.557970605293846, 24.124452559980138 ], [ 120.558336748556457, 24.124015502132924 ], [ 120.55865565666592, 24.123779248199138 ], [ 120.558998193190575, 24.123613864086785 ], [ 120.56095302969041, 24.122922766858728 ], [ 120.569877850647998, 24.120183559911471 ], [ 120.573585386976589, 24.1190404015145 ], [ 120.574801240314684, 24.118701900744494 ], [ 120.575916812147653, 24.118313266658138 ], [ 120.576881957760833, 24.117786759269219 ], [ 120.577257354597677, 24.1175728621932 ] ], [ [ 120.577257354597677, 24.1175728621932 ], [ 120.577698469300955, 24.117215731120147 ], [ 120.578060191511526, 24.116885890579418 ], [ 120.578475096425748, 24.116321980502065 ], [ 120.578730418229966, 24.115907030468126 ], [ 120.578996366076225, 24.115279291957112 ], [ 120.579134651338251, 24.114832429974459 ], [ 120.57924100194262, 24.114130224200633 ], [ 120.579283533032438, 24.113704646112389 ], [ 120.579283496019869, 24.113119479359479 ], [ 120.579272824216773, 24.112608788942328 ], [ 120.579252829958136, 24.112219386133486 ] ], [ [ 120.577257354597677, 24.1175728621932 ], [ 120.577783040423398, 24.117258528188859 ], [ 120.578262329852095, 24.116986172048001 ], [ 120.578774290321022, 24.116572202255572 ], [ 120.579373394698052, 24.116114654924623 ], [ 120.580005186654134, 24.115776931315938 ], [ 120.580767705496939, 24.115548132980706 ], [ 120.581145820636266, 24.115472100556129 ], [ 120.581753647186943, 24.115422682499819 ], [ 120.582543313955725, 24.115471785793961 ], [ 120.583599978969758, 24.115656914290316 ], [ 120.583836959358536, 24.115698114776045 ] ], [ [ 120.578656708702681, 24.110289382734663 ], [ 120.577665736072291, 24.106901906274928 ] ], [ [ 120.578656708702681, 24.110289382734663 ], [ 120.578313460366559, 24.109116065389376 ], [ 120.577665736072291, 24.106901906274928 ] ], [ [ 120.579252829958136, 24.112219386133486 ], [ 120.579244165722898, 24.112205589526294 ], [ 120.578656708702681, 24.110289382734663 ] ], [ [ 120.583836959358536, 24.115698114776045 ], [ 120.583640502671145, 24.115640345520461 ], [ 120.582892967085755, 24.11536748457624 ], [ 120.582026773293777, 24.115023438446325 ], [ 120.581457209253244, 24.114608185000801 ], [ 120.580507932349661, 24.113860724750321 ], [ 120.579724761624362, 24.112970872630591 ], [ 120.579252829958136, 24.112219386133486 ] ], [ [ 120.583799369033926, 24.349350056441562 ], [ 120.585424293841982, 24.349139805609159 ], [ 120.586295702644975, 24.348996232489153 ], [ 120.58730038713955, 24.348852652203036 ], [ 120.588412715741697, 24.348683436439586 ], [ 120.589253371893335, 24.348591124353508 ], [ 120.590360576144022, 24.34844753855597 ], [ 120.591011569087541, 24.348329606979622 ], [ 120.591944491706812, 24.348216786181528 ], [ 120.592969679483105, 24.348062952919662 ], [ 120.593866719852571, 24.347945008113879 ], [ 120.595630042029626, 24.347668112654599 ], [ 120.596527080422746, 24.347519412223075 ], [ 120.597121689786377, 24.347437365245355 ], [ 120.598700482290326, 24.34725274659144 ], [ 120.600007597093352, 24.347063016608928 ], [ 120.601801677142205, 24.34681687512747 ], [ 120.602616701027088, 24.346688682859547 ], [ 120.604010959255348, 24.346524577882231 ], [ 120.604898457773146, 24.346379561433793 ] ], [ [ 120.615526196088823, 24.109549425129874 ], [ 120.610217750172055, 24.110145104538812 ], [ 120.604884231433772, 24.110690646633635 ], [ 120.599563247415205, 24.11123618806818 ], [ 120.597852273490076, 24.111631121178046 ], [ 120.594305007047879, 24.112884776688421 ], [ 120.588996644898913, 24.114809130647814 ], [ 120.588438274749564, 24.114999864741559 ], [ 120.587004327220981, 24.115515581126285 ], [ 120.586138165712754, 24.115681740800621 ], [ 120.58530759505885, 24.115764841820141 ], [ 120.583943075239986, 24.115729318781131 ], [ 120.583836959358536, 24.115698114776045 ] ], [ [ 120.586308490436892, 24.379256432498583 ], [ 120.586656960831647, 24.379211478535296 ] ], [ [ 120.586656960831647, 24.379211478535296 ], [ 120.586308490000079, 24.379256433000023 ], [ 120.586656962027277, 24.37921147875775 ], [ 120.586809135557033, 24.379191847435717 ] ], [ [ 120.586656960831647, 24.379211478535296 ], [ 120.586971356000049, 24.379170920000035 ] ], [ [ 120.586656960831647, 24.379211478535296 ], [ 120.586809135557033, 24.379191847435717 ] ], [ [ 120.586809135557033, 24.379191847435717 ], [ 120.586971356000049, 24.379170920000035 ] ], [ [ 120.586809135557033, 24.379191847435717 ], [ 120.58697135625242, 24.379170920369045 ], [ 120.587095613988893, 24.379159705401502 ], [ 120.587219280803595, 24.379143204506935 ], [ 120.587289103848931, 24.379130838904608 ] ], [ [ 120.586971356000049, 24.379170920000035 ], [ 120.587095614000077, 24.379159705000063 ], [ 120.587219281000102, 24.379143204000059 ] ], [ [ 120.587219281000102, 24.379143204000059 ], [ 120.587289103848931, 24.379130838904608 ] ], [ [ 120.587219281000102, 24.379143204000059 ], [ 120.587291033135202, 24.379130497242684 ] ], [ [ 120.587289103848931, 24.379130838904608 ], [ 120.587291033135202, 24.379130497242684 ] ], [ [ 120.587291033135202, 24.379130497242684 ], [ 120.587342131936438, 24.379121447675121 ] ], [ [ 120.587291033135202, 24.379130497242684 ], [ 120.587292941778159, 24.379130159223145 ] ], [ [ 120.587292941778159, 24.379130159223145 ], [ 120.587342131936438, 24.379121447675121 ] ], [ [ 120.587292941778159, 24.379130159223145 ], [ 120.587342132000117, 24.379121448000035 ], [ 120.587391085930406, 24.379110607661524 ] ], [ [ 120.587342131936438, 24.379121447675121 ], [ 120.587393013775937, 24.37911018076019 ] ], [ [ 120.587342131936438, 24.379121447675121 ], [ 120.587391085930406, 24.379110607661524 ] ], [ [ 120.587391085930406, 24.379110607661524 ], [ 120.587393013775937, 24.37911018076019 ] ], [ [ 120.587391085930406, 24.379110607661524 ], [ 120.587393014361012, 24.379110180643984 ] ], [ [ 120.587393013775937, 24.37911018076019 ], [ 120.587393014361012, 24.379110180643984 ] ], [ [ 120.587393014361012, 24.379110180643984 ], [ 120.587463944000092, 24.379094474000055 ] ], [ [ 120.587393014361012, 24.379110180643984 ], [ 120.587394963081465, 24.379109749119749 ] ], [ [ 120.587394963081465, 24.379109749119749 ], [ 120.587463944000092, 24.379094474000055 ] ], [ [ 120.587394963081465, 24.379109749119749 ], [ 120.587463944109913, 24.37909447444833 ], [ 120.58755114111662, 24.379071226654101 ] ], [ [ 120.587463944000092, 24.379094474000055 ], [ 120.587553121590034, 24.379070698635537 ] ], [ [ 120.587463944000092, 24.379094474000055 ], [ 120.58755114111662, 24.379071226654101 ] ], [ [ 120.58755114111662, 24.379071226654101 ], [ 120.587553121590034, 24.379070698635537 ] ], [ [ 120.58755114111662, 24.379071226654101 ], [ 120.587553122139582, 24.37907069849987 ] ], [ [ 120.587553121590034, 24.379070698635537 ], [ 120.587553122139582, 24.37907069849987 ] ], [ [ 120.587553122139582, 24.37907069849987 ], [ 120.587555024743253, 24.379070191241677 ] ], [ [ 120.587553122139582, 24.37907069849987 ], [ 120.587584495934777, 24.379062333849426 ] ], [ [ 120.587555024743253, 24.379070191241677 ], [ 120.587584495934777, 24.379062333849426 ] ], [ [ 120.587555024743253, 24.379070191241677 ], [ 120.58758449600009, 24.379062334000025 ], [ 120.587660818042309, 24.379038457923393 ] ], [ [ 120.587584495934777, 24.379062333849426 ], [ 120.587666382865891, 24.379036717073713 ] ], [ [ 120.587584495934777, 24.379062333849426 ], [ 120.587660818042309, 24.379038457923393 ] ], [ [ 120.587660818042309, 24.379038457923393 ], [ 120.587666382865891, 24.379036717073713 ] ], [ [ 120.587666382865891, 24.379036717073713 ], [ 120.587666384325544, 24.379036716604613 ] ], [ [ 120.587666382865891, 24.379036717073713 ], [ 120.587671528764844, 24.379035107263416 ] ], [ [ 120.587666384325544, 24.379036716604613 ], [ 120.587703568312378, 24.37902508429282 ] ], [ [ 120.587666384325544, 24.379036716604613 ], [ 120.587671528764844, 24.379035107263416 ] ], [ [ 120.587671528764844, 24.379035107263416 ], [ 120.587703568312378, 24.37902508429282 ] ], [ [ 120.587703568312378, 24.37902508429282 ], [ 120.587703569000041, 24.379025084000034 ] ], [ [ 120.587703569000041, 24.379025084000034 ], [ 120.587723378331873, 24.379017946733637 ] ], [ [ 120.587703569000041, 24.379025084000034 ], [ 120.587720262099836, 24.379019069513486 ] ], [ [ 120.587720262099836, 24.379019069513486 ], [ 120.587723378331873, 24.379017946733637 ] ], [ [ 120.587720262099836, 24.379019069513486 ], [ 120.587723380025508, 24.379017946131832 ] ], [ [ 120.587723378331873, 24.379017946733637 ], [ 120.587723380025508, 24.379017946131832 ] ], [ [ 120.587723380025508, 24.379017946131832 ], [ 120.587820944832913, 24.378982793478222 ] ], [ [ 120.587723380025508, 24.379017946131832 ], [ 120.587726943178922, 24.379016662325704 ] ], [ [ 120.587726943178922, 24.379016662325704 ], [ 120.587820944832913, 24.378982793478222 ] ], [ [ 120.587726943178922, 24.379016662325704 ], [ 120.5878209440001, 24.378982794000024 ], [ 120.58783040990923, 24.378978608026351 ] ], [ [ 120.587820944832913, 24.378982793478222 ], [ 120.592373380227926, 24.376969635208166 ] ], [ [ 120.587820944832913, 24.378982793478222 ], [ 120.58783040990923, 24.378978608026351 ] ], [ [ 120.58783040990923, 24.378978608026351 ], [ 120.592373380227926, 24.376969635208166 ] ], [ [ 120.58783040990923, 24.378978608026351 ], [ 120.592373500895093, 24.376969655533681 ], [ 120.595691309000017, 24.375502395000069 ] ], [ [ 120.592373380227926, 24.376969635208166 ], [ 120.595691309000017, 24.375502395000069 ] ], [ [ 120.604898457773146, 24.346379561433793 ], [ 120.60480828025733, 24.34637898089359 ], [ 120.604709383604359, 24.346371517198502 ], [ 120.604611235288246, 24.346357263681178 ], [ 120.604514300909628, 24.346336287958099 ], [ 120.604419040310447, 24.346308689534943 ], [ 120.6043259053925, 24.346274599334393 ], [ 120.604235337973634, 24.346234179075182 ], [ 120.604147767691899, 24.346187620504857 ], [ 120.604063609967355, 24.346135144490191 ], [ 120.603983264031427, 24.346076999969394 ], [ 120.603907111033038, 24.346013462771236 ], [ 120.593665367376062, 24.336390425842822 ] ], [ [ 120.595691309000017, 24.375502395000069 ], [ 120.595691309375141, 24.375502394946071 ], [ 120.595785443262514, 24.375485553225314 ], [ 120.595785444000057, 24.375485553000033 ], [ 120.595808605899904, 24.375479760658692 ] ], [ [ 120.595808605899904, 24.375479760658692 ], [ 120.59580860938118, 24.37547975978195 ] ], [ [ 120.595808605899904, 24.375479760658692 ], [ 120.595811924046586, 24.375478930847624 ] ], [ [ 120.59580860938118, 24.37547975978195 ], [ 120.595811924046586, 24.375478930847624 ] ], [ [ 120.59580860938118, 24.37547975978195 ], [ 120.595878214000095, 24.375462353000046 ] ], [ [ 120.595811924046586, 24.375478930847624 ], [ 120.595878214000095, 24.375462353000046 ] ], [ [ 120.595878214000095, 24.375462353000046 ], [ 120.595878214844163, 24.375462352666265 ] ], [ [ 120.595878214844163, 24.375462352666265 ], [ 120.595886277782029, 24.375459742536659 ], [ 120.595886664453687, 24.375459617363536 ] ], [ [ 120.595878214844163, 24.375462352666265 ], [ 120.595886664453687, 24.375459617363536 ] ], [ [ 120.595886664453687, 24.375459617363536 ], [ 120.59588666493309, 24.375459617205436 ] ], [ [ 120.595886664453687, 24.375459617363536 ], [ 120.595887068188816, 24.375459486663587 ] ], [ [ 120.59588666493309, 24.375459617205436 ], [ 120.595969195000066, 24.375432900000078 ] ], [ [ 120.59588666493309, 24.375459617205436 ], [ 120.595887068188816, 24.375459486663587 ] ], [ [ 120.595887068188816, 24.375459486663587 ], [ 120.595969195000066, 24.375432900000078 ] ], [ [ 120.595887068188816, 24.375459486663587 ], [ 120.595969195093687, 24.375432900560988 ], [ 120.596057963268649, 24.375397333112094 ], [ 120.596097375222925, 24.375378338318018 ] ], [ [ 120.595969195000066, 24.375432900000078 ], [ 120.596057963000021, 24.375397333000024 ] ], [ [ 120.596057963000021, 24.375397333000024 ], [ 120.59609893650061, 24.37537758585221 ] ], [ [ 120.596057963000021, 24.375397333000024 ], [ 120.596097375222925, 24.375378338318018 ] ], [ [ 120.596097375222925, 24.375378338318018 ], [ 120.59609893650061, 24.37537758585221 ] ], [ [ 120.596097375222925, 24.375378338318018 ], [ 120.596098937204957, 24.375377585522315 ] ], [ [ 120.59609893650061, 24.37537758585221 ], [ 120.596098937204957, 24.375377585522315 ] ], [ [ 120.596098937204957, 24.375377585522315 ], [ 120.596144108856535, 24.375355814802926 ] ], [ [ 120.596098937204957, 24.375377585522315 ], [ 120.596100504033743, 24.375376830380795 ] ], [ [ 120.596100504033743, 24.375376830380795 ], [ 120.596144108856535, 24.375355814802926 ] ], [ [ 120.596100504033743, 24.375376830380795 ], [ 120.596144109000079, 24.375355815000034 ], [ 120.596227233000036, 24.37530853800007 ] ], [ [ 120.596144108856535, 24.375355814802926 ], [ 120.596227233000036, 24.37530853800007 ] ], [ [ 120.596227233000036, 24.37530853800007 ], [ 120.596227233473059, 24.375308537636812 ] ], [ [ 120.596227233473059, 24.375308537636812 ], [ 120.596232422366967, 24.375305099776149 ] ], [ [ 120.596227233473059, 24.375308537636812 ], [ 120.596232162161314, 24.37530527217335 ], [ 120.596232422366967, 24.375305099776149 ] ], [ [ 120.596232422366967, 24.375305099776149 ], [ 120.596232423436902, 24.375305099064629 ] ], [ [ 120.596232422366967, 24.375305099776149 ], [ 120.5962326964288, 24.375304918195862 ] ], [ [ 120.596232423436902, 24.375305099064629 ], [ 120.596306952000077, 24.375255720000041 ] ], [ [ 120.596232423436902, 24.375305099064629 ], [ 120.5962326964288, 24.375304918195862 ] ], [ [ 120.5962326964288, 24.375304918195862 ], [ 120.596306952000077, 24.375255720000041 ] ], [ [ 120.5962326964288, 24.375304918195862 ], [ 120.596306952704595, 24.375255720249204 ], [ 120.596367529151593, 24.375209367072227 ] ], [ [ 120.596306952000077, 24.375255720000041 ], [ 120.596368086800638, 24.375208940365695 ] ], [ [ 120.596306952000077, 24.375255720000041 ], [ 120.596367529151593, 24.375209367072227 ] ], [ [ 120.596367529151593, 24.375209367072227 ], [ 120.596368086800638, 24.375208940365695 ] ], [ [ 120.596368086800638, 24.375208940365695 ], [ 120.596368628976364, 24.37520852549185 ] ], [ [ 120.596368086800638, 24.375208940365695 ], [ 120.596382897885817, 24.375197606896563 ] ], [ [ 120.596368628976364, 24.37520852549185 ], [ 120.596382897885817, 24.375197606896563 ] ], [ [ 120.596368628976364, 24.37520852549185 ], [ 120.596382898000115, 24.375197607000075 ], [ 120.596454718000018, 24.375134467000066 ], [ 120.596522080000113, 24.375066591000063 ] ], [ [ 120.596382897885817, 24.375197606896563 ], [ 120.596454717804761, 24.375134466326784 ], [ 120.596522080000113, 24.375066591000063 ] ], [ [ 120.596522080000113, 24.375066591000063 ], [ 120.596522080326864, 24.375066590536367 ] ], [ [ 120.596522080326864, 24.375066590536367 ], [ 120.596584673930991, 24.374994293420038 ] ], [ [ 120.596522080326864, 24.375066590536367 ], [ 120.596584674000042, 24.374994294000032 ], [ 120.5966164717575, 24.374952078449443 ] ], [ [ 120.596584673930991, 24.374994293420038 ], [ 120.596617145040838, 24.374951184594746 ] ], [ [ 120.596584673930991, 24.374994293420038 ], [ 120.5966164717575, 24.374952078449443 ] ], [ [ 120.5966164717575, 24.374952078449443 ], [ 120.596617145040838, 24.374951184594746 ] ], [ [ 120.596617145040838, 24.374951184594746 ], [ 120.596617145410647, 24.374951184089561 ] ], [ [ 120.596617145040838, 24.374951184594746 ], [ 120.596617814590928, 24.374950295681806 ] ], [ [ 120.596617145410647, 24.374951184089561 ], [ 120.596642209000038, 24.374917909000033 ] ], [ [ 120.596617145410647, 24.374951184089561 ], [ 120.596617814590928, 24.374950295681806 ] ], [ [ 120.596617814590928, 24.374950295681806 ], [ 120.596642209000038, 24.374917909000033 ] ], [ [ 120.596617814590928, 24.374950295681806 ], [ 120.596642209150147, 24.374917909319183 ], [ 120.596694419910037, 24.374837791475603 ], [ 120.596735983498476, 24.374763404417074 ] ], [ [ 120.596642209000038, 24.374917909000033 ], [ 120.596694420000063, 24.374837791000061 ] ], [ [ 120.596694420000063, 24.374837791000061 ], [ 120.596736693880999, 24.374762133038807 ] ], [ [ 120.596694420000063, 24.374837791000061 ], [ 120.596735983498476, 24.374763404417074 ] ], [ [ 120.596735983498476, 24.374763404417074 ], [ 120.596736693880999, 24.374762133038807 ] ], [ [ 120.596736693880999, 24.374762133038807 ], [ 120.596736696280558, 24.37476212873889 ], [ 120.59674106475957, 24.374754310397989 ] ], [ [ 120.596736693880999, 24.374762133038807 ], [ 120.59674106475957, 24.374754310397989 ] ], [ [ 120.59674106475957, 24.374754310397989 ], [ 120.59674106500006, 24.374754310000071 ], [ 120.600994235899307, 24.365582300152944 ], [ 120.60099423600002, 24.365582300000028 ] ], [ [ 120.60099423600002, 24.365582300000028 ], [ 120.601044988635991, 24.365460391420438 ], [ 120.601083860298857, 24.365378719078105 ] ], [ [ 120.60099423600002, 24.365582300000028 ], [ 120.601044989000115, 24.365460392000045 ], [ 120.601083860298857, 24.365378719078105 ] ], [ [ 120.601083860298857, 24.365378719078105 ], [ 120.601101738000011, 24.365341156000056 ], [ 120.60116434400004, 24.365224889000046 ], [ 120.601232652000022, 24.365111877000061 ], [ 120.601306493000038, 24.365002401000027 ], [ 120.60135103701856, 24.364942963066621 ] ], [ [ 120.601083860298857, 24.365378719078105 ], [ 120.601101738245774, 24.365341156102129 ], [ 120.601164344430813, 24.365224888974627 ], [ 120.601232652414467, 24.365111877476497 ], [ 120.60130649332406, 24.36500240099766 ], [ 120.60135103701856, 24.364942963066621 ] ], [ [ 120.60135103701856, 24.364942963066621 ], [ 120.601351037930385, 24.364942961822695 ] ], [ [ 120.60135103701856, 24.364942963066621 ], [ 120.601385685000082, 24.364896730000055 ] ], [ [ 120.601351037930385, 24.364942961822695 ], [ 120.60138568460809, 24.364896730188665 ], [ 120.601406255407596, 24.364871950396214 ] ], [ [ 120.601351037930385, 24.364942961822695 ], [ 120.601385685000082, 24.364896730000055 ] ], [ [ 120.601385685000082, 24.364896730000055 ], [ 120.601406255407596, 24.364871950396214 ] ], [ [ 120.601385685000082, 24.364896730000055 ], [ 120.601406255638096, 24.364871950138209 ] ], [ [ 120.601406255407596, 24.364871950396214 ], [ 120.601406255638096, 24.364871950138209 ] ], [ [ 120.601406255638096, 24.364871950138209 ], [ 120.601470030000087, 24.364795126000047 ], [ 120.601556703380453, 24.364700694029132 ] ], [ [ 120.601406255638096, 24.364871950138209 ], [ 120.601470030487917, 24.364795126291611 ], [ 120.601556703380453, 24.364700694029132 ] ], [ [ 120.601556703380453, 24.364700694029132 ], [ 120.601556704255088, 24.364700693073267 ], [ 120.601559322000071, 24.364697841000066 ] ], [ [ 120.601556703380453, 24.364700694029132 ], [ 120.601559322000071, 24.364697841000066 ] ], [ [ 120.601559322000071, 24.364697841000066 ], [ 120.601559322441517, 24.364697840494241 ] ], [ [ 120.601559322441517, 24.364697840494241 ], [ 120.601653339718965, 24.364605113308993 ], [ 120.601751850000028, 24.364517174000071 ] ], [ [ 120.601559322441517, 24.364697840494241 ], [ 120.601653340000098, 24.364605114000028 ], [ 120.601751850000028, 24.364517174000071 ] ], [ [ 120.601751850000028, 24.364517174000071 ], [ 120.601784560502182, 24.364490774261107 ] ], [ [ 120.601784560502182, 24.364490774261107 ], [ 120.601854609000043, 24.364434240000037 ], [ 120.60196136400009, 24.364356516000043 ], [ 120.603218315000049, 24.363723851000032 ], [ 120.60382625200009, 24.363411627000062 ], [ 120.605031233139371, 24.362821109054661 ] ], [ [ 120.601784560502182, 24.364490774261107 ], [ 120.601854609410367, 24.364434239908316 ], [ 120.601961364240225, 24.364356516130481 ], [ 120.603218315382122, 24.363723851022588 ], [ 120.603826252135335, 24.363411627350843 ] ], [ [ 120.603826252135335, 24.363411627350843 ], [ 120.605031233139371, 24.362821109054661 ] ], [ [ 120.603826252135335, 24.363411627350843 ], [ 120.605031244832475, 24.36282110608666 ], [ 120.605446531328269, 24.362617586339457 ] ], [ [ 120.619292439649939, 24.345184051221601 ], [ 120.618693767013553, 24.345400182849858 ], [ 120.61824761238384, 24.345577359242224 ], [ 120.61783425777061, 24.345656115869762 ], [ 120.617224058919305, 24.345636465080311 ], [ 120.616823815064222, 24.345531507399933 ], [ 120.616024150190754, 24.345363419645125 ], [ 120.615507446412806, 24.345297835426965 ], [ 120.614867714196976, 24.345158444322305 ], [ 120.613581096300436, 24.345237452942058 ], [ 120.611612732715415, 24.345483603785929 ], [ 120.609095895308897, 24.345837428813457 ], [ 120.608450026083503, 24.345919478544488 ], [ 120.605789660994134, 24.346273311292933 ], [ 120.605297568775725, 24.346314345254463 ], [ 120.604898457773146, 24.346379561433793 ] ], [ [ 120.605031233139371, 24.362821109054661 ], [ 120.605469326915298, 24.362606414889971 ] ], [ [ 120.605031233139371, 24.362821109054661 ], [ 120.605446531328269, 24.362617586339457 ] ], [ [ 120.605446531328269, 24.362617586339457 ], [ 120.605469326915298, 24.362606414889971 ] ], [ [ 120.605446531328269, 24.362617586339457 ], [ 120.605469327000037, 24.362606415000073 ], [ 120.608237904000021, 24.361184976000061 ], [ 120.609013435820231, 24.360816877084247 ] ], [ [ 120.605469326915298, 24.362606414889971 ], [ 120.608237903762728, 24.361184975516171 ], [ 120.609013435820231, 24.360816877084247 ] ], [ [ 120.609013435820231, 24.360816877084247 ], [ 120.609013436000055, 24.360816877000047 ] ], [ [ 120.609013436000055, 24.360816877000047 ], [ 120.610143872219425, 24.36027787608899 ], [ 120.610919405959663, 24.359936067424666 ], [ 120.612148413503888, 24.359140735926115 ], [ 120.612800377000099, 24.358688517000076 ] ], [ [ 120.609013436000055, 24.360816877000047 ], [ 120.610143873000084, 24.360277876000055 ], [ 120.610919406000107, 24.359936068000025 ], [ 120.612148414000103, 24.359140736000029 ], [ 120.612800377000099, 24.358688517000076 ] ], [ [ 120.612800377000099, 24.358688517000076 ], [ 120.613767812000106, 24.35809957400005 ] ], [ [ 120.612800377000099, 24.358688517000076 ], [ 120.613645005188843, 24.358174334973118 ] ], [ [ 120.612800377000099, 24.358688517000076 ], [ 120.613028501569545, 24.358549643231683 ], [ 120.613645005188843, 24.358174334973118 ] ], [ [ 120.613645005188843, 24.358174334973118 ], [ 120.613767812000106, 24.35809957400005 ] ], [ [ 120.613645005188843, 24.358174334973118 ], [ 120.613767812113068, 24.358099574132705 ], [ 120.614262040000085, 24.357720975000063 ] ], [ [ 120.613767812000106, 24.35809957400005 ], [ 120.614262040000085, 24.357720975000063 ] ], [ [ 120.614262040000085, 24.357720975000063 ], [ 120.614315782039981, 24.357640352406285 ] ], [ [ 120.614262040000085, 24.357720975000063 ], [ 120.614292071426632, 24.357675922673774 ] ], [ [ 120.614262040000085, 24.357720975000063 ], [ 120.61426204025507, 24.3577209749375 ], [ 120.614292071426632, 24.357675922673774 ] ], [ [ 120.614292071426632, 24.357675922673774 ], [ 120.614315782039981, 24.357640352406285 ] ], [ [ 120.614292071426632, 24.357675922673774 ], [ 120.614315781207267, 24.357640353908106 ], [ 120.614351342081534, 24.357587006035516 ] ], [ [ 120.614315782039981, 24.357640352406285 ], [ 120.614535430191154, 24.357310839905782 ] ], [ [ 120.614315782039981, 24.357640352406285 ], [ 120.614351342081534, 24.357587006035516 ] ], [ [ 120.614351342081534, 24.357587006035516 ], [ 120.614535430191154, 24.357310839905782 ] ], [ [ 120.614351342081534, 24.357587006035516 ], [ 120.614535431000036, 24.357310840000025 ], [ 120.614700047173599, 24.357023815542771 ] ], [ [ 120.614535430191154, 24.357310839905782 ], [ 120.614935781074919, 24.356612790346293 ] ], [ [ 120.614535430191154, 24.357310839905782 ], [ 120.614700047173599, 24.357023815542771 ] ], [ [ 120.614700047173599, 24.357023815542771 ], [ 120.614935781074919, 24.356612790346293 ] ], [ [ 120.614700047173599, 24.357023815542771 ], [ 120.614935784538005, 24.356612786462708 ], [ 120.615080585964122, 24.356360309352183 ] ], [ [ 120.614935781074919, 24.356612790346293 ], [ 120.615129518000117, 24.356274991000078 ] ], [ [ 120.614935781074919, 24.356612790346293 ], [ 120.615080585964122, 24.356360309352183 ] ], [ [ 120.615080585964122, 24.356360309352183 ], [ 120.615129518000117, 24.356274991000078 ] ], [ [ 120.615080585964122, 24.356360309352183 ], [ 120.615129518284775, 24.356274991231857 ], [ 120.615186678318025, 24.356169169767604 ] ], [ [ 120.615129518000117, 24.356274991000078 ], [ 120.615270083296608, 24.356014760533458 ] ], [ [ 120.615129518000117, 24.356274991000078 ], [ 120.615186678318025, 24.356169169767604 ] ], [ [ 120.615186678318025, 24.356169169767604 ], [ 120.615270083296608, 24.356014760533458 ] ], [ [ 120.615186678318025, 24.356169169767604 ], [ 120.615270078583293, 24.356014770366393 ], [ 120.615524874000016, 24.355543063000027 ] ], [ [ 120.615270083296608, 24.356014760533458 ], [ 120.615524873296749, 24.355543062926639 ], [ 120.616179637374813, 24.354380984530952 ] ], [ [ 120.615270083296608, 24.356014760533458 ], [ 120.615524874000016, 24.355543063000027 ] ], [ [ 120.615524874000016, 24.355543063000027 ], [ 120.616179637374813, 24.354380984530952 ] ], [ [ 120.615524874000016, 24.355543063000027 ], [ 120.616179625598974, 24.354381006798448 ], [ 120.616252498000108, 24.354251671000043 ] ], [ [ 120.622514516878525, 24.10884358593615 ], [ 120.615526196088823, 24.109549425129874 ] ], [ [ 120.618942021540235, 24.109204458537931 ], [ 120.615526196088823, 24.109549425129874 ] ], [ [ 120.616179637374813, 24.354380984530952 ], [ 120.616252498000108, 24.354251671000043 ] ], [ [ 120.616252498000108, 24.354251671000043 ], [ 120.616252498326446, 24.354251670567916 ] ], [ [ 120.616252498326446, 24.354251670567916 ], [ 120.616539884070789, 24.353756470804154 ] ], [ [ 120.616252498326446, 24.354251670567916 ], [ 120.616539900019703, 24.353756445441974 ], [ 120.61679619395747, 24.353314818549435 ] ], [ [ 120.616539884070789, 24.353756470804154 ], [ 120.616811047000056, 24.353289225000026 ] ], [ [ 120.616539884070789, 24.353756470804154 ], [ 120.61679619395747, 24.353314818549435 ] ], [ [ 120.61679619395747, 24.353314818549435 ], [ 120.616811047000056, 24.353289225000026 ] ], [ [ 120.616811047000056, 24.353289225000026 ], [ 120.616811047022935, 24.353289224837759 ] ], [ [ 120.616811047022935, 24.353289224837759 ], [ 120.616884870363947, 24.353156564952727 ] ], [ [ 120.616811047022935, 24.353289224837759 ], [ 120.616821486709895, 24.353270464917482 ] ], [ [ 120.616821486709895, 24.353270464917482 ], [ 120.616884870363947, 24.353156564952727 ] ], [ [ 120.616821486709895, 24.353270464917482 ], [ 120.616884876239197, 24.353156555130585 ], [ 120.617224909460802, 24.352545517730068 ] ], [ [ 120.616941387815629, 24.349534572111445 ], [ 120.616879395000069, 24.349361028000033 ] ], [ [ 120.61690951060892, 24.349445334532739 ], [ 120.616879395000069, 24.349361028000033 ] ], [ [ 120.61690951060892, 24.349445334532739 ], [ 120.616879394886624, 24.349361028082576 ], [ 120.616879395000069, 24.349361028000033 ] ], [ [ 120.616879395000069, 24.349361028000033 ], [ 120.616854051214517, 24.34890537336074 ], [ 120.616940470977511, 24.348370931172425 ] ], [ [ 120.616879395000069, 24.349361028000033 ], [ 120.616854052, 24.348905374000022 ], [ 120.616940470977511, 24.348370931172425 ] ], [ [ 120.616884870363947, 24.353156564952727 ], [ 120.617224909000015, 24.352545518000056 ], [ 120.617342932462805, 24.352365182769834 ] ], [ [ 120.616884870363947, 24.353156564952727 ], [ 120.617224909460802, 24.352545517730068 ] ], [ [ 120.616941387815629, 24.349534572111445 ], [ 120.61690951060892, 24.349445334532739 ] ], [ [ 120.616982027486969, 24.349648339740611 ], [ 120.616941381740574, 24.349534555528294 ], [ 120.61690951060892, 24.349445334532739 ] ], [ [ 120.616940470977511, 24.348370931172425 ], [ 120.616940472076578, 24.348370924199351 ] ], [ [ 120.616940470977511, 24.348370931172425 ], [ 120.616942400500051, 24.348358998325416 ] ], [ [ 120.616940472076578, 24.348370924199351 ], [ 120.616946834000032, 24.348331580000036 ] ], [ [ 120.616940472076578, 24.348370924199351 ], [ 120.616942400500051, 24.348358998325416 ] ], [ [ 120.617048188332404, 24.34983355124125 ], [ 120.616941387815629, 24.349534572111445 ] ], [ [ 120.616982027486969, 24.349648339740611 ], [ 120.616941387815629, 24.349534572111445 ] ], [ [ 120.616942400500051, 24.348358998325416 ], [ 120.616946834000032, 24.348331580000036 ] ], [ [ 120.616946834000032, 24.348331580000036 ], [ 120.616946834190344, 24.348331579227757 ] ], [ [ 120.616946834190344, 24.348331579227757 ], [ 120.617111333000025, 24.347635429000036 ] ], [ [ 120.616946834190344, 24.348331579227757 ], [ 120.617111333673648, 24.347635429142226 ], [ 120.617217409731168, 24.347173110369987 ] ], [ [ 120.617048188332404, 24.34983355124125 ], [ 120.616982027486969, 24.349648339740611 ] ], [ [ 120.617335536317015, 24.350682518342278 ], [ 120.617280282000024, 24.350529680000022 ], [ 120.617048188000012, 24.349833551000074 ], [ 120.616982027486969, 24.349648339740611 ] ], [ [ 120.617280282295553, 24.350529680000186 ], [ 120.617048188332404, 24.34983355124125 ] ], [ [ 120.617111333000025, 24.347635429000036 ], [ 120.617217409731168, 24.347173110369987 ] ], [ [ 120.617111333000025, 24.347635429000036 ], [ 120.617221941895394, 24.347153357650111 ] ], [ [ 120.617217409731168, 24.347173110369987 ], [ 120.617221941895394, 24.347153357650111 ] ], [ [ 120.617221941895394, 24.347153357650111 ], [ 120.617221943967095, 24.347153348489346 ], [ 120.617229434911252, 24.347120700178454 ] ], [ [ 120.617221941895394, 24.347153357650111 ], [ 120.617229434911252, 24.347120700178454 ] ], [ [ 120.617224909460802, 24.352545517730068 ], [ 120.617342932462805, 24.352365182769834 ] ], [ [ 120.617229434911252, 24.347120700178454 ], [ 120.617229435000013, 24.347120700000062 ] ], [ [ 120.617229435000013, 24.347120700000062 ], [ 120.617347543718338, 24.346724104273402 ], [ 120.61734754400004, 24.346724104000032 ] ], [ [ 120.617229435000013, 24.347120700000062 ], [ 120.61734754400004, 24.346724104000032 ] ], [ [ 120.617403240509816, 24.350869794145439 ], [ 120.617280282295553, 24.350529680000186 ] ], [ [ 120.617335536317015, 24.350682518342278 ], [ 120.617280282295553, 24.350529680000186 ] ], [ [ 120.617403240509816, 24.350869794145439 ], [ 120.617335536317015, 24.350682518342278 ] ], [ [ 120.617533471926549, 24.351230026662233 ], [ 120.617403240380767, 24.350869794789919 ], [ 120.617335536317015, 24.350682518342278 ] ], [ [ 120.617342932462805, 24.352365182769834 ], [ 120.617342935861046, 24.352365177379983 ] ], [ [ 120.617342932462805, 24.352365182769834 ], [ 120.617374359930309, 24.352317162579915 ] ], [ [ 120.617342935861046, 24.352365177379983 ], [ 120.617418721553832, 24.352249379403098 ] ], [ [ 120.617342935861046, 24.352365177379983 ], [ 120.617374359930309, 24.352317162579915 ] ], [ [ 120.61734754400004, 24.346724104000032 ], [ 120.617444611334335, 24.346582530274127 ], [ 120.617444613599218, 24.346582527179468 ] ], [ [ 120.61734754400004, 24.346724104000032 ], [ 120.617444613599218, 24.346582527179468 ] ], [ [ 120.617374359930309, 24.352317162579915 ], [ 120.617418721553832, 24.352249379403098 ] ], [ [ 120.617374359930309, 24.352317162579915 ], [ 120.617418722000025, 24.352249379000057 ], [ 120.617504849000056, 24.351931711000077 ], [ 120.617507667611761, 24.351784619397147 ] ], [ [ 120.617533471926549, 24.351230026662233 ], [ 120.617533472000105, 24.351230026000053 ], [ 120.617403240509816, 24.350869794145439 ] ], [ [ 120.617533471926549, 24.351230026662233 ], [ 120.617403240509816, 24.350869794145439 ] ], [ [ 120.617418721553832, 24.352249379403098 ], [ 120.617504848338342, 24.351931710293449 ] ], [ [ 120.617444613599218, 24.346582527179468 ], [ 120.617550040596328, 24.346428760738242 ] ], [ [ 120.617504848338342, 24.351931710293449 ], [ 120.6175076847056, 24.351783727554398 ] ], [ [ 120.617504848338342, 24.351931710293449 ], [ 120.617507667611761, 24.351784619397147 ] ], [ [ 120.617507667611761, 24.351784619397147 ], [ 120.6175076847056, 24.351783727554398 ] ], [ [ 120.6175076847056, 24.351783727554398 ], [ 120.617507684747409, 24.351783725158896 ] ], [ [ 120.6175076847056, 24.351783727554398 ], [ 120.617510214592102, 24.351651734533338 ] ], [ [ 120.617507684747409, 24.351783725158896 ], [ 120.617510214000049, 24.351651734000029 ], [ 120.617532163773816, 24.351253746503211 ] ], [ [ 120.617507684747409, 24.351783725158896 ], [ 120.617510214592102, 24.351651734533338 ] ], [ [ 120.617510214592102, 24.351651734533338 ], [ 120.617532163773816, 24.351253746503211 ] ], [ [ 120.617532163773816, 24.351253746503211 ], [ 120.617532163904215, 24.35125374405397 ] ], [ [ 120.617532163773816, 24.351253746503211 ], [ 120.6175323104478, 24.351251086964016 ] ], [ [ 120.617532163904215, 24.35125374405397 ], [ 120.617533471926549, 24.351230026662233 ] ], [ [ 120.617532163904215, 24.35125374405397 ], [ 120.6175323104478, 24.351251086964016 ] ], [ [ 120.6175323104478, 24.351251086964016 ], [ 120.617533471926549, 24.351230026662233 ] ], [ [ 120.617550040596328, 24.346428760738242 ], [ 120.617550041000072, 24.346428760000038 ], [ 120.617811605000043, 24.346150290000026 ], [ 120.618258808000064, 24.345838057000037 ], [ 120.619184188000077, 24.345252545000051 ] ], [ [ 120.617550040596328, 24.346428760738242 ], [ 120.617811605663817, 24.346150290178432 ], [ 120.618258808051422, 24.345838057334653 ], [ 120.619184188000077, 24.345252545000051 ] ], [ [ 120.618291537582508, 23.812894368268537 ], [ 120.628287128341711, 23.806526528801808 ], [ 120.6315855498096, 23.804425697299813 ], [ 120.636863863095414, 23.800839538416049 ], [ 120.638913666347634, 23.79928089501081 ], [ 120.639050367982421, 23.799178349628772 ], [ 120.639191005392505, 23.799081272282162 ], [ 120.639335359986617, 23.798989813857258 ], [ 120.639483207396054, 23.798904116506897 ], [ 120.639634317823166, 23.798824313429535 ], [ 120.639788456398634, 23.798750528662236 ], [ 120.639945383546532, 23.798682876887856 ], [ 120.640104855356782, 23.798621463256815 ], [ 120.640266623963981, 23.798566383223655 ], [ 120.64043043793302, 23.798517722398678 ], [ 120.640596042649548, 23.798475556414861 ], [ 120.640763180716036, 23.798439950810351 ], [ 120.640931592351507, 23.798410960926539 ], [ 120.641101015795684, 23.798388631822107 ], [ 120.641271187715461, 23.798372998202929 ], [ 120.641441843614516, 23.798364084368149 ], [ 120.641612718244247, 23.798361904172474 ], [ 120.641783546016029, 23.798366461004544 ], [ 120.64195406141414, 23.798377747781725 ], [ 120.642123999408341, 23.798395746961109 ], [ 120.648634152165641, 23.798858906584996 ], [ 120.649003284538452, 23.798930953487517 ], [ 120.649282930275461, 23.799044169967015 ], [ 120.651466404189918, 23.800198560666317 ], [ 120.651810032871552, 23.800330302169396 ], [ 120.652125025829704, 23.80035006338321 ], [ 120.654829383554073, 23.800089742082886 ], [ 120.655099704783595, 23.800068663412002 ], [ 120.657379681086155, 23.800185386508577 ], [ 120.657912878257164, 23.800266802781778 ], [ 120.658311487527854, 23.800418568900891 ], [ 120.659374445583012, 23.801008768770746 ], [ 120.659901342894798, 23.801405044304655 ], [ 120.661689357468177, 23.802872886712223 ], [ 120.662104575458471, 23.803254928745094 ], [ 120.666139975301704, 23.807493954654838 ], [ 120.666576222651415, 23.807854164546665 ], [ 120.673668038541635, 23.813205735343367 ], [ 120.682739746249865, 23.820193316020404 ], [ 120.691884161849586, 23.828127206343758 ], [ 120.696867448882898, 23.832397514895639 ], [ 120.697247767085244, 23.832613599019577 ], [ 120.698959198995652, 23.833477931875098 ], [ 120.699596791276008, 23.833704303803341 ], [ 120.700200826067913, 23.833807200002283 ], [ 120.70329930083382, 23.833817489617651 ], [ 120.703825034819403, 23.833858648070816 ], [ 120.704238910510128, 23.833971833748908 ], [ 120.706051014885873, 23.834517181525175 ], [ 120.706187830237354, 23.834562087145617 ], [ 120.706326550430177, 23.83460070920226 ], [ 120.70646688704079, 23.83463296739307 ], [ 120.706608548284876, 23.834658794647652 ], [ 120.706751239623927, 23.834678137266614 ], [ 120.706894664377785, 23.834690955033278 ], [ 120.707038524341243, 23.834697221297262 ], [ 120.707182520404373, 23.834696923029924 ], [ 120.707326353174125, 23.83469006085139 ], [ 120.7074697235971, 23.834676649029348 ], [ 120.707612333581125, 23.834656715449306 ], [ 120.707753886615109, 23.834630301556668 ], [ 120.707894088385572, 23.834597462270533 ], [ 120.708032647388521, 23.8345582658695 ], [ 120.70816927553561, 23.834512793849765 ], [ 120.70830368875302, 23.834461140755575 ], [ 120.708435607572198, 23.834403413982749 ], [ 120.70856475771086, 23.834339733555332 ], [ 120.708690870643323, 23.834270231876062 ], [ 120.712124025427343, 23.832194601282183 ], [ 120.712227319822972, 23.832142931509942 ], [ 120.712333474511112, 23.832097426788042 ], [ 120.712442121922351, 23.832058244680329 ], [ 120.71255288585597, 23.832025520858132 ], [ 120.71266538278266, 23.831999368630399 ], [ 120.712779223172461, 23.831979878551387 ], [ 120.712894012843577, 23.831967118107126 ], [ 120.713009354327212, 23.831961131481691 ], [ 120.713124848243922, 23.831961939404291 ], [ 120.71324009468637, 23.831969539077434 ], [ 120.71335469460422, 23.831983904186597 ], [ 120.713468251185702, 23.832004984991393 ], [ 120.713580371231757, 23.83203270849781 ], [ 120.713690666517323, 23.832066978710891 ], [ 120.713798755135926, 23.832107676967169 ], [ 120.713904262821671, 23.832154662345559 ], [ 120.714006824245416, 23.832207772155275 ], [ 120.717221184204746, 23.833761925684968 ], [ 120.717586289678991, 23.833946315532067 ], [ 120.723601581340091, 23.835998869434874 ], [ 120.724183244473025, 23.836091474360853 ], [ 120.725089296660911, 23.83612234265464 ], [ 120.725559101499101, 23.836194368644627 ], [ 120.726867843548263, 23.836647102512522 ], [ 120.727438320851732, 23.836780864485799 ], [ 120.729491591711152, 23.837107243115096 ], [ 120.731617794178675, 23.837186265306489 ], [ 120.732004376445602, 23.837179680125747 ], [ 120.732297892611172, 23.837126998667518 ], [ 120.73254845519152, 23.837015050496941 ], [ 120.73282049456445, 23.836883346641731 ], [ 120.736020536662025, 23.835355572036775 ], [ 120.736385642136256, 23.835223866477342 ], [ 120.736886767296937, 23.835098746070596 ], [ 120.737380733526791, 23.835078990205744 ], [ 120.742248806516415, 23.834980210835838 ], [ 120.742842997778382, 23.83502630788459 ], [ 120.743279692561288, 23.835144843076758 ], [ 120.743852407030658, 23.835316060383125 ], [ 120.746230514378055, 23.836029737751002 ], [ 120.746518679242882, 23.836095491355284 ], [ 120.746756928462119, 23.836103920457855 ], [ 120.746949360523857, 23.836070204044244 ], [ 120.74716928288008, 23.83600698574487 ], [ 120.750307758172241, 23.834839548881799 ], [ 120.750642223422432, 23.834713111038628 ], [ 120.750752184600529, 23.834662535866478 ], [ 120.750811746905356, 23.834595102272562 ], [ 120.750912544651968, 23.834498166419191 ], [ 120.751233264754802, 23.834194714578494 ], [ 120.751430278532268, 23.834093563805368 ], [ 120.751714344909075, 23.833992412952483 ], [ 120.752218333642134, 23.833861759649441 ], [ 120.754304446096853, 23.833491925787836 ], [ 120.754633756916775, 23.833439242814784 ], [ 120.755156358870053, 23.833235096089854 ], [ 120.756509396803892, 23.832451433063639 ], [ 120.756881661208979, 23.8322143575914 ], [ 120.75725392561408, 23.831918012634908 ], [ 120.760869269595716, 23.829011506306134 ], [ 120.76125378248409, 23.828593474356353 ], [ 120.761603339655352, 23.82790211083481 ], [ 120.761708206806716, 23.827017803225846 ], [ 120.761716060937374, 23.82686017031029 ], [ 120.761730706533086, 23.826703022831904 ], [ 120.761752116336908, 23.826546653257697 ], [ 120.761780250503094, 23.826391352606919 ], [ 120.761815056671139, 23.826237409909467 ], [ 120.761856470063393, 23.826085111667915 ], [ 120.761904413605379, 23.825934741324367 ], [ 120.761958798069415, 23.82578657873291 ], [ 120.762019522240678, 23.825640899638802 ], [ 120.762086473105441, 23.825497975165231 ], [ 120.762159526061538, 23.825358071308813 ], [ 120.762238545150169, 23.825221448444438 ], [ 120.762323383309024, 23.825088360840812 ], [ 120.762413882645831, 23.824959056187108 ], [ 120.76250987473243, 23.824833775132081 ], [ 120.762611180918029, 23.824712750836195 ], [ 120.762717612661802, 23.824596208537628 ], [ 120.762828971883707, 23.824484365133124 ], [ 120.762945051333247, 23.824377428774337 ], [ 120.763065634975078, 23.824275598480401 ], [ 120.763190498391069, 23.824179063767588 ], [ 120.763319409198118, 23.824088004296534 ], [ 120.763452127480377, 23.824002589537937 ], [ 120.763588406236053, 23.823922978457112 ], [ 120.763727991836873, 23.823849319218159 ], [ 120.763868529380403, 23.823786513089257 ], [ 120.764011646802913, 23.82372983139615 ], [ 120.764157077356302, 23.82367937978454 ], [ 120.764304549980992, 23.823635252288213 ], [ 120.764453789811441, 23.823597531153844 ], [ 120.764604518688216, 23.823566286687644 ], [ 120.764756455676647, 23.823541577124331 ], [ 120.764909317590238, 23.823523448518635 ], [ 120.765062819518604, 23.823511934659397 ], [ 120.765216675358502, 23.823507057006605 ], [ 120.765370598347047, 23.823508824651451 ], [ 120.765524301596159, 23.823517234299334 ], [ 120.765677498627383, 23.823532270275987 ], [ 120.765829903905711, 23.823553904556725 ], [ 120.765981233371889, 23.823582096818708 ], [ 120.766131204971771, 23.823616794515996 ], [ 120.766279539182065, 23.8236579329776 ], [ 120.766425959531347, 23.823705435527948 ], [ 120.766570193115228, 23.823759213629817 ], [ 120.766711971105266, 23.823819167049347 ], [ 120.766851029249707, 23.823885184042869 ], [ 120.766987108366223, 23.823957141565177 ], [ 120.767119954824935, 23.824034905498849 ], [ 120.767249321021055, 23.824118330904245 ], [ 120.767374965836538, 23.824207262289647 ], [ 120.767496655089374, 23.824301533901025 ], [ 120.770118333873711, 23.82714040078104 ], [ 120.770194694116924, 23.82722283759151 ], [ 120.770275880544744, 23.827300525932987 ], [ 120.770361598418006, 23.827373183765776 ], [ 120.770451536546616, 23.827440547312925 ], [ 120.770545368419263, 23.827502372017857 ], [ 120.770642753388742, 23.827558433432216 ], [ 120.770743337908783, 23.827608528030677 ], [ 120.770846756817349, 23.827652473949833 ], [ 120.770952634662549, 23.827690111648476 ], [ 120.77106058706552, 23.827721304486694 ], [ 120.771170222115927, 23.827745939222051 ], [ 120.771281141794745, 23.827763926420616 ], [ 120.771392943419286, 23.82777520078168 ], [ 120.771505221104945, 23.827779721374803 ], [ 120.77161756723892, 23.827777471788433 ], [ 120.771729573959931, 23.827768460189457 ], [ 120.771823530486216, 23.827792098381913 ], [ 120.771918888032289, 23.827809231139469 ], [ 120.772015196725704, 23.827819777634186 ], [ 120.772112002206697, 23.827823688110382 ], [ 120.772208847771836, 23.827820944119445 ], [ 120.77230527652857, 23.827811558606832 ], [ 120.772400833550762, 23.82779557585096 ], [ 120.772495068024853, 23.827773071254388 ], [ 120.772587535376758, 23.827744150988043 ], [ 120.772677799369205, 23.827708951490315 ], [ 120.772765434159851, 23.827667638823421 ], [ 120.772850026310152, 23.827620407889921 ], [ 120.77293117673608, 23.82756748151327 ], [ 120.773367336696595, 23.827098195078563 ], [ 120.77380358404632, 23.826943842676926 ], [ 120.774195088078102, 23.826902682005137 ], [ 120.77489979533533, 23.826851231146804 ], [ 120.783188494979939, 23.826037018567277 ], [ 120.784988714411838, 23.826037018567281 ], [ 120.796922268528363, 23.826435400432604 ], [ 120.798000980111539, 23.826512338298151 ], [ 120.799147964579703, 23.826361602844777 ], [ 120.803080482756229, 23.825231081299894 ], [ 120.805838707310571, 23.824251287903877 ], [ 120.810098935335176, 23.822241431883768 ], [ 120.812201740193458, 23.821462604213732 ], [ 120.812911778197531, 23.821437480661817 ], [ 120.814086071819716, 23.82171383946244 ], [ 120.825228206653136, 23.823698580636414 ], [ 120.827849885437502, 23.823974934567744 ], [ 120.82875108751962, 23.82397493456774 ], [ 120.829624980447718, 23.823773949949441 ], [ 120.831727785306001, 23.823145870988331 ], [ 120.832656296542126, 23.822894638543136 ], [ 120.833803281010262, 23.822718775538856 ], [ 120.835906085868572, 23.82234192543239 ], [ 120.839319730119044, 23.821211368473215 ], [ 120.840657878665198, 23.820683771817215 ], [ 120.841504462439332, 23.819955182393279 ], [ 120.842351046213437, 23.819050720802554 ], [ 120.84322493914155, 23.818271873769927 ], [ 120.843798431375617, 23.818020631783504 ], [ 120.844453851071719, 23.817869886355602 ], [ 120.845655453847854, 23.817694016465957 ], [ 120.85021608256649, 23.817040783337593 ], [ 120.851144593802601, 23.816940285638164 ], [ 120.851554231112672, 23.817040783337596 ], [ 120.852018486730714, 23.817266902873602 ], [ 120.854776711285098, 23.819075844821697 ], [ 120.855459440135178, 23.819703943701864 ], [ 120.856196787293271, 23.820633524403544 ], [ 120.856988752759364, 23.82199019766794 ], [ 120.858217664689562, 23.825557677436013 ], [ 120.858654611153611, 23.826185744592014 ], [ 120.859446576619689, 23.826663073574444 ], [ 120.860320469547815, 23.826763563660247 ], [ 120.861541734914823, 23.826615843206934 ], [ 120.862275804974445, 23.826631921631865 ], [ 120.862852574306999, 23.826969568090121 ], [ 120.863097264326882, 23.827596623440872 ], [ 120.86379637866942, 23.829204443669745 ], [ 120.864949917334528, 23.830651464647289 ], [ 120.866662747473626, 23.832902353724283 ] ], [ [ 120.618942021540235, 24.109204458537931 ], [ 120.618999340621698, 24.10941075504093 ], [ 120.61908868350605, 24.109656398028463 ], [ 120.619460896796809, 24.109909469814845 ], [ 120.619937321560272, 24.110102985078953 ], [ 120.620607279493953, 24.110147612607776 ], [ 120.621530323103443, 24.110058236970829 ], [ 120.62196071203627, 24.11003403504056 ], [ 120.622855340715333, 24.109983727657493 ] ], [ [ 120.622514516878525, 24.10884358593615 ], [ 120.618942021540235, 24.109204458537931 ] ], [ [ 120.619184188000077, 24.345252545000051 ], [ 120.619292439649939, 24.345184051221601 ] ], [ [ 120.619184188000077, 24.345252545000051 ], [ 120.619292440545493, 24.34518405089829 ] ], [ [ 120.619292439649939, 24.345184051221601 ], [ 120.619292440000095, 24.345184051000047 ] ], [ [ 120.619292440000095, 24.345184051000047 ], [ 120.619950592, 24.344795864000048 ] ], [ [ 120.619292440545493, 24.34518405089829 ], [ 120.619292440000095, 24.345184051000047 ] ], [ [ 120.619292440545493, 24.34518405089829 ], [ 120.619950592, 24.344795864000048 ] ], [ [ 120.619950592, 24.344795864000048 ], [ 120.620933596106482, 24.344150298400315 ], [ 120.62126633743236, 24.343957285261393 ] ], [ [ 120.619950592, 24.344795864000048 ], [ 120.6209335960001, 24.344150299000034 ] ], [ [ 120.619950592, 24.344795864000048 ], [ 120.620034548885172, 24.344740727779794 ], [ 120.6209335960001, 24.344150299000034 ] ], [ [ 120.6209335960001, 24.344150299000034 ], [ 120.62126633743236, 24.343957285261393 ] ], [ [ 120.6209335960001, 24.344150299000034 ], [ 120.621266338667596, 24.343957284722833 ], [ 120.62131559343301, 24.343928713351147 ] ], [ [ 120.62126633743236, 24.343957285261393 ], [ 120.621355488737606, 24.343905571152288 ] ], [ [ 120.62126633743236, 24.343957285261393 ], [ 120.62131559343301, 24.343928713351147 ] ], [ [ 120.62131559343301, 24.343928713351147 ], [ 120.621355488737606, 24.343905571152288 ] ], [ [ 120.62131559343301, 24.343928713351147 ], [ 120.621355488342104, 24.343905571525855 ], [ 120.621355488737606, 24.343905571152288 ] ], [ [ 120.621355488737606, 24.343905571152288 ], [ 120.621355489000052, 24.34390557100005 ] ], [ [ 120.621355489000052, 24.34390557100005 ], [ 120.621811121318601, 24.343475205176574 ] ], [ [ 120.621355489000052, 24.34390557100005 ], [ 120.621811121000064, 24.343475206000051 ], [ 120.621811121318601, 24.343475205176574 ] ], [ [ 120.621811121318601, 24.343475205176574 ], [ 120.621868810846976, 24.343363203690753 ] ], [ [ 120.621811121318601, 24.343475205176574 ], [ 120.621842958940917, 24.343413394033306 ] ], [ [ 120.621842958940917, 24.343413394033306 ], [ 120.621868810846976, 24.343363203690753 ] ], [ [ 120.621842958940917, 24.343413394033306 ], [ 120.621868810975556, 24.343363203607627 ] ], [ [ 120.621868810846976, 24.343363203690753 ], [ 120.621868810975556, 24.343363203607627 ] ], [ [ 120.621868810975556, 24.343363203607627 ], [ 120.621954552000034, 24.343196741000042 ], [ 120.622321533000104, 24.341968981000036 ], [ 120.622577280885082, 24.341369475415718 ] ], [ [ 120.621868810975556, 24.343363203607627 ], [ 120.621954552170848, 24.343196740973173 ], [ 120.622321533409448, 24.341968981258351 ], [ 120.622577280885082, 24.341369475415718 ] ], [ [ 120.654522799746246, 24.123360546373235 ], [ 120.649176494527481, 24.119920066229771 ], [ 120.643792587298165, 24.116517192013845 ], [ 120.638483889572584, 24.113126848385583 ], [ 120.633288009685245, 24.109811706662878 ], [ 120.632968359474518, 24.109604901739992 ], [ 120.627916774310364, 24.10857732845545 ], [ 120.627007995328839, 24.108470832231976 ], [ 120.625804657113235, 24.108495965675964 ], [ 120.622514516878525, 24.10884358593615 ] ], [ [ 120.622577280885082, 24.341369475415718 ], [ 120.622591514000078, 24.341336111000032 ] ], [ [ 120.622591514000078, 24.341336111000032 ], [ 120.622853073599956, 24.340973259775311 ], [ 120.623042925403425, 24.340867773625231 ], [ 120.623210072682838, 24.340784189142322 ] ], [ [ 120.622591514000078, 24.341336111000032 ], [ 120.622853074000091, 24.340973260000055 ], [ 120.62304292500005, 24.34086777400006 ] ], [ [ 120.62304292500005, 24.34086777400006 ], [ 120.623210072682838, 24.340784189142322 ] ], [ [ 120.62304292500005, 24.34086777400006 ], [ 120.623210076759321, 24.340784187689007 ], [ 120.623514437984568, 24.340631986746629 ] ], [ [ 120.623210072682838, 24.340784189142322 ], [ 120.623869838000019, 24.340454263000026 ] ], [ [ 120.623210072682838, 24.340784189142322 ], [ 120.623514437984568, 24.340631986746629 ] ], [ [ 120.623514437984568, 24.340631986746629 ], [ 120.623869838000019, 24.340454263000026 ] ], [ [ 120.623514437984568, 24.340631986746629 ], [ 120.623869838422465, 24.340454263472097 ], [ 120.624305315726815, 24.340194621222899 ] ], [ [ 120.623869838000019, 24.340454263000026 ], [ 120.624305312679539, 24.340194622787372 ], [ 120.624305314000026, 24.34019462200007 ], [ 120.624305315604573, 24.340194621043779 ] ], [ [ 120.624305315726815, 24.340194621222899 ], [ 120.624305315604573, 24.340194621043779 ] ], [ [ 120.624305315604573, 24.340194621043779 ], [ 120.624306391312814, 24.340193979932145 ] ], [ [ 120.877907511225217, 24.664476504778797 ], [ 120.877899099573341, 24.664476505236589 ], [ 120.877504257773893, 24.663988824879876 ], [ 120.877167484599013, 24.663628872800349 ], [ 120.876459119495962, 24.663176045367624 ], [ 120.875222396265997, 24.662578097347708 ], [ 120.871610932468215, 24.660836501666232 ], [ 120.870560007467773, 24.660319827160777 ], [ 120.869445227881556, 24.659983141344942 ], [ 120.866350569194154, 24.659292398897758 ], [ 120.862878512138508, 24.658502975422831 ], [ 120.861636002158619, 24.658201132400929 ], [ 120.861136676056844, 24.658085040097944 ], [ 120.860509612006695, 24.657887671104412 ], [ 120.85848006707208, 24.657155685683232 ], [ 120.854198300864411, 24.65547853524393 ], [ 120.853129973262227, 24.655199906623238 ], [ 120.852456467779504, 24.655107047697985 ], [ 120.851875867096169, 24.655141915160087 ], [ 120.851306886041783, 24.655292901486291 ], [ 120.849303883440868, 24.656483235395285 ], [ 120.846720308158297, 24.658138078921908 ], [ 120.845210793455422, 24.658950997611708 ], [ 120.844258648510177, 24.659624542555317 ], [ 120.843318123953168, 24.660425818318316 ], [ 120.842348566596954, 24.661186453841243 ], [ 120.841106145155464, 24.662243208953367 ], [ 120.840711348009407, 24.662440633605065 ], [ 120.838952163790623, 24.663096804592652 ], [ 120.834324856137272, 24.664600804158987 ], [ 120.832223121813925, 24.665344083447241 ], [ 120.831514801320907, 24.665576361032731 ], [ 120.831038718234126, 24.665750566217998 ], [ 120.830388444403795, 24.665773825537343 ], [ 120.829627840477059, 24.665559045884386 ], [ 120.824919175811445, 24.664254030611609 ], [ 120.821508269944445, 24.66332517585294 ], [ 120.819936002177784, 24.662857492821665 ], [ 120.818909472198001, 24.662428760788703 ], [ 120.817330681730596, 24.661564774103397 ], [ 120.812659221183992, 24.658089247451993 ], [ 120.809378136156212, 24.655380265916431 ], [ 120.807097499726453, 24.651657731115652 ], [ 120.803506096181138, 24.646015032326684 ], [ 120.801035324211739, 24.64220523593621 ], [ 120.798715705136118, 24.638456716032891 ], [ 120.796422080262786, 24.634812143286702 ], [ 120.794206420146949, 24.631206547001455 ], [ 120.792991272213612, 24.627561915564367 ], [ 120.79165917005821, 24.623748374020245 ], [ 120.790788429165858, 24.621240661576557 ], [ 120.789859299923293, 24.620012819345732 ], [ 120.78753973096228, 24.617030920202613 ], [ 120.786682643300921, 24.616072269822496 ], [ 120.784752336521791, 24.613243444874985 ], [ 120.783771068596181, 24.609494852089515 ], [ 120.783056252188175, 24.606987131144855 ], [ 120.782101135598964, 24.605759290297165 ], [ 120.780879639345955, 24.604395031391803 ], [ 120.780411845964764, 24.604083211030822 ], [ 120.779905077403129, 24.603862347805318 ], [ 120.779268372710192, 24.60365448521295 ], [ 120.778644673538309, 24.603628531950761 ], [ 120.778072955912506, 24.603706524457134 ], [ 120.776949012471832, 24.603881998772511 ], [ 120.776299333502422, 24.603972989089183 ], [ 120.775714628932519, 24.604154930895188 ], [ 120.775103948791127, 24.604518784151715 ], [ 120.772018058341075, 24.606253593981695 ], [ 120.770770681934877, 24.606539520393209 ], [ 120.768847641682285, 24.606955419262651 ], [ 120.768470835424651, 24.607124356204121 ], [ 120.76795110609217, 24.607410243081691 ], [ 120.766885663409127, 24.608033992548606 ], [ 120.766580337272515, 24.60843031316109 ], [ 120.766268524847263, 24.608989053807964 ], [ 120.765878748545134, 24.609521811543452 ], [ 120.765034196192417, 24.610106568291538 ], [ 120.763591954850142, 24.611016196886975 ], [ 120.762955283921599, 24.611328077276706 ], [ 120.762474528920521, 24.611510013447706 ], [ 120.76193529678541, 24.611607494561699 ], [ 120.75932868028157, 24.611709137575531 ], [ 120.757640897696575, 24.611887089793608 ], [ 120.756536443481266, 24.612043072711753 ], [ 120.755315040908314, 24.612121100536861 ], [ 120.75491223456963, 24.612095135277308 ], [ 120.754548403411221, 24.611978212875616 ], [ 120.752267956535533, 24.611166238370998 ], [ 120.751124483190921, 24.61073751253624 ], [ 120.75057873349229, 24.610516651418493 ], [ 120.749955019067542, 24.610256813811933 ], [ 120.746907865393368, 24.608236478475185 ], [ 120.743847720548018, 24.606255124546962 ], [ 120.742938121941478, 24.605644475936504 ], [ 120.742470335273637, 24.605436604149283 ], [ 120.741885607850307, 24.605267719440086 ], [ 120.74066419847577, 24.605241798646169 ], [ 120.739988533738725, 24.60535877752973 ], [ 120.738903600003255, 24.605976031293057 ], [ 120.738318902980041, 24.606274915288772 ], [ 120.737682220180574, 24.606404885631576 ], [ 120.737019542380764, 24.606417915209697 ], [ 120.735746155661403, 24.606353016515413 ], [ 120.734115415610745, 24.605878839612334 ], [ 120.732790032972076, 24.605489104356629 ], [ 120.732127343340508, 24.605320223878557 ], [ 120.731035840524186, 24.604826527310827 ], [ 120.729015227836058, 24.603403840570511 ], [ 120.7280796426504, 24.602806186922699 ], [ 120.727572866426414, 24.602468381489267 ], [ 120.727105065389281, 24.602039618909917 ], [ 120.726234430967438, 24.601169096644952 ], [ 120.725474238346891, 24.600227103713841 ], [ 120.723609433551246, 24.597011295063666 ], [ 120.722076063073288, 24.595257245644095 ], [ 120.721140487175361, 24.594802521306374 ], [ 120.720321836846779, 24.594074925531697 ], [ 120.719678612010924, 24.593509739923647 ], [ 120.717112117119683, 24.58982620060792 ], [ 120.71673526945689, 24.589358452347653 ], [ 120.716462371390932, 24.588890698443489 ], [ 120.716163480020342, 24.58833199092129 ], [ 120.715312252226241, 24.586168606802445 ], [ 120.713759265136744, 24.582472018857761 ], [ 120.712193287765075, 24.578827405911021 ], [ 120.711400548972122, 24.576930386903964 ], [ 120.711257578646055, 24.576319696612831 ], [ 120.711393939560566, 24.57519574493265 ], [ 120.711595095318273, 24.571395113195585 ], [ 120.711543080058931, 24.570771424396902 ], [ 120.711348143376568, 24.570290672681679 ], [ 120.710815337631999, 24.569303189853823 ], [ 120.707891662319597, 24.564793556460362 ], [ 120.706374450380778, 24.562343913750638 ], [ 120.704666019923835, 24.559668837067836 ], [ 120.70304047047793, 24.557002964724123 ], [ 120.701451758573683, 24.554364716906257 ], [ 120.699752540689474, 24.551744892757906 ], [ 120.69805331805064, 24.549051397842188 ], [ 120.697371766332267, 24.547651690414884 ], [ 120.697081642887184, 24.54700248260011 ], [ 120.696515154816737, 24.544861456949612 ], [ 120.69595787271264, 24.542674386577659 ], [ 120.695257474483739, 24.539975176069667 ], [ 120.694809193216159, 24.538680801653399 ], [ 120.693928982916717, 24.535296754667865 ], [ 120.693515462534592, 24.53372580118473 ], [ 120.693267340980853, 24.532639124540626 ], [ 120.693143269118721, 24.531924514412491 ], [ 120.692581979583878, 24.528505014608594 ], [ 120.692056124447916, 24.525061889193271 ], [ 120.691494835759528, 24.521654201247987 ], [ 120.691305762600749, 24.520390343680745 ], [ 120.69124667222539, 24.519917872934766 ], [ 120.69127025412503, 24.519268219983502 ], [ 120.691299717940069, 24.518246493483076 ], [ 120.691299600285163, 24.51642746880556 ], [ 120.69119325366438, 24.515825070284976 ], [ 120.690939236510246, 24.514897853922577 ], [ 120.69003540103958, 24.511490184536022 ], [ 120.68957462988422, 24.509871986223796 ], [ 120.689096133540176, 24.508141576309519 ], [ 120.688481772535411, 24.505991853124858 ], [ 120.688280940927399, 24.505554825597383 ], [ 120.687767065980296, 24.50471030623514 ], [ 120.686833811790521, 24.503021262394569 ], [ 120.685859212306184, 24.50127906746906 ], [ 120.68496138791464, 24.499495526916345 ], [ 120.684370726450368, 24.498515175443192 ], [ 120.683856865257468, 24.49788326934555 ], [ 120.681464778420946, 24.495337945381909 ], [ 120.67812188554889, 24.491600136556272 ], [ 120.6758595974824, 24.489072062859965 ], [ 120.675611519570978, 24.488658661573851 ], [ 120.675469753899847, 24.488316125630298 ], [ 120.675375238367721, 24.488009022677446 ], [ 120.67479040245135, 24.485782520840058 ], [ 120.674187856614964, 24.48368004437021 ], [ 120.674069707249373, 24.48321938866345 ], [ 120.673868879483805, 24.482841420366604 ], [ 120.6736030878305, 24.482492985203159 ], [ 120.672752577720829, 24.481737072874186 ], [ 120.67166584284449, 24.481205598436773 ], [ 120.671193348325531, 24.480957575158801 ], [ 120.670614549191583, 24.480756805021578 ], [ 120.669740447176508, 24.480496991604184 ], [ 120.669374263370457, 24.480296209972281 ], [ 120.668925387438534, 24.479965502474947 ], [ 120.668647790684616, 24.479723374583344 ], [ 120.665948538020046, 24.47632761399143 ], [ 120.66346191214511, 24.47310901961291 ], [ 120.663131138317397, 24.472506633204432 ], [ 120.6628948632423, 24.471951489083672 ], [ 120.66272946146978, 24.471419964830247 ], [ 120.662404520858061, 24.46968954655544 ], [ 120.661772361800288, 24.466293674218765 ], [ 120.661104765370524, 24.462874180102872 ], [ 120.660200839104391, 24.458049088772071 ], [ 120.659964531315111, 24.456986035162238 ], [ 120.659846379706153, 24.456489943902987 ], [ 120.659616023967047, 24.45614150681067 ], [ 120.656987642558121, 24.452733930431954 ], [ 120.654512834963086, 24.449609830102922 ], [ 120.652977156463692, 24.447696393536571 ], [ 120.652398310910741, 24.446775100593175 ], [ 120.652144320600328, 24.446261298889326 ], [ 120.651042605416293, 24.443919187374128 ], [ 120.650602642170142, 24.44288909932671 ], [ 120.648990085150345, 24.439410596942402 ], [ 120.648907364135425, 24.438831820824493 ], [ 120.648871851423053, 24.43763882603157 ], [ 120.648936758276236, 24.436723404262811 ], [ 120.649757471840772, 24.433339265365213 ], [ 120.650778988816569, 24.429955115658043 ], [ 120.651812319311901, 24.426594589037023 ], [ 120.652845646802646, 24.423186815049402 ], [ 120.653867163886559, 24.419802665422292 ], [ 120.654853244357696, 24.416406705884505 ], [ 120.655874762273569, 24.413034368158563 ], [ 120.656837222688807, 24.409697469187023 ], [ 120.657846926435099, 24.406289696606354 ], [ 120.658809383125742, 24.402893738446778 ], [ 120.659819088463465, 24.399509589614809 ], [ 120.660828792319464, 24.396101817113845 ], [ 120.661791249878604, 24.392717670880465 ], [ 120.66244078188052, 24.390756869172222 ], [ 120.662511619516337, 24.390225332211429 ], [ 120.662470219609872, 24.389321728096359 ], [ 120.66241110821025, 24.388518525641008 ], [ 120.662245704319716, 24.38795156586426 ], [ 120.662080306498694, 24.387479100868184 ], [ 120.660893105254061, 24.385937718698006 ], [ 120.65795761217494, 24.382506535053103 ], [ 120.655317434114835, 24.379323384277853 ], [ 120.653892888441561, 24.377599862574247 ], [ 120.65258275203351, 24.376010308240989 ], [ 120.649505520772621, 24.372661815074323 ], [ 120.646499156006001, 24.369230635126925 ], [ 120.643988936145348, 24.366460891923932 ], [ 120.642157948503581, 24.364382105245696 ], [ 120.641779935376746, 24.363909651674952 ], [ 120.641277874289301, 24.363088755268034 ], [ 120.639098349294855, 24.359692966291377 ], [ 120.637940667073323, 24.357980310640272 ], [ 120.636434532317253, 24.356273579653198 ], [ 120.633959746150254, 24.353468398910728 ], [ 120.631857077348513, 24.351295131995858 ], [ 120.631130568542304, 24.350155327747505 ], [ 120.628880172633643, 24.346771354344639 ], [ 120.627145751922342, 24.344334143453402 ], [ 120.626476220470821, 24.34337557733037 ], [ 120.624305315726815, 24.340194621222899 ] ], [ [ 120.624305315726815, 24.340194621222899 ], [ 120.624306391312814, 24.340193979932145 ] ], [ [ 120.624306391312814, 24.340193979932145 ], [ 120.624306416385025, 24.340193964989354 ] ], [ [ 120.624306416385025, 24.340193964989354 ], [ 120.624308605893134, 24.340192659545046 ], [ 120.624604238786404, 24.340083724767656 ] ], [ [ 120.624306416385025, 24.340193964989354 ], [ 120.624308606000113, 24.340192660000071 ] ], [ [ 120.624308606000113, 24.340192660000071 ], [ 120.624604238786404, 24.340083724767656 ] ], [ [ 120.624308606000113, 24.340192660000071 ], [ 120.624604238988496, 24.340083724933766 ], [ 120.62468522504453, 24.340053882959786 ] ], [ [ 120.624604238786404, 24.340083724767656 ], [ 120.624789569000086, 24.340015434000065 ] ], [ [ 120.624604238786404, 24.340083724767656 ], [ 120.62468522504453, 24.340053882959786 ] ], [ [ 120.62468522504453, 24.340053882959786 ], [ 120.624789569000086, 24.340015434000065 ] ], [ [ 120.62468522504453, 24.340053882959786 ], [ 120.624789569558573, 24.340015434104238 ], [ 120.625181939318438, 24.339943689369267 ], [ 120.625747299155805, 24.339994287427768 ], [ 120.626152334000039, 24.340044894000073 ] ], [ [ 120.624789569000086, 24.340015434000065 ], [ 120.625181939000072, 24.339943689000052 ], [ 120.625747299000068, 24.339994287000025 ], [ 120.626152334000039, 24.340044894000073 ] ], [ [ 120.626451082345753, 24.342516458286351 ], [ 120.626065741715209, 24.341938530071296 ] ], [ [ 120.626065741715209, 24.341938530071296 ], [ 120.626065735000111, 24.341938520000042 ], [ 120.627274333773826, 24.34390001452584 ], [ 120.626065741715209, 24.341938530071296 ] ], [ [ 120.626065741715209, 24.341938530071296 ], [ 120.626065735078797, 24.34193851930053 ], [ 120.626451082345753, 24.342516458286351 ] ], [ [ 120.626152334000039, 24.340044894000073 ], [ 120.626464553, 24.340146134000065 ] ], [ [ 120.626152334000039, 24.340044894000073 ], [ 120.626464552323668, 24.34014613422492 ], [ 120.626615790984701, 24.340226783167548 ] ], [ [ 120.628149995000058, 24.343216924000046 ], [ 120.627239244000066, 24.342936750000035 ], [ 120.626451082345753, 24.342516458286351 ] ], [ [ 120.626451082345753, 24.342516458286351 ], [ 120.627239243863613, 24.34293675023978 ], [ 120.628149995000058, 24.343216924000046 ] ], [ [ 120.626464553, 24.340146134000065 ], [ 120.626706882124594, 24.340275358076006 ] ], [ [ 120.626464553, 24.340146134000065 ], [ 120.626615790984701, 24.340226783167548 ] ], [ [ 120.626615790984701, 24.340226783167548 ], [ 120.626706882124594, 24.340275358076006 ] ], [ [ 120.626615790984701, 24.340226783167548 ], [ 120.62670688317651, 24.340275358989611 ], [ 120.626970859000039, 24.340416126000036 ] ], [ [ 120.626706882124594, 24.340275358076006 ], [ 120.626970859104162, 24.34041612541774 ], [ 120.627367481000078, 24.340863322000075 ] ], [ [ 120.626706882124594, 24.340275358076006 ], [ 120.626970859000039, 24.340416126000036 ] ], [ [ 120.626970859000039, 24.340416126000036 ], [ 120.627367481000078, 24.340863322000075 ] ], [ [ 120.627367481000078, 24.340863322000075 ], [ 120.627367481178808, 24.340863322089977 ] ], [ [ 120.627367481178808, 24.340863322089977 ], [ 120.627416220341701, 24.34094796145413 ] ], [ [ 120.627367481178808, 24.340863322089977 ], [ 120.627416217651373, 24.340947957032625 ], [ 120.627607995437543, 24.34128099389072 ] ], [ [ 120.627416220341701, 24.34094796145413 ], [ 120.627607996000052, 24.341280994000044 ], [ 120.627795898859688, 24.341631927770482 ] ], [ [ 120.627416220341701, 24.34094796145413 ], [ 120.627607995437543, 24.34128099389072 ] ], [ [ 120.627607995437543, 24.34128099389072 ], [ 120.627795898859688, 24.341631927770482 ] ], [ [ 120.627607995437543, 24.34128099389072 ], [ 120.627795894993341, 24.341631922034001 ], [ 120.6279342117532, 24.341890245633842 ] ], [ [ 120.627795898859688, 24.341631927770482 ], [ 120.628055271324257, 24.342116339306234 ] ], [ [ 120.627795898859688, 24.341631927770482 ], [ 120.6279342117532, 24.341890245633842 ] ], [ [ 120.6279342117532, 24.341890245633842 ], [ 120.628055271324257, 24.342116339306234 ] ], [ [ 120.6279342117532, 24.341890245633842 ], [ 120.628055271000107, 24.342116340000075 ], [ 120.628178149521531, 24.342333706601277 ] ], [ [ 120.628055271324257, 24.342116339306234 ], [ 120.628374590318842, 24.342681201573971 ] ], [ [ 120.628055271324257, 24.342116339306234 ], [ 120.628178149521531, 24.342333706601277 ] ], [ [ 120.628149995119315, 24.343216924157534 ], [ 120.628149995000058, 24.343216924000046 ] ], [ [ 120.628201169669168, 24.343253701059847 ], [ 120.628149995119315, 24.343216924157534 ] ], [ [ 120.628149995119315, 24.343216924157534 ], [ 120.62816397124196, 24.343226968183302 ] ], [ [ 120.62816397124196, 24.343226968183302 ], [ 120.628201169669168, 24.343253701059847 ] ], [ [ 120.62830862715083, 24.34333092618504 ], [ 120.628201166848456, 24.343253699223762 ], [ 120.62816397124196, 24.343226968183302 ] ], [ [ 120.628178149521531, 24.342333706601277 ], [ 120.628374590318842, 24.342681201573971 ] ], [ [ 120.628178149521531, 24.342333706601277 ], [ 120.628374595203383, 24.342681212240446 ], [ 120.628603813758374, 24.343086688482245 ] ], [ [ 120.628201169669168, 24.343253701059847 ], [ 120.628710472187507, 24.343619714420338 ] ], [ [ 120.62830862715083, 24.34333092618504 ], [ 120.628201169669168, 24.343253701059847 ] ], [ [ 120.628710472187507, 24.343619714420338 ], [ 120.62830862715083, 24.34333092618504 ] ], [ [ 120.628925955676763, 24.344070806463918 ], [ 120.628925956000103, 24.344070809000073 ], [ 120.62871047200008, 24.343619715000045 ], [ 120.62830862715083, 24.34333092618504 ] ], [ [ 120.628374590318842, 24.342681201573971 ], [ 120.62860381400003, 24.343086688000028 ], [ 120.628754701552097, 24.34343138364234 ] ], [ [ 120.628374590318842, 24.342681201573971 ], [ 120.628603813758374, 24.343086688482245 ] ], [ [ 120.628603813758374, 24.343086688482245 ], [ 120.628754701552097, 24.34343138364234 ] ], [ [ 120.628603813758374, 24.343086688482245 ], [ 120.628754700862842, 24.343431382574366 ], [ 120.628831278, 24.34360631900006 ] ], [ [ 120.628710472187507, 24.343619714420338 ], [ 120.628925955676763, 24.344070806463918 ] ], [ [ 120.628754701552097, 24.34343138364234 ], [ 120.628831278466635, 24.343606319541149 ], [ 120.628886413693522, 24.343760666013964 ], [ 120.628925956601279, 24.344070808399326 ] ], [ [ 120.628754701552097, 24.34343138364234 ], [ 120.628831278, 24.34360631900006 ] ], [ [ 120.628831278, 24.34360631900006 ], [ 120.628886413000032, 24.343760666000037 ], [ 120.628925955676763, 24.344070806463918 ] ], [ [ 120.628925955676763, 24.344070806463918 ], [ 120.628925956601279, 24.344070808399326 ] ], [ [ 120.628925956601279, 24.344070808399326 ], [ 120.629270998623468, 24.344793117615502 ], [ 120.629568791092851, 24.345616256330022 ], [ 120.629884092616891, 24.346360581416011 ], [ 120.631022596208993, 24.347717849795497 ], [ 120.631653156621582, 24.348540970611815 ], [ 120.632546403872752, 24.348978770831792 ], [ 120.633544698697634, 24.348838605700912 ], [ 120.634350313710925, 24.348313144467156 ], [ 120.635033315422604, 24.347560008736501 ], [ 120.635436064576169, 24.346386553755138 ], [ 120.635768795478242, 24.345808576167254 ], [ 120.63613657814814, 24.345598389228403 ], [ 120.636504370355539, 24.345537070695386 ], [ 120.637222436179471, 24.345344378851244 ], [ 120.637958022836216, 24.345256769645864 ], [ 120.638921283835145, 24.345029036757641 ], [ 120.640182260994166, 24.344433495331867 ], [ 120.642178792822762, 24.343251197706884 ], [ 120.643930135641384, 24.342200267749192 ], [ 120.644998453187938, 24.341534680977528 ], [ 120.647572961558765, 24.340527491599822 ], [ 120.648553725420129, 24.340124618488321 ], [ 120.650375147059236, 24.339423963379829 ], [ 120.652126516774501, 24.338793367760445 ], [ 120.653282431730858, 24.338548110604236 ], [ 120.654206897085771, 24.33856452399656 ], [ 120.655608019408263, 24.338474777350878 ], [ 120.657031573594509, 24.338600801107663 ], [ 120.65770412044634, 24.338684831809857 ], [ 120.65875496289739, 24.338628730739813 ], [ 120.65948355576576, 24.338726769571569 ], [ 120.660380295664979, 24.33900694422568 ], [ 120.661487232141226, 24.339714447447498 ], [ 120.664905992629244, 24.339840363922526 ], [ 120.665774649827014, 24.339181793489324 ], [ 120.666489174864822, 24.338397131057555 ], [ 120.666447073720363, 24.337346297587757 ], [ 120.666292920025157, 24.336883938152909 ], [ 120.666068710826664, 24.336435593627268 ], [ 120.665830508743127, 24.336274478287269 ], [ 120.665368121239894, 24.336036313711993 ], [ 120.664639517616038, 24.335770141161358 ], [ 120.66316828921525, 24.3350836742366 ], [ 120.662103404092548, 24.33464938604217 ], [ 120.661514931661287, 24.334670434390581 ], [ 120.660576180358333, 24.334740540569676 ], [ 120.660281932702304, 24.334572422668192 ], [ 120.659483261005207, 24.334124109016496 ], [ 120.658726627634735, 24.333745848820104 ], [ 120.657955991954296, 24.333507700808127 ], [ 120.657297446517177, 24.333269546770296 ], [ 120.656651915494862, 24.332923738139872 ], [ 120.656447862194142, 24.332536098793067 ], [ 120.656447802104765, 24.331597576982016 ], [ 120.656121336942491, 24.331291554806896 ], [ 120.654897137321242, 24.33084276234456 ], [ 120.653958582796093, 24.330475565120668 ], [ 120.653101627906935, 24.329924739675704 ], [ 120.652754737692305, 24.329271873575454 ], [ 120.651428440892815, 24.327527518427459 ], [ 120.650591852288244, 24.32640541772998 ] ], [ [ 120.650591852288244, 24.32640541772998 ], [ 120.64738832763085, 24.322070027102296 ] ], [ [ 120.650591852288244, 24.32640541772998 ], [ 120.647813861861948, 24.322645931436131 ], [ 120.64738832763085, 24.322070027102296 ] ], [ [ 120.64738832763085, 24.322070027102296 ], [ 120.646919024256135, 24.321478375515586 ], [ 120.646470140701751, 24.321151957259097 ], [ 120.64569481940363, 24.320947972429732 ], [ 120.64426660564402, 24.320723620027131 ], [ 120.642471140603362, 24.320499287352771 ], [ 120.641553001967935, 24.320336115489788 ], [ 120.641042904641523, 24.319928089923067 ], [ 120.6405736006121, 24.319326237003175 ], [ 120.640247100209308, 24.318469343304727 ], [ 120.640247067578301, 24.317959277093706 ], [ 120.640451037332639, 24.317041146955084 ], [ 120.640675432125292, 24.316469860744707 ], [ 120.641369106795949, 24.316122978461234 ], [ 120.641817965552491, 24.316061746406138 ], [ 120.643123738732001, 24.315918857729724 ], [ 120.644898772203874, 24.315694333255138 ], [ 120.646992277515338, 24.315337598837562 ], [ 120.648608161183788, 24.314994747555378 ], [ 120.649897620676029, 24.314986517235788 ], [ 120.650876952172737, 24.314904854041099 ], [ 120.651888929268196, 24.314839511211463 ], [ 120.652623419274065, 24.314643606339917 ], [ 120.654500393082216, 24.313264286530266 ], [ 120.656034603738888, 24.311958434673482 ], [ 120.656915970234635, 24.311387113202812 ], [ 120.657683099570335, 24.311109595995276 ], [ 120.658352305673432, 24.310995305228282 ], [ 120.659772343359336, 24.310987067904605 ], [ 120.660604777460094, 24.310954378961696 ], [ 120.661290295398118, 24.310676866139609 ], [ 120.662204306440316, 24.310105542924351 ], [ 120.663640613679362, 24.309273037776382 ], [ 120.665027988002578, 24.308971004090175 ], [ 120.667737438129961, 24.30822004116958 ], [ 120.66812916862429, 24.308154731662182 ], [ 120.670414292216876, 24.308228058475915 ], [ 120.674837646693064, 24.308497135868329 ], [ 120.678934560791674, 24.308847841370728 ], [ 120.683521170307102, 24.309622895611732 ], [ 120.6879119322832, 24.310708080578284 ], [ 120.690082829579026, 24.311246593839272 ], [ 120.69089896326328, 24.311556670225798 ], [ 120.691470264880323, 24.311899403995945 ], [ 120.692678161919162, 24.312658317553034 ], [ 120.693086227193675, 24.312788872569158 ], [ 120.694326734851316, 24.313017315571017 ], [ 120.695697819675516, 24.313229429440472 ], [ 120.696399670267482, 24.313115136921493 ], [ 120.698064523698378, 24.312821249389074 ], [ 120.699159544450609, 24.312736236116525 ], [ 120.699842930623589, 24.312901579585741 ], [ 120.700985506169417, 24.313821095830253 ], [ 120.702323158915391, 24.3149495965048 ], [ 120.7030198332765, 24.315228218962627 ], [ 120.704106629946082, 24.315423222496047 ], [ 120.707506351243623, 24.316008225604588 ], [ 120.708955403945396, 24.316119611707197 ], [ 120.710014318293148, 24.316063822840825 ], [ 120.711407641138848, 24.316217010918177 ], [ 120.712605931356833, 24.316857864261266 ], [ 120.717482689208225, 24.319393407124299 ], [ 120.718262967679578, 24.319755623037281 ], [ 120.718987499362996, 24.319894914043456 ], [ 120.720910293606835, 24.320243135567122 ], [ 120.721460702925754, 24.320164189513921 ], [ 120.722145528610653, 24.319921607159507 ], [ 120.723886112803555, 24.319079737882809 ], [ 120.725141619400162, 24.318523242386121 ], [ 120.726611128369129, 24.317802660461346 ], [ 120.72746715430344, 24.31740312767484 ], [ 120.727880875096048, 24.316818142645079 ], [ 120.728023532086937, 24.316532787272973 ], [ 120.728208940988225, 24.315455589717629 ], [ 120.728465678846305, 24.314242848171812 ], [ 120.729050547875872, 24.312687671754556 ], [ 120.730034839617943, 24.31006955368953 ], [ 120.731347234265797, 24.306666711838659 ], [ 120.731314251993993, 24.305281043159365 ], [ 120.73174265437855, 24.30665101192211 ], [ 120.731960772231005, 24.307320011340785 ], [ 120.731961259212142, 24.307321250325167 ], [ 120.731968546940763, 24.307357676572018 ] ], [ [ 120.658045211061307, 24.125503786030396 ], [ 120.654522799746246, 24.123360546373235 ] ], [ [ 120.658045211061307, 24.125503786030396 ], [ 120.655052483597999, 24.123682846525735 ], [ 120.654522799746246, 24.123360546373235 ] ], [ [ 120.699970552075399, 24.16876493880984 ], [ 120.699588083950658, 24.166289363291217 ], [ 120.699305829727933, 24.162798474721274 ], [ 120.698960896044497, 24.159219846866989 ], [ 120.698490616915834, 24.155678829702595 ], [ 120.69804540740563, 24.152137811206629 ], [ 120.697587663151509, 24.148596793386861 ], [ 120.697129915762929, 24.14500563692302 ], [ 120.696872897403324, 24.144134491575759 ], [ 120.696760060482433, 24.143758457713943 ], [ 120.696471717471013, 24.143081601311252 ], [ 120.696246062697526, 24.142630365493016 ], [ 120.695945195227708, 24.142116460374229 ], [ 120.695669407660247, 24.141765504532955 ], [ 120.695174248204737, 24.141207738461276 ], [ 120.694760577180617, 24.140844255313894 ], [ 120.694209018727662, 24.140405571546722 ], [ 120.690385812398389, 24.138889081337556 ], [ 120.685791697930924, 24.137078067653384 ], [ 120.684934609063845, 24.136735968464965 ], [ 120.674441150050683, 24.132384441818193 ], [ 120.670511391933985, 24.130773947192477 ], [ 120.665190230209092, 24.128499189585519 ], [ 120.659869071610999, 24.12627457058322 ], [ 120.658045211061307, 24.125503786030396 ] ], [ [ 120.685083065000072, 24.13645441400007 ], [ 120.68623940100008, 24.136911209000061 ], [ 120.68693552700006, 24.137123871000028 ], [ 120.688137193000102, 24.137210883000023 ], [ 120.688269751, 24.137220481000043 ], [ 120.689391247000117, 24.136911041000076 ], [ 120.690169009000101, 24.136558799000056 ], [ 120.690416052000046, 24.136446915000079 ], [ 120.69149884300009, 24.135634733000074 ], [ 120.692620323000028, 24.135064253000053 ], [ 120.693161725000095, 24.134754843000053 ], [ 120.694360592000066, 24.13483212400007 ], [ 120.695482115000118, 24.134948082000051 ], [ 120.696120212000096, 24.134832030000041 ], [ 120.698618406000037, 24.133582773000057 ], [ 120.698885242000074, 24.133449338000048 ], [ 120.699948007000103, 24.132935406000058 ], [ 120.702404373000036, 24.13174755700004 ], [ 120.703025160000038, 24.131433687000026 ], [ 120.703194897000117, 24.131395350000048 ], [ 120.70319792600003, 24.131394666000062 ], [ 120.703621823000049, 24.131298925000067 ], [ 120.703624582000089, 24.131298301000072 ], [ 120.70448710200003, 24.130721352000023 ], [ 120.705292641000028, 24.130268183000055 ], [ 120.709236854000096, 24.127566849000061 ], [ 120.7093370770001, 24.127423338000028 ], [ 120.713371027000107, 24.124630414000023 ], [ 120.714026573000069, 24.124210817000062 ], [ 120.714341232000038, 24.123974796000027 ], [ 120.714673709000067, 24.12352112800005 ], [ 120.714875064000012, 24.122933730000057 ], [ 120.714925386000118, 24.12251416600003 ], [ 120.714874996000049, 24.121859653000058 ], [ 120.714757463000069, 24.120986970000047 ], [ 120.714858131000028, 24.120550620000074 ], [ 120.715143407000028, 24.120097478000048 ], [ 120.71648593000009, 24.118712852000044 ], [ 120.72113443, 24.114089033000027 ], [ 120.724222237000049, 24.110950546000026 ], [ 120.724893490000113, 24.110128169000063 ], [ 120.725178745000107, 24.109330986000032 ], [ 120.725262612000051, 24.108609336000029 ], [ 120.725178670000105, 24.108156214000076 ], [ 120.724994031000051, 24.107686314000034 ], [ 120.72323166000001, 24.10460682400003 ], [ 120.720579704000102, 24.099882700000023 ], [ 120.718683060000103, 24.096643783000047 ], [ 120.718095623000067, 24.095938950000061 ], [ 120.717222886000059, 24.095309654000062 ], [ 120.711751483000057, 24.091156283000032 ], [ 120.709871729000042, 24.089612396000064 ], [ 120.708730310000078, 24.086448961000031 ], [ 120.70856243500009, 24.085676976000059 ], [ 120.709132795000073, 24.081724673000053 ], [ 120.709317284, 24.079828244000055 ], [ 120.709350793000112, 24.078938771000026 ], [ 120.709149375000038, 24.078519220000032 ], [ 120.708645847000071, 24.077738862000047 ], [ 120.707940915000108, 24.076782298000069 ], [ 120.706816388000107, 24.075355848000072 ], [ 120.7056079460001, 24.073887446000072 ], [ 120.701344930000118, 24.070338180000078 ], [ 120.700572889000114, 24.069717269000023 ], [ 120.699246979, 24.068408307000027 ], [ 120.698911297000109, 24.06795519800005 ], [ 120.698609187000102, 24.067602782000051 ], [ 120.698441336000087, 24.067216794000046 ], [ 120.698374180000087, 24.066814018000059 ], [ 120.698357374000011, 24.06644480500006 ], [ 120.69830945700005, 24.06634665200005 ], [ 120.69826774, 24.066245709000043 ], [ 120.698232383000118, 24.066142366000065 ], [ 120.698203524000064, 24.066037022000046 ], [ 120.698181277000117, 24.065930088000073 ], [ 120.698165724000091, 24.065821976000052 ], [ 120.69816116700008, 24.065765559000056 ], [ 120.698156930000096, 24.065713106000032 ], [ 120.698154926000029, 24.065603900000042 ], [ 120.697543805, 24.061035357000037 ], [ 120.697188334000089, 24.058193066000058 ], [ 120.697271761000025, 24.055486599000062 ], [ 120.697167191000062, 24.054337142000065 ], [ 120.696832746000041, 24.053501186000062 ], [ 120.695223336000026, 24.051191896000034 ], [ 120.694240934000049, 24.049248310000053 ], [ 120.692526988000054, 24.046332945000074 ], [ 120.692025368000031, 24.045831388000067 ], [ 120.691565539000067, 24.045225333000076 ], [ 120.691565499000035, 24.044577453000045 ], [ 120.691377377000094, 24.04414902700006 ], [ 120.690729395000062, 24.042623410000033 ], [ 120.690708424000036, 24.04149484800007 ], [ 120.691021795000097, 24.03956164300007 ], [ 120.69233809800005, 24.033720211000059 ], [ 120.693549902000086, 24.02785788500006 ], [ 120.694845309000016, 24.02207915200006 ], [ 120.695910846000061, 24.016676619000066 ], [ 120.696412298000041, 24.014503063000063 ], [ 120.696370430000115, 24.013416300000074 ], [ 120.695952292000015, 24.011065148000057 ], [ 120.694990586000017, 24.005871716000058 ], [ 120.694509694000089, 24.002653246000023 ], [ 120.694258801000046, 24.001085809000074 ], [ 120.693945267000117, 24.000417047000042 ], [ 120.693610852, 24.000072226000043 ], [ 120.693004755000061, 23.999905063000028 ], [ 120.691980672000113, 23.999821521000058 ], [ 120.691040180000073, 23.99961257700005 ], [ 120.690183262000119, 23.999027442000056 ], [ 120.689848826000116, 23.998337782000078 ], [ 120.68945163, 23.99667630600004 ], [ 120.689012650000109, 23.995234276000076 ], [ 120.687612265000098, 23.993405659000075 ], [ 120.685721184000045, 23.990864860000045 ], [ 120.685605740000028, 23.990709752000043 ], [ 120.684623370000054, 23.989246852000065 ], [ 120.684309800000051, 23.988024257000063 ], [ 120.683222715000056, 23.98310252400006 ], [ 120.68234118700002, 23.979017552000073 ], [ 120.682219245000056, 23.978452477000076 ], [ 120.681445729000075, 23.974753337000038 ], [ 120.681424769000046, 23.973781519000056 ], [ 120.681194513000037, 23.968023767000034 ], [ 120.680901567000092, 23.962412313000073 ], [ 120.680755070000032, 23.959214724000049 ], [ 120.680587820000028, 23.958357860000035 ], [ 120.679417345000047, 23.95675912400003 ], [ 120.67546703000005, 23.951942038000027 ], [ 120.673376913000084, 23.949340182000071 ], [ 120.672472145000029, 23.948251252000034 ], [ 120.672248253000021, 23.947981786000071 ], [ 120.671391303000064, 23.946895067000071 ], [ 120.671161371000039, 23.946299448000048 ], [ 120.671370280000019, 23.944920081000078 ], [ 120.671391100000051, 23.943645222000043 ], [ 120.67107748, 23.941607554000029 ], [ 120.671098253000082, 23.939601217000074 ], [ 120.671808747000114, 23.938159126000073 ], [ 120.673814959000083, 23.935870543000078 ], [ 120.675779379000119, 23.933676010000056 ], [ 120.677430336000043, 23.931983077000041 ], [ 120.678454309000017, 23.930321527000046 ], [ 120.681860562000111, 23.924396387000058 ], [ 120.682905414000061, 23.922389997000039 ], [ 120.684368163000045, 23.918889282000066 ], [ 120.68608168500009, 23.915054166000061 ], [ 120.686604124000041, 23.914259964000053 ], [ 120.687398293000115, 23.914050929000041 ], [ 120.688296947000026, 23.913653793000037 ], [ 120.688944801000048, 23.913131276000058 ], [ 120.689488121000068, 23.912044483000045 ], [ 120.690052304, 23.910382956000035 ], [ 120.69016260300009, 23.909984091000069 ] ], [ [ 120.689331923000054, 23.904721884000026 ], [ 120.689332692000107, 23.90471498200003 ], [ 120.689343284000074, 23.90462 ], [ 120.689440991000083, 23.904248626000026 ], [ 120.689734133000115, 23.903525420000051 ], [ 120.690087438000091, 23.902936445000023 ], [ 120.690418165000096, 23.902333098000042 ], [ 120.690730864000102, 23.90176625600003 ], [ 120.691004463000013, 23.901062597000077 ], [ 120.691199858000118, 23.900046211000074 ], [ 120.691864464000105, 23.896452971000031 ], [ 120.691901066000014, 23.896255079000071 ] ], [ [ 120.691901066000014, 23.896255079000071 ], [ 120.692020507000052, 23.895609296000032 ], [ 120.692860728000028, 23.891563294000036 ], [ 120.692938877000074, 23.891016011000033 ], [ 120.692762938000101, 23.890595788000041 ], [ 120.691961471000013, 23.889227632000029 ], [ 120.691707313000052, 23.888230816000032 ], [ 120.692801700000018, 23.885328223000045 ], [ 120.693251181000051, 23.884135912000033 ], [ 120.693231593000064, 23.883451814000068 ], [ 120.691726415000062, 23.881145503000027 ], [ 120.691472282000063, 23.880559145000063 ], [ 120.69145269, 23.879826183000034 ], [ 120.691385514000103, 23.879423287000066 ], [ 120.691335371000037, 23.87912254500003 ], [ 120.691178852, 23.876679342000045 ], [ 120.691237404000049, 23.875311140000065 ], [ 120.691608722000069, 23.874441338000054 ], [ 120.692019138000092, 23.873698580000053 ], [ 120.692409990000101, 23.872643093000079 ], [ 120.692488129000026, 23.871919898000044 ], [ 120.692624770000066, 23.869036902000062 ], [ 120.693034996000051, 23.865225471000031 ], [ 120.692839448000086, 23.863808419000065 ], [ 120.692722085000014, 23.862401136000074 ], [ 120.692839255000081, 23.860720201000049 ], [ 120.693816403000028, 23.858364894000033 ], [ 120.694519968, 23.856977112000038 ], [ 120.695888106000098, 23.855784753000023 ], [ 120.695809838000059, 23.854445878000035 ], [ 120.69590748600001, 23.853136312000061 ], [ 120.696122394000099, 23.851572646000022 ], [ 120.696650018000014, 23.849735323000061 ], [ 120.69707990500001, 23.847770959000059 ], [ 120.697529368000119, 23.846285463000072 ], [ 120.698311151000098, 23.845444957000041 ], [ 120.699952833000111, 23.842679156000031 ], [ 120.701985392000097, 23.839258554000025 ], [ 120.70184853, 23.838613553000073 ], [ 120.701418440000111, 23.837313788000074 ], [ 120.700865848000035, 23.835223449000068 ], [ 120.700865438000051, 23.835147688000063 ], [ 120.700871652000046, 23.835072181000044 ], [ 120.700884441000085, 23.834997506000036 ], [ 120.700903709000045, 23.834924234000027 ], [ 120.700929308000013, 23.834852927000043 ], [ 120.700961040000038, 23.83478413000006 ], [ 120.700998665000043, 23.834718370000076 ], [ 120.701041893000024, 23.834656151000047 ], [ 120.701090394000062, 23.834597948000066 ], [ 120.7011437970001, 23.834544208000068 ], [ 120.70120169300003, 23.834495340000046 ], [ 120.701263639000103, 23.834451720000061 ], [ 120.701329159000011, 23.834413681000058 ], [ 120.701397755000016, 23.834381515000075 ], [ 120.70146889900002, 23.834355467000023 ], [ 120.701542048000078, 23.83433573800005 ], [ 120.701616641000101, 23.834322478000047 ], [ 120.701692108000088, 23.834315788000026 ], [ 120.701767870000026, 23.834315720000063 ], [ 120.701843348000011, 23.834322275000034 ], [ 120.703110107000043, 23.834332965000044 ], [ 120.703216861000101, 23.834327028000075 ], [ 120.703323780000119, 23.834326787000066 ], [ 120.703430559000026, 23.834332244000052 ], [ 120.70353689500007, 23.834343382000043 ], [ 120.703642487000025, 23.834360170000025 ], [ 120.703747035000106, 23.834382560000051 ], [ 120.703850241000055, 23.834410490000039 ], [ 120.703951812000014, 23.834443879000048 ], [ 120.704051461000063, 23.834482631000071 ] ], [ [ 120.691901066000014, 23.896255079000071 ], [ 120.691920180000011, 23.896205282000039 ], [ 120.691948712000112, 23.896148169000071 ], [ 120.691982633000066, 23.896094084000026 ], [ 120.692021622000084, 23.896043530000043 ], [ 120.692065317000015, 23.895996981000053 ], [ 120.692116431000045, 23.895924861000026 ], [ 120.692172742000025, 23.89585672100003 ], [ 120.69223394200003, 23.895792936000078 ], [ 120.692299695000088, 23.89573385500006 ], [ 120.692369639000049, 23.895679802000075 ], [ 120.692443392000087, 23.89563107400005 ], [ 120.692520549000051, 23.895587937000073 ], [ 120.692600688000084, 23.895550630000059 ], [ 120.692683367000086, 23.895519355000033 ], [ 120.692768134000062, 23.895494285000041 ], [ 120.69285452400004, 23.895475557000054 ], [ 120.692942063000032, 23.895463274000065 ], [ 120.693030271000111, 23.895457504000035 ], [ 120.693118665000043, 23.895458277000046 ], [ 120.693206759000077, 23.895465590000072 ], [ 120.693294070000093, 23.895479402000035 ], [ 120.69338011800005, 23.895499638000047 ], [ 120.69346443400002, 23.89552618700003 ], [ 120.693660378000118, 23.895560738000029 ], [ 120.693855377000091, 23.895600285000057 ], [ 120.694049300000074, 23.895644802000049 ], [ 120.694248498000093, 23.895696107000049 ], [ 120.694448911000109, 23.895742447000032 ], [ 120.69465041300009, 23.895783793000078 ], [ 120.694852879000109, 23.895820119000064 ], [ 120.695056187000091, 23.895851403000052 ], [ 120.695260209000025, 23.895877625000026 ], [ 120.695324230000097, 23.895890571000052 ], [ 120.695389141000078, 23.895897843000057 ], [ 120.695454440000049, 23.895899386000053 ], [ 120.695519622, 23.895895188000054 ], [ 120.695584183000051, 23.895885281000062 ], [ 120.695647626000095, 23.895869742000059 ], [ 120.69570945800001, 23.895848690000037 ], [ 120.695826596000074, 23.895822081000063 ], [ 120.695942842000022, 23.895791813000073 ], [ 120.696058082000036, 23.895757914000058 ], [ 120.696665934000066, 23.895572151000067 ], [ 120.697275329000036, 23.89539151300005 ], [ 120.697886224000058, 23.895216015000074 ], [ 120.698498575000031, 23.895045667000034 ], [ 120.699112339000067, 23.894880484000055 ], [ 120.699727473000053, 23.894720475000042 ], [ 120.70005616900005, 23.894644055000072 ], [ 120.700383566000028, 23.894562247000067 ], [ 120.700709575000019, 23.89447507400007 ], [ 120.701034109000034, 23.894382558000075 ], [ 120.701357080000093, 23.894284725000034 ], [ 120.701678400000105, 23.89418160200006 ], [ 120.701997984000059, 23.894073215000049 ], [ 120.702315744000089, 23.893959596000059 ], [ 120.702461465000056, 23.893868812000051 ], [ 120.702610663000087, 23.893783864000056 ], [ 120.702763102000063, 23.893704881000076 ], [ 120.702918547000081, 23.893631989000028 ], [ 120.703076752000015, 23.893565300000034 ], [ 120.70323747000009, 23.893504920000055 ], [ 120.703400451000107, 23.893450944000051 ], [ 120.703565439000045, 23.893403454000065 ], [ 120.703732175000027, 23.893362526000033 ], [ 120.703900400000066, 23.893328223000026 ], [ 120.705305548000069, 23.893328797000038 ], [ 120.706710681000118, 23.893335560000025 ], [ 120.708115769000074, 23.893348512000046 ], [ 120.709520787000088, 23.893367652000052 ], [ 120.710925707000115, 23.893392980000044 ], [ 120.711081647000015, 23.893416070000058 ], [ 120.711238338000044, 23.893433335000054 ], [ 120.71139556300011, 23.893444751000061 ], [ 120.711553105, 23.893450303000066 ], [ 120.711710744000015, 23.893449983000039 ], [ 120.711868262000053, 23.893443791000038 ], [ 120.712025439000058, 23.893431736000025 ], [ 120.712182059000042, 23.893413835000047 ], [ 120.712337903000048, 23.893390113000066 ], [ 120.712492755000085, 23.89336060200003 ], [ 120.713391721000107, 23.893139460000043 ], [ 120.714291982000077, 23.892923653000025 ], [ 120.715193507000095, 23.892713187000027 ], [ 120.716096263000054, 23.892508070000076 ], [ 120.717000221000035, 23.892308309000043 ], [ 120.717413105000105, 23.892198153000038 ], [ 120.717824141000051, 23.892081290000078 ], [ 120.718233220000116, 23.891957751000064 ], [ 120.718640233000087, 23.891827569000043 ], [ 120.719045074000064, 23.891690778000054 ], [ 120.719447633000073, 23.891547415000048 ], [ 120.720627322000041, 23.891077925000047 ], [ 120.72071913000002, 23.891043424000031 ], [ 120.720813030000045, 23.891015110000069 ], [ 120.72090860600008, 23.890993107000043 ], [ 120.721005435000052, 23.890977514000042 ], [ 120.721103087000074, 23.89096839900003 ], [ 120.721201129000065, 23.890965803000029 ], [ 120.721299126000076, 23.890969737000034 ], [ 120.721396644000038, 23.890980184000057 ], [ 120.721493251000084, 23.890997098000071 ], [ 120.7215885170001, 23.891020404000074 ], [ 120.721682023000085, 23.891049998000028 ], [ 120.721773351000024, 23.891085748000023 ], [ 120.721862097000098, 23.89112749800006 ], [ 120.721947869000019, 23.891175061000069 ], [ 120.723145164000016, 23.891887389000033 ], [ 120.723234531000116, 23.891925189000062 ], [ 120.723321127000077, 23.891968966000036 ], [ 120.723404552000034, 23.892018518000043 ], [ 120.723484423000059, 23.89207361800004 ], [ 120.723560371000076, 23.892134011000053 ], [ 120.723632045000045, 23.892199417000029 ], [ 120.723699115000045, 23.892269537000061 ], [ 120.723761273000036, 23.892344047000051 ], [ 120.723818232000099, 23.892422603000057 ], [ 120.723869728000068, 23.89250484300004 ], [ 120.723915524000063, 23.892590388000031 ], [ 120.72395541000003, 23.892678844000045 ], [ 120.723989202000098, 23.892769802000032 ], [ 120.724016743000107, 23.892862844000035 ], [ 120.724037907000024, 23.892957540000054 ], [ 120.724052596000092, 23.893053454000039 ], [ 120.724060743000109, 23.89315014400006 ], [ 120.72423681500004, 23.893991973000027 ], [ 120.724227828000039, 23.894075321000059 ], [ 120.724225463000039, 23.894159118000061 ], [ 120.724229737000087, 23.894242839000071 ], [ 120.724240622000025, 23.89432596000006 ], [ 120.724258049000014, 23.894407959000034 ], [ 120.724281909000069, 23.89448832100004 ], [ 120.724312054000052, 23.894566545000032 ], [ 120.724348294000038, 23.894642137000062 ], [ 120.724390400000061, 23.894714625000063 ], [ 120.72443811100004, 23.89478355500006 ], [ 120.724491126000089, 23.894848492000051 ], [ 120.72454911300008, 23.894909032000044 ], [ 120.724611708000111, 23.894964793000042 ], [ 120.724749264000025, 23.895049354000037 ], [ 120.72489026300002, 23.895128042000067 ], [ 120.725034452000045, 23.895200716000033 ], [ 120.725181576000068, 23.895267249000028 ], [ 120.725331374, 23.895327520000023 ], [ 120.725483580000059, 23.89538142400005 ], [ 120.725637922000033, 23.895428864000053 ], [ 120.725794128000075, 23.895469757000058 ], [ 120.725951917000089, 23.895504028000062 ], [ 120.726111011000057, 23.895531619000053 ], [ 120.726271127000018, 23.89555247800007 ], [ 120.72643197900004, 23.895566570000028 ], [ 120.726593283000057, 23.895573870000078 ], [ 120.726754751000044, 23.895574364000026 ], [ 120.726916096000082, 23.895568051000055 ], [ 120.727077032000011, 23.895554944000025 ], [ 120.727200584000116, 23.895579694000048 ], [ 120.727325343000075, 23.895597373000044 ], [ 120.727450906000058, 23.895607924000046 ], [ 120.727576867000039, 23.895611315000053 ], [ 120.727702815000043, 23.895607532000042 ], [ 120.727828345000034, 23.895596588000046 ], [ 120.727953049, 23.895578519000026 ], [ 120.728076522000038, 23.895553384000038 ], [ 120.728198365000026, 23.895521264000024 ], [ 120.728318182000066, 23.89548226200003 ], [ 120.728435588000025, 23.895436506000067 ], [ 120.728550198000107, 23.895384143000058 ], [ 120.728661643, 23.895325344000071 ], [ 120.728769563000014, 23.895260299000029 ], [ 120.728873605000103, 23.895189218000041 ], [ 120.728973435000057, 23.895112331000064 ], [ 120.729192249000107, 23.89498248700005 ], [ 120.729413889000057, 23.894857530000024 ], [ 120.729638248000015, 23.894737521000025 ], [ 120.729865213000039, 23.894622520000041 ], [ 120.730094675000032, 23.89451258400004 ], [ 120.730326520000062, 23.894407766000029 ], [ 120.730560633000096, 23.894308118000026 ], [ 120.730796900000087, 23.894213689000026 ], [ 120.731075764000025, 23.894079076000025 ], [ 120.731352081000068, 23.893939309000075 ], [ 120.731625754000106, 23.893794435000075 ], [ 120.731896691000088, 23.893644505000054 ], [ 120.73216479700011, 23.893489571000032 ], [ 120.732429981000109, 23.893329685000026 ], [ 120.732692150000048, 23.89316490300007 ], [ 120.732951214000082, 23.892995282000072 ], [ 120.733065508000095, 23.89292434400005 ], [ 120.733175985000116, 23.89284759700007 ], [ 120.733282348000103, 23.892765242000053 ], [ 120.73338431500008, 23.892677503000073 ], [ 120.733481612000105, 23.892584613000054 ], [ 120.733573978000095, 23.892486819000055 ], [ 120.733661170000119, 23.892384384000025 ], [ 120.733742951000067, 23.892277579000051 ], [ 120.733819105000066, 23.892166692000046 ], [ 120.733889428000111, 23.892052019000062 ], [ 120.733953732000032, 23.891933865000055 ], [ 120.734011845000055, 23.891812547000029 ], [ 120.734063612000114, 23.891688387000045 ], [ 120.734108895000077, 23.891561720000027 ], [ 120.734197725000058, 23.891316821000032 ], [ 120.734293212000011, 23.891074442000047 ], [ 120.734395286000108, 23.890834762000054 ], [ 120.734503869000037, 23.890597959000047 ], [ 120.734618881000074, 23.890364211000076 ], [ 120.734664545000101, 23.890266524000026 ], [ 120.734716457000104, 23.890172009000025 ], [ 120.734774398000013, 23.890081065000061 ], [ 120.734838122000042, 23.889994075000061 ], [ 120.734907360000079, 23.889911408000046 ], [ 120.734981821000019, 23.889833411000041 ], [ 120.735061191000113, 23.889760416000058 ], [ 120.735145134000049, 23.889692728000057 ], [ 120.735233295000057, 23.88963063500006 ], [ 120.735325303000081, 23.889574399000026 ], [ 120.73542076800004, 23.889524256000072 ], [ 120.735519289000081, 23.889480420000041 ], [ 120.735620448000077, 23.889443074000042 ], [ 120.7357238190001, 23.889412376000053 ], [ 120.735828966000099, 23.889388456000063 ], [ 120.735935443000017, 23.889371416000074 ], [ 120.736042804000022, 23.889361327000074 ], [ 120.736150592000058, 23.889358230000028 ], [ 120.736448194000104, 23.889303867000024 ], [ 120.73674453600006, 23.88924301000003 ], [ 120.737039476000064, 23.889175688000023 ], [ 120.737332875000106, 23.889101932000074 ], [ 120.737624590000109, 23.889021780000064 ], [ 120.737914483000054, 23.888935267000022 ], [ 120.738202416000036, 23.888842437000051 ], [ 120.738488249000056, 23.888743334000026 ], [ 120.738771848000056, 23.888638004000029 ], [ 120.739053075000015, 23.888526499000022 ], [ 120.739331797000091, 23.888408870000035 ], [ 120.739607880000108, 23.888285177000057 ], [ 120.739858526000035, 23.888198679000027 ], [ 120.740107116000104, 23.888106435000054 ], [ 120.740353517000017, 23.888008496000054 ], [ 120.740597599000012, 23.887904913000057 ], [ 120.740839232000098, 23.887795740000058 ], [ 120.741078289000029, 23.887681035000071 ], [ 120.74131464300001, 23.887560859000075 ], [ 120.741431139000042, 23.887513644000023 ], [ 120.741549927000051, 23.887472532000061 ], [ 120.74167068700001, 23.887437637000062 ], [ 120.741793094000059, 23.887409051000077 ], [ 120.741916819000039, 23.887386852000077 ], [ 120.742041529000062, 23.887371098000074 ], [ 120.742166888000042, 23.887361834000046 ], [ 120.742292557000042, 23.887359083000035 ], [ 120.742418202000067, 23.887362852000024 ], [ 120.742543481000098, 23.88737313300004 ], [ 120.742668059000039, 23.887389896000059 ], [ 120.742791600000032, 23.887413098000025 ], [ 120.742913771000076, 23.887442674000056 ], [ 120.743034245000104, 23.887478547000057 ], [ 120.743152695000049, 23.887520619000043 ], [ 120.743249364, 23.887612477000062 ], [ 120.743341312000098, 23.887709058000041 ], [ 120.743428311000116, 23.88781012000004 ], [ 120.743510142000105, 23.887915411000051 ], [ 120.743586600000071, 23.888024665000046 ], [ 120.743657493000114, 23.888137611000047 ], [ 120.743722644000059, 23.888253963000068 ], [ 120.743781889000047, 23.888373431000048 ], [ 120.743835079000064, 23.888495714000044 ], [ 120.743882081000038, 23.888620507000041 ], [ 120.743857273000117, 23.888807393000036 ], [ 120.743827339000063, 23.888993528000071 ], [ 120.743792302000088, 23.889178769000068 ], [ 120.74375218900002, 23.889362977000076 ], [ 120.743707028000017, 23.889546014000075 ], [ 120.743675433000021, 23.889625638000041 ], [ 120.743650292000098, 23.889707529000077 ], [ 120.743631766000021, 23.889791166000066 ], [ 120.743619972000033, 23.889876013000048 ], [ 120.743614986000011, 23.88996153100004 ], [ 120.743616841000062, 23.890047175000063 ], [ 120.743625523000105, 23.890132397000059 ], [ 120.74364097800003, 23.890216655000074 ], [ 120.743663107000089, 23.890299410000068 ], [ 120.743691770000055, 23.890380136000033 ], [ 120.743726782000067, 23.890458318000071 ], [ 120.743767922000075, 23.89053345700006 ], [ 120.743814925000038, 23.890605073000074 ], [ 120.743867494000028, 23.890672710000047 ], [ 120.743981102000021, 23.890813309000066 ], [ 120.744099497000093, 23.890949901000056 ], [ 120.74422253900002, 23.891082323000035 ], [ 120.744350080000117, 23.891210418000071 ], [ 120.744481968000059, 23.891334032000032 ], [ 120.744618047000017, 23.89145301800005 ], [ 120.744758152000031, 23.891567234000036 ], [ 120.744902118000027, 23.891676544000063 ], [ 120.745049774000108, 23.89178081700004 ], [ 120.745200940000018, 23.891879930000073 ], [ 120.745355441000015, 23.891973763000067 ], [ 120.745829900000103, 23.892052292000074 ], [ 120.746303504000025, 23.89213582900004 ], [ 120.74677619800002, 23.892224364000072 ], [ 120.747247931000061, 23.892317886000058 ], [ 120.747718650000024, 23.892416386000036 ], [ 120.748157058000061, 23.892484914000079 ], [ 120.748596515000031, 23.892546345000028 ], [ 120.749036909000097, 23.892600662000063 ], [ 120.749478124, 23.892647853000028 ], [ 120.749920043000088, 23.892687903000024 ], [ 120.750362553000059, 23.892720802000042 ], [ 120.75080553600003, 23.892746544000033 ], [ 120.751248878000069, 23.892765119000046 ], [ 120.751389044, 23.892773532000035 ], [ 120.751529452000113, 23.892775288000053 ], [ 120.751669785000104, 23.892770382000037 ], [ 120.751809727000023, 23.892758826000033 ], [ 120.751948964, 23.89274064500006 ], [ 120.752087182000082, 23.892715881000072 ], [ 120.752224070000011, 23.892684589000055 ], [ 120.752359319000107, 23.892646840000054 ], [ 120.752492626000048, 23.892602719000024 ], [ 120.752623690000064, 23.892552324000064 ], [ 120.75275221600009, 23.892495771000029 ], [ 120.752877917000092, 23.892433184000026 ], [ 120.753000506000035, 23.89236470700007 ], [ 120.753119710000078, 23.892290492000029 ], [ 120.753235259, 23.892210706000071 ], [ 120.75334689500005, 23.892125531000033 ], [ 120.753454365000039, 23.892035156000077 ], [ 120.753557427000032, 23.891939785000034 ], [ 120.753655851000076, 23.891839634000064 ], [ 120.756310232000033, 23.889570158000026 ], [ 120.756438299000024, 23.889480675000073 ], [ 120.756570299000032, 23.889397099000064 ], [ 120.756705956000019, 23.889319602000057 ], [ 120.756844993000072, 23.889248346000045 ], [ 120.756987122000055, 23.889183475000038 ], [ 120.757132049, 23.889125126000067 ], [ 120.757279476, 23.889073417000077 ], [ 120.757429100000081, 23.889028455000073 ], [ 120.757580610000105, 23.888990334000027 ], [ 120.75773369500007, 23.888959131000036 ], [ 120.757888039000022, 23.888934911000035 ], [ 120.758037235000074, 23.888902825000059 ], [ 120.758184856000071, 23.888864134000073 ], [ 120.758330611000019, 23.888818916000048 ], [ 120.758474210000031, 23.888767261000055 ], [ 120.75861536900004, 23.88870926900006 ], [ 120.75875381000003, 23.888645057000076 ], [ 120.758889257000078, 23.888574750000032 ], [ 120.75902144500003, 23.888498490000075 ], [ 120.759150108000085, 23.888416426000049 ], [ 120.759274995000055, 23.888328719000071 ], [ 120.759395858000062, 23.888235546000033 ], [ 120.759512456000039, 23.888137089000054 ], [ 120.75962456100001, 23.888033544000052 ], [ 120.759675488000084, 23.887884115000077 ], [ 120.759720458000061, 23.887732788000051 ], [ 120.7597594, 23.887579799000036 ], [ 120.759792253000114, 23.887425387000064 ], [ 120.759818966000012, 23.887269796000055 ], [ 120.759839496000041, 23.887113268000064 ], [ 120.759853813000063, 23.886956051000027 ], [ 120.759861891000014, 23.886798390000024 ], [ 120.759863720000112, 23.886640532000058 ], [ 120.759859297000048, 23.886482726000054 ], [ 120.759848629000089, 23.886325219000071 ], [ 120.759849532000089, 23.886201262000043 ], [ 120.75985701500008, 23.886077526000065 ], [ 120.759871057000055, 23.885954362000064 ], [ 120.759891617000108, 23.885832118000053 ], [ 120.759918637000055, 23.885711137000044 ], [ 120.75995204100002, 23.885591762000047 ], [ 120.759991736000075, 23.885474328000043 ], [ 120.760037609000051, 23.885359167000047 ], [ 120.760089530000073, 23.885246603000041 ], [ 120.760147354000082, 23.885136954000075 ], [ 120.760210917000109, 23.885030530000051 ], [ 120.760280041000101, 23.884927631000039 ], [ 120.760354529000097, 23.884828545000062 ], [ 120.760434172000032, 23.884733554000036 ], [ 120.760518747000106, 23.884642925000037 ], [ 120.760608012000034, 23.88455691300004 ], [ 120.760701718000064, 23.884475761000033 ], [ 120.760844663000057, 23.884350346000076 ], [ 120.760991540000077, 23.884229560000051 ], [ 120.761142199, 23.884113526000078 ], [ 120.761296487000095, 23.884002363000036 ], [ 120.761454246000085, 23.883896183000047 ], [ 120.761615316000075, 23.883795095000039 ], [ 120.761779530000013, 23.883699203000049 ], [ 120.76194672500003, 23.883608603000027 ], [ 120.762116726000045, 23.883523389000061 ], [ 120.762213143000054, 23.883399537000059 ], [ 120.762304405, 23.883271840000077 ], [ 120.76239036000004, 23.883140511000079 ], [ 120.762470866000058, 23.883005772000047 ], [ 120.762545783000064, 23.882867850000025 ], [ 120.762614990000088, 23.882726974000036 ], [ 120.762678367000035, 23.882583382000064 ], [ 120.762735811000084, 23.882437314000072 ], [ 120.762787223000032, 23.882289017000062 ], [ 120.762832518000096, 23.882138738000037 ], [ 120.762871620000055, 23.881986729000062 ], [ 120.762904463000041, 23.881833248000078 ], [ 120.762956286000076, 23.881724689000066 ], [ 120.763014257, 23.881619285000056 ], [ 120.763078183000061, 23.881517384000063 ], [ 120.763147856000046, 23.881419320000077 ], [ 120.763223044000028, 23.881325420000053 ], [ 120.763303499000017, 23.88123599100004 ], [ 120.763388956000085, 23.881151330000023 ], [ 120.763479134000022, 23.881071714000029 ], [ 120.763573733000044, 23.880997408000042 ], [ 120.763672443000019, 23.880928656000037 ], [ 120.763774938000097, 23.880865684000071 ], [ 120.763880879000112, 23.880808702000024 ], [ 120.763989918000107, 23.880757896000034 ], [ 120.764101693000043, 23.880713435000075 ], [ 120.764215837000052, 23.880675465000024 ], [ 120.764331973000026, 23.880644111000038 ], [ 120.764449717000048, 23.880619478000028 ], [ 120.764568682000117, 23.880601644000023 ], [ 120.764688474000081, 23.880590672000039 ], [ 120.764808698000024, 23.880586595000068 ], [ 120.764928958000041, 23.880589428000064 ], [ 120.765048857000011, 23.880599161000077 ], [ 120.765184175000059, 23.880587709000054 ], [ 120.765318738000019, 23.880569405000074 ], [ 120.765452198000048, 23.880544296000039 ], [ 120.765584213000011, 23.880512448000047 ], [ 120.765714440000011, 23.880473942000037 ], [ 120.765842547000034, 23.880428879000078 ], [ 120.765968202000067, 23.880377372000055 ], [ 120.766091082000116, 23.880319555000028 ], [ 120.76621086900002, 23.88025557800006 ], [ 120.766327256000068, 23.880185605000065 ], [ 120.766439941000044, 23.880109816000072 ], [ 120.766792138000028, 23.880014728000049 ], [ 120.767145754000012, 23.879925066000055 ] ], [ [ 120.700142606284274, 24.169973006688863 ], [ 120.699970552075399, 24.16876493880984 ] ], [ [ 120.700142603216648, 24.169973006791288 ], [ 120.699970552075399, 24.16876493880984 ] ], [ [ 120.70047843731885, 24.172331023318115 ], [ 120.700142603216648, 24.169973006791288 ] ], [ [ 120.700142603216648, 24.169973006791288 ], [ 120.700142606284274, 24.169973006688863 ] ], [ [ 120.70047843731885, 24.172331023318115 ], [ 120.700142606284274, 24.169973006688863 ] ], [ [ 120.700142606284274, 24.169973006688863 ], [ 120.700647175819725, 24.169956159793262 ] ], [ [ 120.705306536642254, 24.207051782407557 ], [ 120.705093284231239, 24.204519791806202 ], [ 120.704861262737026, 24.202507990743527 ], [ 120.704673146085582, 24.201016375864469 ], [ 120.704215439476755, 24.198077021788961 ], [ 120.703832944809065, 24.195187802348642 ], [ 120.703437922552126, 24.192411395552128 ], [ 120.702967657350683, 24.189096002262531 ], [ 120.702422185851773, 24.18581821698816 ], [ 120.702002090925646, 24.182991672891543 ], [ 120.701519272737073, 24.179387983035312 ], [ 120.700998854210525, 24.175846968510672 ], [ 120.70047843731885, 24.172331023318115 ] ], [ [ 120.705425684488731, 24.208110955093328 ], [ 120.705306536642254, 24.207051782407557 ] ], [ [ 120.705576266181311, 24.209716046773543 ], [ 120.705306536642254, 24.207051782407557 ] ], [ [ 120.705576348061896, 24.20971691956122 ], [ 120.705576299193694, 24.209716436873222 ], [ 120.705306536642254, 24.207051782407557 ] ], [ [ 120.705902403152763, 24.212937477820837 ], [ 120.705425684488731, 24.208110955093328 ] ], [ [ 120.705576266181311, 24.209716046773543 ], [ 120.705425684488731, 24.208110955093328 ] ], [ [ 120.705902403152763, 24.212937477820837 ], [ 120.705576266181311, 24.209716046773543 ] ], [ [ 120.705576348061896, 24.20971691956122 ], [ 120.705576266181311, 24.209716046773543 ] ], [ [ 120.705902403152763, 24.212937477820837 ], [ 120.705576348061896, 24.20971691956122 ] ], [ [ 120.706377745678168, 24.217231234265338 ], [ 120.705877243021831, 24.212924241703444 ], [ 120.705576348061896, 24.20971691956122 ] ], [ [ 120.706377745678168, 24.217231234265338 ], [ 120.706274499669945, 24.216109226993559 ], [ 120.705902403152763, 24.212937477820837 ] ], [ [ 120.735450279502004, 24.265695470793194 ], [ 120.735224568186752, 24.26543110057284 ], [ 120.734786045673715, 24.264953946234819 ], [ 120.732025987601759, 24.262800345538409 ], [ 120.730072025144906, 24.26133667498987 ], [ 120.728188996462237, 24.25989234567658 ], [ 120.725319318248751, 24.257783889253293 ], [ 120.724526106298796, 24.256887611200902 ], [ 120.724164952407307, 24.256217002217426 ], [ 120.723610326391622, 24.255236882830228 ], [ 120.723094390856176, 24.254256761368005 ], [ 120.722946871143918, 24.25389784888765 ], [ 120.721204774391964, 24.250626441901886 ], [ 120.720675940399786, 24.249620527728002 ], [ 120.719308765867012, 24.24787954663887 ], [ 120.715639384197246, 24.244197735703136 ], [ 120.713917549843259, 24.242501912036492 ], [ 120.713607995609749, 24.242024750757889 ], [ 120.713130750587993, 24.241044627201894 ], [ 120.711576445983866, 24.23732401280559 ], [ 120.710138221073947, 24.233732359173064 ], [ 120.709177232980565, 24.230991862108308 ], [ 120.709022434928897, 24.230424415643931 ], [ 120.708229069475451, 24.227116454848641 ], [ 120.707358300935539, 24.223460287327953 ], [ 120.706771343060993, 24.221067981105946 ], [ 120.706629395888484, 24.219778318817568 ], [ 120.706377745678168, 24.217231234265338 ] ], [ [ 120.723720427000103, 24.254612208000026 ], [ 120.724884158, 24.256598539000038 ], [ 120.724940749000098, 24.256705318000058 ], [ 120.725002800000084, 24.256809020000048 ], [ 120.725070145000018, 24.256909364000023 ], [ 120.725142603000108, 24.257006080000053 ], [ 120.725219978000041, 24.257098909000035 ], [ 120.725302064000061, 24.257187601000055 ], [ 120.725388637000037, 24.257271917000025 ], [ 120.725479467000014, 24.257351630000073 ], [ 120.725574308000091, 24.257426526000074 ], [ 120.72567290500001, 24.257496403000061 ], [ 120.725774994000062, 24.257561073000034 ], [ 120.725880298000106, 24.257620363000058 ], [ 120.725988535000056, 24.257674112000075 ], [ 120.726099413000043, 24.257722176000073 ], [ 120.726212635000024, 24.257764426000051 ], [ 120.726400209000076, 24.257863207000071 ], [ 120.726590734000069, 24.257956170000057 ], [ 120.72678403000009, 24.258043224000062 ], [ 120.726979913000037, 24.258124289000023 ], [ 120.727178198000047, 24.258199288000071 ], [ 120.727378696000073, 24.258268150000049 ], [ 120.727581220000047, 24.258330809000029 ], [ 120.727785575000098, 24.258387205000076 ], [ 120.727991569000096, 24.258437287000049 ], [ 120.729303863000041, 24.258766442000024 ], [ 120.729773443000113, 24.258894534000035 ], [ 120.730243896000047, 24.259019387000023 ], [ 120.730715197000109, 24.259140997000031 ], [ 120.7310631040001, 24.259218502000067 ], [ 120.73141229600003, 24.259290001000068 ], [ 120.731762666, 24.259355474000074 ], [ 120.73211411300008, 24.25941490200006 ], [ 120.732466532000103, 24.259468266000056 ], [ 120.732819817000063, 24.25951555100005 ], [ 120.733053425000094, 24.259622786000023 ], [ 120.733284155000092, 24.259736081000028 ], [ 120.733511851000117, 24.25985535600006 ], [ 120.733736356, 24.259980532000043 ], [ 120.733957519000114, 24.260111523000035 ], [ 120.734175190000087, 24.260248240000067 ], [ 120.734389218000047, 24.260390590000043 ], [ 120.734599461000016, 24.260538476000079 ], [ 120.739987909000092, 24.263783120000028 ], [ 120.740150410000069, 24.263884792000056 ], [ 120.740316391000079, 24.263980680000031 ], [ 120.740485645000035, 24.264070666000066 ], [ 120.740657961000011, 24.264154636000058 ], [ 120.740833127000087, 24.264232488000061 ], [ 120.741010926000058, 24.264304125000024 ], [ 120.741191137000101, 24.264369458000033 ], [ 120.741373535000093, 24.264428406000036 ], [ 120.741557896000018, 24.264480896000066 ], [ 120.741743991000021, 24.264526862000025 ], [ 120.741931588000057, 24.264566248000051 ], [ 120.743194361000064, 24.26489538800007 ], [ 120.743537232000108, 24.264995294000073 ], [ 120.74387811500003, 24.265101780000066 ], [ 120.744216888000096, 24.265214804000038 ], [ 120.74455342400006, 24.265334325000026 ], [ 120.744887597000115, 24.26546029800005 ], [ 120.745219285000076, 24.265592678000075 ], [ 120.74532354300004, 24.265612412000053 ], [ 120.745426233000103, 24.265639134000025 ], [ 120.745526886000107, 24.265672722000033 ], [ 120.745625045000111, 24.265713022000057 ], [ 120.745720261000088, 24.265759853000077 ], [ 120.74581210100007, 24.265813 ], [ 120.745900148000032, 24.265872220000062 ], [ 120.745983998000042, 24.265937245000032 ], [ 120.746063272000015, 24.266007779000063 ], [ 120.746137607000037, 24.266083498000057 ], [ 120.746206665000045, 24.266164060000051 ], [ 120.746270131000074, 24.26624909700007 ], [ 120.746327718000089, 24.266338220000023 ], [ 120.74637916000006, 24.266431026000078 ], [ 120.746424226000045, 24.266527090000068 ], [ 120.746462708000081, 24.266625976000057 ], [ 120.746494433000066, 24.266727231000061 ], [ 120.746519255000067, 24.266830397000035 ], [ 120.746537061000026, 24.266935002000025 ], [ 120.74654777100011, 24.267040570000063 ], [ 120.74655133400006, 24.267146618000027 ], [ 120.746547738000118, 24.267252667000037 ], [ 120.746536995000042, 24.267358232000049 ], [ 120.74604178900006, 24.269991265000044 ], [ 120.745997734000071, 24.27014179400004 ], [ 120.745960036000042, 24.270294040000067 ], [ 120.745928760000083, 24.270447733000026 ], [ 120.745903961000067, 24.270602604000032 ], [ 120.745885685000076, 24.270758378000039 ], [ 120.745873962000019, 24.270914783000023 ], [ 120.745868813000016, 24.271071542000072 ], [ 120.745870249000063, 24.271228378000046 ], [ 120.745878265000101, 24.271385017000057 ], [ 120.74589284800004, 24.271541181000032 ], [ 120.745913973000029, 24.271696595000037 ], [ 120.745941600000037, 24.271850986000061 ], [ 120.745975684000086, 24.272004081000034 ], [ 120.746016162000046, 24.272155612000063 ], [ 120.746062965000078, 24.272305309000046 ], [ 120.746116009000048, 24.272452910000027 ], [ 120.746175201000028, 24.272598156000072 ], [ 120.746240437000097, 24.272740789000068 ], [ 120.747497825000096, 24.273956786000042 ], [ 120.74779181200006, 24.274299726000038 ], [ 120.748183778000111, 24.274515277000035 ], [ 120.748712920000116, 24.274613235000061 ], [ 120.749261662000094, 24.274750388000029 ], [ 120.753436019000105, 24.275710438000033 ], [ 120.756297320000044, 24.276425591000077 ], [ 120.757336007000049, 24.276621510000041 ], [ 120.758845032000067, 24.276758612000037 ], [ 120.759609349000016, 24.276885954000079 ], [ 120.761174987000118, 24.277212728000052 ], [ 120.764122330000077, 24.277901543000041 ], [ 120.765117980000014, 24.278158454000049 ], [ 120.767325484000025, 24.278584776000059 ], [ 120.768027871000072, 24.27869761900007 ], [ 120.769031263000102, 24.278597227000034 ], [ 120.769746182000063, 24.27854701900003 ], [ 120.77077465900004, 24.278446625000072 ], [ 120.772016360000066, 24.278371304000075 ], [ 120.773019737000027, 24.278032607000057 ], [ 120.776042395000104, 24.276765666000074 ], [ 120.779575412000099, 24.275219 ], [ 120.77971844800004, 24.275143270000058 ], [ 120.779864629000031, 24.275073803000055 ], [ 120.780013679000035, 24.27501072900003 ], [ 120.780165321000027, 24.274954167000033 ], [ 120.780319269000074, 24.274904222000032 ], [ 120.78047523500004, 24.274860987000068 ], [ 120.780632926000067, 24.274824545000058 ], [ 120.780792046000101, 24.274794964000023 ], [ 120.780952299000091, 24.274772298000073 ], [ 120.781113382000058, 24.274756590000038 ], [ 120.781274993000011, 24.274747871000045 ], [ 120.781436831000065, 24.274746155000059 ], [ 120.781598591000034, 24.274751448000075 ], [ 120.791713769000012, 24.273917734000065 ], [ 120.794911456000023, 24.273682304000033 ], [ 120.795049967000068, 24.273687634000055 ], [ 120.795188568000071, 24.27368578200003 ], [ 120.795326887000101, 24.273676755000054 ], [ 120.795464553000102, 24.273660574000075 ], [ 120.79560119700011, 24.273637285000063 ], [ 120.795736450000049, 24.273606949000055 ], [ 120.7958699510001, 24.27356965000007 ], [ 120.796001341000078, 24.27352548500005 ], [ 120.796130266000091, 24.273474574000033 ], [ 120.796256381000035, 24.27341705300006 ], [ 120.796379348000073, 24.273353078000071 ], [ 120.796498837000058, 24.27328281900003 ], [ 120.796614525000109, 24.273206466000033 ], [ 120.796726104000072, 24.273124223000025 ], [ 120.796833273000061, 24.273036311000055 ], [ 120.796935745000042, 24.272942966000073 ], [ 120.79703324400009, 24.272844439000039 ], [ 120.798088698000015, 24.272245959000031 ], [ 120.798231750000014, 24.272165842000049 ], [ 120.79837756400002, 24.272090870000056 ], [ 120.798525957000038, 24.272021140000049 ], [ 120.79867673800004, 24.271956739000075 ], [ 120.798829719000082, 24.271897750000051 ], [ 120.798984702000098, 24.271844247000047 ], [ 120.799141493000093, 24.271796299000073 ], [ 120.799299893000011, 24.271753966000063 ], [ 120.799459700000057, 24.271717301000024 ], [ 120.801973204000092, 24.270909347000043 ], [ 120.802102355000102, 24.270860029000062 ], [ 120.802233594000086, 24.270816575000026 ], [ 120.802366657000107, 24.270779074000075 ], [ 120.802501273000075, 24.270747601000039 ], [ 120.802637170000025, 24.270722220000039 ], [ 120.802774072000034, 24.270702983000035 ], [ 120.802911701000085, 24.270689928000024 ], [ 120.803049777000069, 24.270683083000051 ], [ 120.803188023000075, 24.270682460000046 ], [ 120.803326156000026, 24.270688062000033 ], [ 120.803463896000039, 24.270699877000027 ], [ 120.805074280000099, 24.270620078000036 ], [ 120.805183220000117, 24.270627445000059 ], [ 120.805292407000024, 24.270627907000062 ], [ 120.805401405000111, 24.270621462000065 ], [ 120.805509778000101, 24.270608136000078 ], [ 120.805617091000045, 24.270587982000052 ], [ 120.805722913000068, 24.270561082000029 ], [ 120.805826823000075, 24.270527541000035 ], [ 120.805928404000042, 24.270487497000033 ], [ 120.806027248000078, 24.270441107000067 ], [ 120.806122960000039, 24.270388558000036 ], [ 120.806215157000111, 24.270330062000028 ], [ 120.806303469000113, 24.270265851000033 ], [ 120.806387544000017, 24.270196183000053 ], [ 120.806467043000112, 24.270121337000035 ], [ 120.810362430000055, 24.267497927000022 ], [ 120.810452325000028, 24.267459048000035 ], [ 120.810539284000015, 24.267413986000065 ], [ 120.810622886000033, 24.267362963000039 ], [ 120.810702720000108, 24.267306226000073 ], [ 120.810778398000025, 24.26724405300007 ], [ 120.810849550000057, 24.267176748000054 ], [ 120.81091582800002, 24.267104638000035 ], [ 120.810976909000033, 24.267028077000077 ], [ 120.811032495000063, 24.266947437000056 ], [ 120.811082315000021, 24.266863113000056 ], [ 120.813019804000078, 24.264209443000027 ], [ 120.814714333000097, 24.261978501000044 ], [ 120.814781563000111, 24.261908290000065 ], [ 120.814844084000015, 24.261833856000067 ], [ 120.814901632000101, 24.261755513000026 ], [ 120.814953963000107, 24.261673593000069 ], [ 120.815000855000108, 24.261588443000051 ], [ 120.815042110000036, 24.261500424000076 ], [ 120.815077553000037, 24.261409909000065 ], [ 120.815107034000107, 24.261317279000025 ], [ 120.815130429000078, 24.261222928000052 ], [ 120.815147638000099, 24.261127257000055 ], [ 120.816274229000101, 24.257960577000063 ] ], [ [ 120.733027462999203, 24.309046611690071 ], [ 120.732131963902845, 24.306662013464955 ] ], [ [ 120.733027462999203, 24.309046611690071 ], [ 120.732686623907355, 24.308170897503906 ], [ 120.732531836430041, 24.307771108136276 ], [ 120.732312551628311, 24.307164975042284 ], [ 120.732131963902845, 24.306662013464955 ] ], [ [ 120.732131963902845, 24.306662013464955 ], [ 120.732015852883748, 24.306042978130044 ], [ 120.73200291894527, 24.305462627352092 ], [ 120.732170382236973, 24.302406100609652 ], [ 120.732395845413492, 24.298788564346321 ], [ 120.732685791938835, 24.295158127939615 ], [ 120.732769567317703, 24.294313389643484 ], [ 120.732950054467793, 24.293242953920902 ], [ 120.733104771046257, 24.292533627160555 ], [ 120.733285297759721, 24.29208223299899 ], [ 120.733659264495756, 24.291437377967217 ], [ 120.733949415463869, 24.291005322971476 ], [ 120.734336292211822, 24.29056681443501 ], [ 120.73468448425173, 24.290218584869535 ], [ 120.735264809262546, 24.289715582456001 ], [ 120.736244935038854, 24.289199661886002 ], [ 120.741642094553086, 24.28666517086689 ], [ 120.744808149395482, 24.284853014768689 ], [ 120.745375491901896, 24.283008756403625 ], [ 120.745897581459502, 24.279378307710239 ], [ 120.746045814652064, 24.278120871639807 ], [ 120.746007081354193, 24.277450245389556 ], [ 120.745839391335196, 24.276960179838774 ], [ 120.745633006724361, 24.276405632870787 ], [ 120.745375041401388, 24.27595426225875 ], [ 120.745071932662242, 24.275431962225856 ], [ 120.744672102263792, 24.274980599223699 ], [ 120.744207791856653, 24.274593723173137 ], [ 120.741292975157833, 24.272491717651302 ], [ 120.739274526917256, 24.271002257218903 ], [ 120.738345907749149, 24.27025429850076 ], [ 120.737984774414315, 24.26990610700447 ], [ 120.737584939903002, 24.269390260499943 ] ], [ [ 120.877907511225217, 24.664476504778797 ], [ 120.877869184783194, 24.664320200715999 ], [ 120.87773238379468, 24.663716183511017 ], [ 120.877652571262061, 24.663180543351707 ], [ 120.877327653590555, 24.661510945726533 ], [ 120.8770540248684, 24.659892630421034 ], [ 120.876763298355939, 24.658234427627157 ], [ 120.876649291721179, 24.657641805873329 ], [ 120.876535284344513, 24.657037787428063 ], [ 120.876438379227181, 24.656542036621566 ], [ 120.876312971338407, 24.655881035339473 ], [ 120.876244569738247, 24.655561931700298 ], [ 120.876244558591779, 24.655390981327404 ], [ 120.876187532984957, 24.654752769705134 ], [ 120.876153279429204, 24.653784052788261 ], [ 120.876033399439251, 24.650507510500937 ], [ 120.875947872560488, 24.649726841789132 ], [ 120.875890868509003, 24.649419134222004 ], [ 120.875799675546986, 24.649134221899175 ], [ 120.875640090649725, 24.648678362927139 ], [ 120.875366534050514, 24.648165526702012 ], [ 120.875053083827964, 24.647578614153552 ], [ 120.874631378500922, 24.647213942981924 ], [ 120.874152690664943, 24.646872068294673 ], [ 120.873514447644155, 24.646530202292201 ], [ 120.871975826312777, 24.645709724255052 ], [ 120.870944380728687, 24.645168437550183 ], [ 120.870363121700265, 24.644826568441818 ], [ 120.869952808715539, 24.644393516495498 ], [ 120.869109397317615, 24.643652777448793 ], [ 120.868152014216705, 24.642855061145092 ], [ 120.867150101675151, 24.641909007917697 ], [ 120.866505069453297, 24.641208328842009 ], [ 120.866231527712415, 24.640923426438338 ], [ 120.866037763565444, 24.640638519692832 ], [ 120.865718626461287, 24.640228256162207 ], [ 120.865262714404082, 24.639612859625178 ], [ 120.864613045626214, 24.638826523256686 ], [ 120.863439095878121, 24.63760714113327 ], [ 120.861558526023487, 24.636102880162191 ], [ 120.861045643335927, 24.635692627168378 ], [ 120.858771863495491, 24.633874978556246 ], [ 120.857324394280781, 24.632712594750707 ], [ 120.856993870030664, 24.632450488822581 ], [ 120.856213145860778, 24.631783824829245 ], [ 120.856064971884919, 24.631544502363546 ], [ 120.855745832561155, 24.631100048746951 ], [ 120.855358302052849, 24.630496045165955 ], [ 120.855016366905403, 24.630017402713307 ], [ 120.854663043121221, 24.629664124488979 ], [ 120.854247027665522, 24.629168391027484 ], [ 120.853882304856498, 24.628780923347026 ], [ 120.853665750085909, 24.628541604599523 ], [ 120.853506178570669, 24.628290886060554 ], [ 120.853221228906818, 24.627835033889504 ], [ 120.852964767903558, 24.627327895055636 ], [ 120.851699637103636, 24.626005947621479 ], [ 120.850936014445111, 24.625436154564589 ], [ 120.850628288989071, 24.625253824232356 ], [ 120.850286378327056, 24.625151272601716 ], [ 120.84977351789729, 24.625082920343733 ], [ 120.84916948158677, 24.624991779660647 ], [ 120.84862812804397, 24.624906333914133 ], [ 120.848183648409659, 24.624837977936561 ], [ 120.847864532086817, 24.624746821757196 ], [ 120.847636590902312, 24.624667057310944 ], [ 120.847363059552166, 24.624541708576622 ], [ 120.847112315125074, 24.624313788376124 ], [ 120.846895763322209, 24.624120056391511 ], [ 120.846702005860365, 24.623937719858972 ], [ 120.846531038289058, 24.623698398627603 ], [ 120.845151905374124, 24.621852209543363 ], [ 120.843174391909244, 24.619259569669936 ], [ 120.84259311359645, 24.618621386529671 ], [ 120.842188503847581, 24.618262412734207 ], [ 120.841903568282106, 24.618023097696483 ], [ 120.841618637907189, 24.617863559501629 ], [ 120.841060177664346, 24.617601465951129 ], [ 120.840467527763138, 24.617350770950846 ], [ 120.839931870016585, 24.617225436462725 ], [ 120.839293632173408, 24.616963347247978 ], [ 120.838814944337003, 24.616621472514478 ], [ 120.837914554146039, 24.615960513331604 ], [ 120.836632333718867, 24.614724041959018 ], [ 120.83483152442605, 24.61295765259344 ], [ 120.831588929141247, 24.60979524680954 ], [ 120.828585681492356, 24.606860761826724 ], [ 120.826858956235171, 24.605168446888225 ], [ 120.826072529603707, 24.60443910132885 ], [ 120.824482559286579, 24.60264420871686 ], [ 120.824095031777858, 24.602085791859356 ], [ 120.823889861222526, 24.601652728706483 ], [ 120.823684686963759, 24.60116268209304 ], [ 120.823584308460866, 24.600939752905195 ], [ 120.823143267467927, 24.600062930719606 ], [ 120.823029280946884, 24.599778019609502 ], [ 120.822926694929961, 24.599550091340593 ], [ 120.822755705149575, 24.59896886933225 ], [ 120.822596117355417, 24.598467423549227 ], [ 120.822482110097127, 24.597863405060949 ], [ 120.822436491048009, 24.597373349778646 ], [ 120.822345279614396, 24.596803520128578 ], [ 120.822265468685174, 24.596290673319807 ], [ 120.822128666349826, 24.595663862686116 ], [ 120.822048854682109, 24.59513961918552 ], [ 120.821837937973086, 24.593971469704091 ], [ 120.821644121282205, 24.592877397792762 ], [ 120.821530114035767, 24.592273379305659 ], [ 120.821102589279093, 24.590045349229101 ], [ 120.820999984761499, 24.589532503659587 ], [ 120.820732018931309, 24.587361448380239 ], [ 120.820583787246392, 24.586233183920317 ], [ 120.820372829866599, 24.584438216385358 ], [ 120.820304415759963, 24.5839253689606 ], [ 120.820338565456012, 24.58329854904742 ], [ 120.820754397330205, 24.580967902965259 ], [ 120.820902494316613, 24.580021969494865 ], [ 120.821067671338497, 24.578842402914741 ], [ 120.821352453731492, 24.576722602764455 ], [ 120.821494834207101, 24.575497450660794 ], [ 120.821802416142262, 24.573468822819208 ], [ 120.822195444878929, 24.570990021022006 ], [ 120.822288123011006, 24.569970962055649 ], [ 120.822890319880216, 24.565907058798693 ], [ 120.823038403606958, 24.564755984903112 ], [ 120.823038371815869, 24.564265927162673 ], [ 120.823038340764924, 24.563787266114115 ], [ 120.822861650810623, 24.563177552696217 ], [ 120.822667872680242, 24.562676108776174 ], [ 120.822200537342255, 24.561650431880476 ], [ 120.821949783344579, 24.56127435465919 ], [ 120.821237426046338, 24.560391149699981 ], [ 120.820735928401547, 24.55979854893819 ], [ 120.820131862511857, 24.559251540506128 ], [ 120.819470822968484, 24.558864088847152 ], [ 120.818388089250334, 24.558282916302492 ], [ 120.815225357808316, 24.556442522138209 ], [ 120.814119827528089, 24.555815764053161 ], [ 120.811014082290527, 24.55400955684421 ], [ 120.810250482619168, 24.55379306111179 ], [ 120.809737621424333, 24.553713312082753 ], [ 120.809258954324761, 24.553690544658405 ], [ 120.806802957472598, 24.553901516653568 ], [ 120.805959599399571, 24.553981339234639 ], [ 120.805492326879502, 24.55392438111625 ], [ 120.805104827530272, 24.553799038519625 ], [ 120.804774310706293, 24.553650899448588 ], [ 120.804409590919903, 24.553309018468607 ], [ 120.804175939882526, 24.553052605570173 ], [ 120.803868190801239, 24.552505581044358 ], [ 120.803594631384101, 24.55194715797214 ], [ 120.802580192752373, 24.550043965420635 ], [ 120.800887558441019, 24.546813095020184 ], [ 120.799901618856438, 24.545018169486326 ], [ 120.79973064395169, 24.544664881304005 ], [ 120.799628055021302, 24.54439136625809 ], [ 120.799525466829621, 24.544129247904078 ], [ 120.799468468056631, 24.543901317154521 ], [ 120.799337368294943, 24.543337188008799 ], [ 120.799234762382355, 24.542801549048416 ], [ 120.799189162626377, 24.542607807756863 ], [ 120.79917774662745, 24.542311494384638 ], [ 120.799177725952845, 24.541992387010886 ], [ 120.799268880423284, 24.541684671386946 ], [ 120.79966770052323, 24.540636154110327 ], [ 120.800516673215355, 24.539262806718458 ], [ 120.800744576746851, 24.538761339922893 ], [ 120.80074453688222, 24.5381459185637 ], [ 120.800687524088247, 24.537701450670752 ], [ 120.800431002692619, 24.536259783052689 ], [ 120.800339791380026, 24.535689953403132 ], [ 120.799576125277312, 24.534447755376185 ], [ 120.797621395712724, 24.531695560215308 ], [ 120.796954618295644, 24.530698385805668 ], [ 120.796738058418484, 24.530379290167122 ], [ 120.796555692633547, 24.530117176135057 ], [ 120.796339123164529, 24.529649923502369 ], [ 120.795712219430541, 24.528419114745699 ], [ 120.794099387297479, 24.525564330807317 ], [ 120.792908298043898, 24.523655449439598 ], [ 120.792537867714728, 24.523125523332503 ], [ 120.792184543282687, 24.522760848330595 ], [ 120.791291896237524, 24.522161424390081 ], [ 120.790645779496089, 24.521440501534528 ], [ 120.790233060252987, 24.521118106366476 ], [ 120.789962209415904, 24.520847290317707 ], [ 120.789020586018225, 24.518448554951263 ], [ 120.78883999876804, 24.517958490097865 ], [ 120.788156362776007, 24.516346439510293 ], [ 120.788001570846617, 24.515882166661243 ], [ 120.787737148818948, 24.515308277791235 ], [ 120.787582366068492, 24.514985868650978 ], [ 120.787595210332952, 24.514173375801324 ], [ 120.787595175294314, 24.51363171436752 ], [ 120.787414550512821, 24.512561297977673 ], [ 120.787111364614148, 24.510852501533162 ], [ 120.786904944526114, 24.509756293139343 ], [ 120.786763020240585, 24.508840635065585 ], [ 120.786421135551521, 24.507002873710402 ], [ 120.78633081274883, 24.506306456757606 ], [ 120.786175985812903, 24.505300522478233 ], [ 120.785872801625231, 24.503617519439747 ], [ 120.78565347973813, 24.502443931542562 ], [ 120.785576063775423, 24.501902274301543 ], [ 120.785505096642808, 24.501367065062027 ], [ 120.785505072466293, 24.500993060742296 ], [ 120.785492154800451, 24.500670643923367 ], [ 120.785530811928183, 24.50015477380272 ], [ 120.785608154528504, 24.499561521384688 ], [ 120.785711292445981, 24.498994060972688 ], [ 120.78581442703036, 24.49837501375875 ], [ 120.786168987596255, 24.496795148741406 ], [ 120.786259232861852, 24.496292172533163 ], [ 120.786478374699172, 24.494680073097946 ], [ 120.786471773371289, 24.492313528896659 ], [ 120.786394314099866, 24.491101243233974 ], [ 120.78622009907383, 24.489431129937426 ], [ 120.786116817008221, 24.487767461156029 ], [ 120.786011776936704, 24.48626780492279 ], [ 120.785684451454699, 24.48278290980215 ], [ 120.785503744346002, 24.480435720093507 ], [ 120.785406947799189, 24.479345954141923 ], [ 120.785329495244142, 24.478236842094603 ], [ 120.785226280683332, 24.477617806056294 ], [ 120.784768262339753, 24.474812798486731 ], [ 120.784665050283721, 24.474232452550261 ], [ 120.784387661594138, 24.472575241550533 ], [ 120.784245724943588, 24.471466132993939 ], [ 120.783955441942382, 24.469847612794165 ], [ 120.783542606247892, 24.467719679557337 ], [ 120.782994306070478, 24.464850193376833 ], [ 120.782291217408385, 24.461568021155259 ], [ 120.781859062739898, 24.459846335024544 ], [ 120.781407571578001, 24.458260065291103 ], [ 120.78089804679378, 24.456706040443375 ], [ 120.780820630918186, 24.456164383216834 ], [ 120.780743213380362, 24.455596932590101 ], [ 120.780556171588429, 24.455010142835587 ], [ 120.780427167586581, 24.454455591696121 ], [ 120.780336856553831, 24.453939728567033 ], [ 120.780285228511943, 24.453307793046665 ], [ 120.780207752778281, 24.451837573411492 ], [ 120.780110962160705, 24.450838084377128 ], [ 120.779891668756704, 24.450102984313325 ], [ 120.779582130004968, 24.44987086042979 ], [ 120.778343994117691, 24.449238988996232 ], [ 120.776951091345907, 24.448529745717366 ], [ 120.776525473690924, 24.448181557799071 ], [ 120.776196585129682, 24.44787850310686 ], [ 120.776003111148796, 24.447543199350314 ], [ 120.775874112979096, 24.447078925109288 ], [ 120.775719316173834, 24.446537272060237 ], [ 120.775616105836889, 24.445982719525055 ], [ 120.775422584484076, 24.444912303858981 ], [ 120.77526130145705, 24.443783851301578 ], [ 120.775106466431282, 24.442648950046561 ], [ 120.774964531558481, 24.441565634896321 ], [ 120.774700006646654, 24.439392555203298 ], [ 120.774558044369954, 24.437883648952401 ], [ 120.774216117771516, 24.43538815594021 ], [ 120.773822545758748, 24.43198989671442 ], [ 120.773583786335323, 24.429378327842141 ], [ 120.773602961767736, 24.426740951655454 ], [ 120.773796342734911, 24.425631825021739 ], [ 120.774099291509529, 24.423665061931992 ], [ 120.77420235985268, 24.422014278780981 ], [ 120.774169840422758, 24.420963552060513 ], [ 120.774234414748392, 24.419106071227187 ], [ 120.774376067373609, 24.415804508426604 ], [ 120.774376034182509, 24.415288640435943 ], [ 120.774279271074263, 24.414714742514064 ], [ 120.77402129724517, 24.414134404937858 ], [ 120.773647254484999, 24.413592763721233 ], [ 120.773170047914476, 24.413218785165839 ], [ 120.772589661769132, 24.412767431975958 ], [ 120.772112465154208, 24.412548213816603 ], [ 120.77146761313702, 24.412380591498568 ], [ 120.770242392393769, 24.412032446683359 ], [ 120.769778095090246, 24.41185191792615 ], [ 120.769423422870418, 24.411703625005938 ], [ 120.769126784287678, 24.411523087205907 ], [ 120.76873985880647, 24.411200690576084 ], [ 120.768340028205031, 24.410749327642769 ], [ 120.768120768911601, 24.410542992268986 ], [ 120.767978887248717, 24.410285065922494 ], [ 120.767733811909295, 24.40973052104313 ], [ 120.767579020980051, 24.409279144893993 ], [ 120.767495174614879, 24.409014767067575 ], [ 120.767495143095616, 24.408524692473108 ], [ 120.767520747647097, 24.405584243521083 ], [ 120.767540028614363, 24.404584748243419 ], [ 120.767501299994478, 24.403991502139132 ], [ 120.767449673721842, 24.4033853600307 ], [ 120.767281917986196, 24.401876455196586 ], [ 120.767043208581185, 24.400038688344292 ], [ 120.767017378453602, 24.399471234946237 ], [ 120.767133412570445, 24.398890877201399 ], [ 120.767429997260962, 24.398233129526179 ], [ 120.768687330323061, 24.396562939138168 ], [ 120.76904841986304, 24.396227605483226 ], [ 120.769602964259747, 24.395930951500667 ], [ 120.770131720808706, 24.395724575806295 ], [ 120.772504744826179, 24.395853414896269 ], [ 120.774922918905716, 24.396156356993973 ], [ 120.775645146879313, 24.396246594961347 ], [ 120.776109431731214, 24.396233673236068 ], [ 120.776444745851379, 24.396182068364102 ], [ 120.776870331940003, 24.396040181730086 ], [ 120.777386187510174, 24.395769323236141 ], [ 120.777940729408655, 24.395433979160444 ], [ 120.780565042951039, 24.392474045209429 ], [ 120.780777823562715, 24.392209651405754 ], [ 120.780919670397793, 24.391925916376316 ], [ 120.78107439914055, 24.391410040065594 ], [ 120.781680379180031, 24.388753287360817 ], [ 120.782163893678359, 24.386941275066214 ], [ 120.783317914646588, 24.383130238286924 ], [ 120.784214049696971, 24.380105914074967 ], [ 120.784272070083944, 24.379867322017088 ], [ 120.784297846340294, 24.379596489948689 ], [ 120.784259145929695, 24.37944173164496 ], [ 120.783949586538824, 24.378887190261622 ], [ 120.782169677399466, 24.376591673705779 ], [ 120.78149253989217, 24.375746976389078 ], [ 120.781092704393131, 24.375218233262618 ], [ 120.780718665027067, 24.374728178843434 ], [ 120.780331729665278, 24.374251021817336 ], [ 120.780047971381933, 24.373812549331213 ], [ 120.77976420813178, 24.373296696650616 ], [ 120.779216022317158, 24.372194058401988 ], [ 120.778725877596301, 24.371175245570544 ], [ 120.778261524871809, 24.370130637951178 ], [ 120.777842317243696, 24.36918275314304 ], [ 120.777700431483723, 24.368860343306412 ], [ 120.777687518933533, 24.368615306719526 ], [ 120.777674482240926, 24.36643576528288 ], [ 120.777861410473079, 24.365255707258612 ], [ 120.777990338995991, 24.364636658765352 ], [ 120.778067682705228, 24.364056303146889 ], [ 120.777925776265135, 24.363411475837271 ], [ 120.777667809163873, 24.362934311862332 ], [ 120.777222835214573, 24.362412019507651 ], [ 120.776848806624002, 24.362089622167552 ], [ 120.776229731751741, 24.361664064426012 ], [ 120.775791221521331, 24.36138036065292 ], [ 120.775314019162934, 24.361070865564109 ], [ 120.775017365727592, 24.360658187163942 ], [ 120.77448852974409, 24.359626479708087 ], [ 120.774275696983139, 24.359078381455628 ], [ 120.773875869781861, 24.358678605306427 ], [ 120.771322140549174, 24.356215473234489 ], [ 120.77056762544926, 24.35542236684838 ], [ 120.770309669109238, 24.355112859953028 ], [ 120.770116186967826, 24.354648589198987 ], [ 120.769548590236539, 24.352520664398405 ], [ 120.768677823475045, 24.348916083870801 ], [ 120.768426271323406, 24.347916603230818 ], [ 120.767716770720099, 24.345182541211333 ], [ 120.766871815880251, 24.34186168667453 ], [ 120.766271959414283, 24.339456484581667 ], [ 120.765943035436379, 24.338598871791554 ], [ 120.76545290900215, 24.33786378631045 ], [ 120.76462744116769, 24.336754714592416 ], [ 120.763698807826302, 24.335787512108134 ], [ 120.761293390161967, 24.333292130198807 ], [ 120.760003627559442, 24.332041219742834 ], [ 120.757211260566777, 24.328849436858587 ], [ 120.754251208447528, 24.325244968590365 ], [ 120.752748614812077, 24.323471753230397 ], [ 120.752297203645611, 24.32312356661696 ], [ 120.751639447405992, 24.322839874588695 ], [ 120.751046186023018, 24.322723836181975 ], [ 120.750081706760511, 24.322544580402003 ], [ 120.743720693556327, 24.321228212771135 ], [ 120.743179013685875, 24.321021894692752 ], [ 120.742753403592076, 24.320789776977648 ], [ 120.74225684981549, 24.320383557633761 ], [ 120.741031577946018, 24.319235817236923 ], [ 120.737800721392475, 24.316082747847474 ], [ 120.735653260905238, 24.313909769376565 ], [ 120.734866503390791, 24.313110216280652 ], [ 120.734240941759253, 24.312084962283198 ], [ 120.733982970597111, 24.311543314765824 ], [ 120.733170337767547, 24.309466989812428 ], [ 120.733027462999203, 24.309046611690071 ] ], [ [ 120.737584939903002, 24.269390260499943 ], [ 120.735450279502004, 24.265695470793194 ] ], [ [ 120.737584939903002, 24.269390260499943 ], [ 120.737295494952818, 24.268889287219032 ], [ 120.735450279502004, 24.265695470793194 ] ], [ [ 120.877907511225217, 24.664476504778797 ], [ 120.878228279484247, 24.665784656031033 ], [ 120.878758407971191, 24.668502738111513 ], [ 120.879311363550315, 24.67173367007663 ], [ 120.879858596590623, 24.674594209876656 ], [ 120.879921300928487, 24.674930408865453 ], [ 120.880120954330224, 24.678138566710135 ], [ 120.880297814170774, 24.681346725805913 ], [ 120.880663613618751, 24.686998995444441 ], [ 120.880922765639525, 24.691927487139715 ], [ 120.880922766813583, 24.691927514976697 ], [ 120.880932009208507, 24.692146651819854 ], [ 120.880934479602246, 24.6923659974324 ], [ 120.880930174463785, 24.692585314705699 ], [ 120.880919097900588, 24.692804394395168 ], [ 120.880901260480471, 24.693023027482848 ], [ 120.880876679221643, 24.693241005376915 ], [ 120.880845377576421, 24.69345812011062 ], [ 120.880807385408801, 24.693674164540749 ], [ 120.880762738966098, 24.693888932545214 ], [ 120.880711480844269, 24.69410221921974 ], [ 120.880653659947285, 24.694313821073369 ], [ 120.880589331440433, 24.694523536222551 ], [ 120.880518556697879, 24.694731164583814 ], [ 120.880441403243779, 24.694936508064611 ], [ 120.880357944688143, 24.695139370752354 ], [ 120.880268260656536, 24.695339559101324 ], [ 120.880172436714005, 24.695536882117278 ], [ 120.880070564283542, 24.695731151539729 ], [ 120.879962740558867, 24.695922182021548 ], [ 120.879849068411616, 24.696109791305773 ], [ 120.879729656293321, 24.696293800399538 ], [ 120.879604618131765, 24.696474033744803 ], [ 120.870228283836596, 24.709148673169832 ], [ 120.870076943117823, 24.709351511158971 ], [ 120.869930838624498, 24.709558152732754 ], [ 120.869790065905292, 24.709768462752766 ], [ 120.869654717022058, 24.709982303681489 ], [ 120.86952488048955, 24.710199535672295 ], [ 120.869400641217723, 24.710420016660855 ], [ 120.869282080455875, 24.710643602458134 ], [ 120.869169275739807, 24.710870146844563 ], [ 120.869062300841009, 24.711099501665785 ], [ 120.868961225718365, 24.711331516929459 ], [ 120.868866116472532, 24.711566040903389 ], [ 120.868777035302571, 24.711802920214744 ], [ 120.868706806986381, 24.711992183735287 ], [ 120.868643062648701, 24.71218372839331 ], [ 120.868585876189883, 24.712377332126565 ], [ 120.868535313907543, 24.712572770485654 ], [ 120.868491434419681, 24.712769816894269 ], [ 120.868454288596865, 24.712968242911842 ], [ 120.868423919503158, 24.713167818498388 ], [ 120.868400362346108, 24.713368312281226 ], [ 120.868383644436108, 24.71356949182314 ], [ 120.868373785154617, 24.713771123891945 ], [ 120.868370795931781, 24.713972974730805 ], [ 120.868374680233018, 24.714174810329265 ], [ 120.86838543355519, 24.71437639669454 ], [ 120.868403043431698, 24.714577500122775 ], [ 120.868427489447043, 24.714777887470017 ], [ 120.868458743260362, 24.714977326422467 ], [ 120.868496768638309, 24.715175585765845 ], [ 120.868541521497221, 24.715372435653368 ], [ 120.868592949954078, 24.715567647872323 ], [ 120.868650994386599, 24.715760996108564 ], [ 120.868715587502493, 24.715952256208894 ], [ 120.868786654417463, 24.716141206440955 ], [ 120.868864112741932, 24.716327627750285 ], [ 120.868947872676671, 24.716511304014215 ], [ 120.869037837116778, 24.716692022292545 ], [ 120.873523941597412, 24.725310791721071 ], [ 120.873626619650807, 24.725477438411232 ], [ 120.87373519193919, 24.725640306333762 ], [ 120.873849519548685, 24.725799187105714 ], [ 120.873969456201749, 24.725953877445569 ], [ 120.874094848444244, 24.726104179433285 ], [ 120.874225535841916, 24.726249900763523 ], [ 120.874361351185456, 24.726390854991724 ], [ 120.874502120704648, 24.726526861772658 ], [ 120.874647664290563, 24.726657747091121 ], [ 120.874797795726053, 24.726783343484644 ], [ 120.874952322924031, 24.726903490257708 ], [ 120.875111048173153, 24.727018033687369 ], [ 120.875273768390912, 24.727126827219934 ], [ 120.87544027538334, 24.727229731658465 ], [ 120.875610356111423, 24.727326615340893 ], [ 120.890986165943531, 24.737619591175772 ], [ 120.891226761491069, 24.737766078936911 ], [ 120.891667853328286, 24.737949188392975 ], [ 120.89774639958938, 24.740566708264907 ], [ 120.898874191218567, 24.741173243481747 ], [ 120.903726827978744, 24.744260947727611 ], [ 120.903934198581211, 24.744399477396687 ], [ 120.904138013979903, 24.744543186544778 ], [ 120.90433814483751, 24.744691983976907 ], [ 120.904534464154992, 24.744845775269145 ], [ 120.904726847351924, 24.745004462828572 ], [ 120.904915172345767, 24.745167945955171 ], [ 120.90509931962913, 24.745336120905765 ], [ 120.9052791723458, 24.745508880959846 ], [ 120.90545461636475, 24.745686116487292 ], [ 120.905625540352744, 24.745867715017905 ], [ 120.905791835844667, 24.746053561312841 ], [ 120.905953397312743, 24.746243537437707 ], [ 120.906110122233216, 24.746437522837365 ], [ 120.906338090311408, 24.746927568135909 ], [ 120.906873809285656, 24.747987431216334 ], [ 120.907438027354814, 24.749155561312168 ], [ 120.90813332466746, 24.750568713120828 ], [ 120.908948302934633, 24.752204093880209 ], [ 120.909404236121219, 24.753138597704055 ], [ 120.909905764721614, 24.754198462646851 ], [ 120.910367389214869, 24.7550246975837 ], [ 120.910982905977818, 24.756392266977585 ], [ 120.911854886200658, 24.758301165219759 ], [ 120.912037267104964, 24.758791213005491 ], [ 120.91438637880556, 24.763847312419998 ], [ 120.915291509281658, 24.765748715545552 ], [ 120.916568131594914, 24.76850664519883 ], [ 120.916835991117523, 24.769036576728247 ], [ 120.917565489382071, 24.770609280328749 ], [ 120.917793456002215, 24.771076532232964 ], [ 120.917941634567441, 24.771384234812807 ], [ 120.917998635757982, 24.771646355611818 ], [ 120.918106948341688, 24.77230165947968 ], [ 120.918625714695054, 24.775532593300504 ], [ 120.919190065284411, 24.778717937863327 ], [ 120.919292679859623, 24.779378940390902 ], [ 120.919372489617487, 24.779868993784795 ], [ 120.919486500245085, 24.78051859899703 ], [ 120.919629009229169, 24.781265074533042 ], [ 120.919674622610287, 24.781663956261518 ], [ 120.919777222974687, 24.782108421640185 ], [ 120.919948216100309, 24.782735230350401 ], [ 120.920050817963073, 24.7832024891133 ], [ 120.920301590173068, 24.783852086841829 ], [ 120.920449765009892, 24.78410280595994 ], [ 120.920632125001845, 24.784273746362121 ], [ 120.920911362640325, 24.784518759961244 ], [ 120.925646846267867, 24.786256496334769 ], [ 120.927983244439574, 24.787088326975205 ], [ 120.93035953176684, 24.787925853770105 ], [ 120.932000709545932, 24.788518391918565 ], [ 120.934787293542939, 24.789538243309778 ], [ 120.935265969518298, 24.789697770793158 ], [ 120.935596484880136, 24.789823116311066 ], [ 120.935983983480455, 24.789937062017618 ], [ 120.939705106338252, 24.790979655615608 ], [ 120.943090018780907, 24.791948189106733 ], [ 120.943340755059367, 24.792050745605188 ], [ 120.943591491337699, 24.792153302103532 ], [ 120.944611538759247, 24.792671795730538 ], [ 120.947996481870618, 24.794107593553779 ], [ 120.949518001837205, 24.794831200163991 ], [ 120.950748896360949, 24.795446554113088 ], [ 120.951808829191123, 24.795913760430238 ], [ 120.952139343794016, 24.796027709248083 ], [ 120.952401470125253, 24.796027694895031 ], [ 120.954378817771342, 24.79607887173437 ], [ 120.959193958837091, 24.795993132886075 ], [ 120.961724046972833, 24.795981597653501 ], [ 120.962271093216089, 24.795981567698501 ], [ 120.962932112668355, 24.796061308341571 ], [ 120.963194243486313, 24.796129674135546 ], [ 120.963467772598747, 24.79622083268783 ], [ 120.964088917865837, 24.796522810993551 ], [ 120.964544806959282, 24.796784909928505 ], [ 120.968710500534954, 24.79928625552942 ], [ 120.971855946995035, 24.801238804606964 ], [ 120.973617017328792, 24.802266221542368 ], [ 120.974847920790623, 24.803018335734926 ], [ 120.977150165068252, 24.804408605939525 ], [ 120.978500730765518, 24.80509803176648 ], [ 120.980233107494641, 24.806066655603654 ], [ 120.983373039885649, 24.807815875653635 ], [ 120.984957251509812, 24.808681937372125 ], [ 120.987578609050132, 24.810117776804798 ], [ 120.988154165614603, 24.810396964195988 ], [ 120.989248297760568, 24.811000928862093 ], [ 120.990251256287067, 24.811616295212353 ], [ 120.990433611019654, 24.811707458747055 ], [ 120.99069574857154, 24.811878394745886 ], [ 120.991265619105349, 24.812345627843751 ], [ 120.992809964046245, 24.813547894099177 ], [ 120.994040880230855, 24.814493751981622 ], [ 120.995978434497843, 24.815998008981403 ], [ 120.996354552004746, 24.816351285782066 ], [ 120.996639492145931, 24.816658980816328 ], [ 120.996759168625033, 24.816812829582592 ], [ 120.997021326423308, 24.817291476226508 ], [ 120.99818968360313, 24.820112093152705 ], [ 120.998987593565033, 24.822152057063072 ], [ 120.999460639725655, 24.823354382008226 ], [ 120.999825397952179, 24.824277493965006 ], [ 121.000201563480303, 24.825360158966944 ], [ 121.000361147879488, 24.825804621158479 ], [ 121.000577724510805, 24.826374443823958 ], [ 121.000708803042031, 24.826608068798553 ], [ 121.000799993913887, 24.826858790996216 ], [ 121.001062158480281, 24.827440007852616 ], [ 121.001381309277207, 24.828055411656553 ], [ 121.002697758862141, 24.829873111653615 ], [ 121.003313239858116, 24.830693639640049 ], [ 121.0051197944466, 24.833160924123884 ], [ 121.007137204405751, 24.835850432500504 ], [ 121.009359789736166, 24.839041384000204 ], [ 121.012591561783182, 24.843350891729621 ] ], [ [ 120.877907511225217, 24.664476504778797 ], [ 120.877922323690072, 24.664476503971503 ] ], [ [ 121.090813459769421, 24.934935929327448 ], [ 121.090624871062431, 24.935033339844896 ], [ 121.09043340097729, 24.935124957069291 ], [ 121.090239227427759, 24.935210695870076 ], [ 121.090042530839554, 24.935290476578864 ], [ 121.089843493982855, 24.935364225063541 ], [ 121.089642301802456, 24.935431872797125 ], [ 121.089439141245862, 24.93549335692143 ], [ 121.089234201089496, 24.935548620305518 ], [ 121.089027671763503, 24.935597611598716 ], [ 121.088819745174604, 24.935640285278396 ], [ 121.088610614527894, 24.935676601692226 ], [ 121.088400474147249, 24.935706527095054 ], [ 121.088189519294858, 24.935730033680251 ], [ 121.087977945989564, 24.9357470996055 ], [ 121.087765950825059, 24.93575770901321 ], [ 121.087553730786908, 24.935761852045104 ], [ 121.06345814935321, 24.930616536844788 ], [ 121.063230042427278, 24.930563800597227 ], [ 121.063003614638134, 24.930504266256175 ], [ 121.062779068536045, 24.930437987077873 ], [ 121.06255660498789, 24.930365022352127 ], [ 121.062336422997774, 24.930285437349287 ], [ 121.062118719528726, 24.93019930326188 ], [ 121.061903689326655, 24.930106697140836 ], [ 121.061691524746124, 24.930007701826675 ], [ 121.061482415578283, 24.92990240587531 ], [ 121.061276548880997, 24.929790903478903 ], [ 121.061074108811667, 24.929673294381534 ], [ 121.060875276462383, 24.929549683790032 ], [ 121.060680229697951, 24.929420182279863 ], [ 121.060489142996801, 24.92928490569615 ], [ 121.060302187294951, 24.929143975050113 ], [ 121.060119529832946, 24.92899751641081 ], [ 121.059941334006425, 24.928845660792319 ], [ 121.059767759219895, 24.928688544036575 ], [ 121.059598960744111, 24.928526306691857 ], [ 121.05943508957715, 24.928359093887043 ], [ 121.05927629230942, 24.928187055201793 ], [ 121.059122710992554, 24.928010344532741 ], [ 121.05897448301215, 24.927829119955824 ], [ 121.058831740965061, 24.927643543584896 ], [ 121.058694612540734, 24.927453781426667 ], [ 121.058563220406938, 24.927260003232252 ], [ 121.041137273358345, 24.897957827516166 ], [ 121.041010053253459, 24.897764896931815 ], [ 121.040877045543766, 24.897575909856528 ], [ 121.040738372379764, 24.897391039850703 ], [ 121.040594161115024, 24.897210456693738 ], [ 121.040444544189072, 24.897034326228102 ], [ 121.040289659005822, 24.89686281020704 ], [ 121.040129647807518, 24.896696066146038 ], [ 121.039964657543919, 24.896534247178128 ], [ 121.039794839737397, 24.896377501913285 ], [ 121.039620350343853, 24.896225974301924 ], [ 121.039441349609433, 24.896079803502737 ], [ 121.039258001923315, 24.895939123754857 ], [ 121.039070475666875, 24.895804064254595 ], [ 121.038878943058933, 24.89567474903679 ], [ 121.038683579997624, 24.895551296860869 ], [ 121.038484565898884, 24.895433821101857 ], [ 121.038282083531598, 24.895322429646136 ], [ 121.038076318849903, 24.895217224792511 ], [ 121.037867460822241, 24.895118303158128 ], [ 121.022458224499374, 24.889331898221482 ], [ 121.021244282120705, 24.88874252678006 ], [ 121.019952020878904, 24.887885254152486 ], [ 120.998023962931782, 24.869643344127258 ], [ 120.994413952833909, 24.866461531502665 ], [ 120.99428408235039, 24.866355338558236 ], [ 120.994158637705567, 24.86624395218103 ], [ 120.994037826433058, 24.866127556646887 ], [ 120.993921848401015, 24.866006344518681 ], [ 120.993810895481644, 24.865880516327806 ], [ 120.993705151233613, 24.865750280242345 ], [ 120.993604790598582, 24.865615851722779 ], [ 120.99350997961146, 24.865477453165482 ], [ 120.993420875126077, 24.865335313534768 ], [ 120.993337624555394, 24.865189667984136 ], [ 120.993260365627805, 24.86504075746722 ], [ 120.993189226159259, 24.864888828339144 ], [ 120.993124323841755, 24.864734131949007 ], [ 120.993065766048574, 24.864576924224021 ], [ 120.993013649656774, 24.864417465246081 ], [ 120.992968060886952, 24.864256018821525 ], [ 120.992929075160333, 24.864092852044713 ], [ 120.992896756974304, 24.863928234856072 ], [ 120.992871159795612, 24.863762439595654 ], [ 120.992852325971697, 24.863595740552391 ], [ 120.992840286661036, 24.863428413510547 ], [ 120.992835061781207, 24.863260735293206 ], [ 120.992836659976192, 24.863092983304497 ], [ 120.992845078601917, 24.862925435070625 ], [ 120.992860303730822, 24.862758367780629 ], [ 120.992882310174636, 24.862592057827911 ], [ 120.992911061526314, 24.862426780352987 ], [ 120.992946510220023, 24.862262808788223 ], [ 120.992988597610079, 24.8621004144055 ], [ 120.993037254067744, 24.86193986586747 ], [ 120.993110335623257, 24.861771689833546 ], [ 120.99318973642896, 24.861606403402746 ], [ 120.993275342468749, 24.861444243919244 ], [ 120.993367030816103, 24.86128544423692 ], [ 120.993464669810535, 24.8611302323852 ], [ 120.993568119246703, 24.86097883124156 ], [ 120.993677230575756, 24.860831458211408 ], [ 120.993791847118558, 24.860688324915962 ], [ 120.993911804290775, 24.860549636888464 ], [ 120.994036929839169, 24.86041559327882 ], [ 120.994167044088869, 24.860286386567807 ], [ 120.994301960201483, 24.860162202290628 ], [ 120.994441484443399, 24.860043218770468 ], [ 120.994585416463835, 24.859929606862522 ], [ 120.994733549582762, 24.859821529708476 ], [ 120.994885671087431, 24.859719142502453 ], [ 120.995041562538034, 24.859622592267975 ], [ 120.995201000081224, 24.859532017647005 ], [ 120.995363754771645, 24.859447548700718 ], [ 120.995529592900695, 24.859369306722837 ], [ 120.995698276332007, 24.859297404065416 ], [ 120.995869562843552, 24.859231943977584 ], [ 120.996043206475434, 24.859173020457142 ], [ 120.996218957882888, 24.859120718115683 ], [ 121.003351475325275, 24.856566778194129 ], [ 121.004040904706713, 24.856364330398019 ], [ 121.004785805417626, 24.856154651970293 ], [ 121.005604536040281, 24.855936640829064 ], [ 121.006189820278991, 24.855799720085525 ], [ 121.007115199877703, 24.855482705833559 ], [ 121.007116033167918, 24.855482377632306 ] ], [ [ 121.010781873881939, 24.854038480853919 ], [ 121.007116033167918, 24.855482377632306 ] ], [ [ 121.007116033167918, 24.855482377632306 ], [ 121.008677504400538, 24.854867362414502 ] ], [ [ 121.007116033167918, 24.855482377632306 ], [ 121.007585739761652, 24.855297377095354 ], [ 121.008677504400538, 24.854867362414502 ] ], [ [ 121.008677504400538, 24.854867362414502 ], [ 121.010781873881939, 24.854038480853919 ] ], [ [ 121.008677504400538, 24.854867362414502 ], [ 121.009940211699018, 24.85437000465059 ], [ 121.010781873881939, 24.854038480853919 ] ], [ [ 121.010781873881939, 24.854038480853919 ], [ 121.010781944076427, 24.854038453204616 ], [ 121.011693548630376, 24.85370091014817 ] ], [ [ 121.010781873881939, 24.854038480853919 ], [ 121.011693548630376, 24.85370091014817 ] ], [ [ 121.011693548630376, 24.85370091014817 ], [ 121.01169354913722, 24.853700909960494 ], [ 121.011693549629683, 24.853700909778158 ], [ 121.011693550878306, 24.853700909315812 ], [ 121.011693554294666, 24.853700908050804 ] ], [ [ 121.011693554294666, 24.853700908050804 ], [ 121.012127591292838, 24.853454531947502 ], [ 121.012678929149189, 24.853043914552813 ] ], [ [ 121.011693554294666, 24.853700908050804 ], [ 121.012223311965101, 24.853453917272702 ], [ 121.012678929149189, 24.853043914552813 ] ], [ [ 121.013288373080925, 24.84429250965789 ], [ 121.012592298482843, 24.843351874062595 ], [ 121.012591561783182, 24.843350891729621 ] ], [ [ 121.013288373080925, 24.84429250965789 ], [ 121.012591561783182, 24.843350891729621 ] ], [ [ 121.012678929149189, 24.853043914552813 ], [ 121.01291352003858, 24.852551197116309 ] ], [ [ 121.01291352003858, 24.852551197116309 ], [ 121.013196943813497, 24.851669797838262 ], [ 121.013594743753842, 24.850265654058283 ] ], [ [ 121.01291352003858, 24.852551197116309 ], [ 121.013488238256116, 24.850897085979575 ], [ 121.013594743753842, 24.850265654058283 ] ], [ [ 121.014045251090337, 24.847594761765077 ], [ 121.013898492803108, 24.845794051973062 ], [ 121.013523025056301, 24.844726546035368 ], [ 121.013288373080925, 24.84429250965789 ] ], [ [ 121.013594743753842, 24.850265654058283 ], [ 121.014045251090337, 24.847594761765077 ] ], [ [ 121.013594743753842, 24.850265654058283 ], [ 121.013594746626495, 24.850265643918444 ], [ 121.013594752744822, 24.850265614563362 ], [ 121.014045251090337, 24.847594761765077 ] ], [ [ 121.111914029978067, 24.924998218794741 ], [ 121.090813459769421, 24.934935929327448 ] ], [ [ 121.090813459769421, 24.934935929327448 ], [ 121.101364168860741, 24.929967447721328 ], [ 121.111914029978067, 24.924998218794741 ] ], [ [ 121.177689460693642, 24.914510973182963 ], [ 121.177671261772957, 24.914501368011969 ], [ 121.177454604638456, 24.914394736310843 ], [ 121.177235020317099, 24.914294270598134 ], [ 121.177012684247899, 24.914200051141872 ], [ 121.176787774068316, 24.914112153219609 ], [ 121.176560469472548, 24.914030647058205 ], [ 121.176330952067687, 24.913955597777804 ], [ 121.176099405228911, 24.913887065339733 ], [ 121.175866013952742, 24.913825104498635 ], [ 121.175630964709427, 24.913769764758726 ], [ 121.175394445293691, 24.913721090334192 ], [ 121.175156644675056, 24.913679120113951 ], [ 121.174917752846554, 24.913643887630506 ], [ 121.174677960673094, 24.913615421033178 ], [ 121.174437459738925, 24.913593743065633 ], [ 121.174196442194543, 24.913578871047687 ], [ 121.173955100603251, 24.913570816861483 ], [ 121.144185317534905, 24.914332915042028 ], [ 121.144024902970159, 24.914337223215 ], [ 121.143864810531795, 24.914348259705097 ], [ 121.143705322303106, 24.914366005065986 ], [ 121.143546719302648, 24.914390428030302 ], [ 121.143389280989368, 24.91442148556472 ], [ 121.14323328476992, 24.914459122945797 ], [ 121.143079005510046, 24.914503273856369 ], [ 121.142926715050152, 24.914553860502437 ], [ 121.142776681726403, 24.914610793750178 ], [ 121.142629169897887, 24.914673973283112 ], [ 121.142484439480796, 24.914743287778727 ], [ 121.142342745490467, 24.9148186151047 ], [ 121.142204337592077, 24.914899822534135 ], [ 121.142069459660647, 24.914986766979318 ], [ 121.141938349351435, 24.915079295243938 ], [ 121.138759480679283, 24.917455339426702 ], [ 121.138334428545235, 24.917718630431789 ], [ 121.12767604578805, 24.92196777611338 ], [ 121.127218914247663, 24.922092103448247 ], [ 121.112791201245244, 24.924781108135551 ], [ 121.111914029978067, 24.924998218794741 ] ], [ [ 121.61113043299224, 23.973892423308722 ], [ 121.608913488054029, 23.976768084994553 ], [ 121.608619863307425, 23.97695919179559 ], [ 121.60845474979341, 23.977066656073426 ], [ 121.608349920801217, 23.97713488393309 ], [ 121.607645461735217, 23.977631139639637 ], [ 121.607081894482405, 23.977890054893074 ], [ 121.606260025572084, 23.978105817202309 ], [ 121.605555566506098, 23.978192122023678 ], [ 121.604851107440098, 23.978127393413139 ], [ 121.596209742897159, 23.976401284999966 ], [ 121.595246982173634, 23.976142366720925 ], [ 121.594589487045354, 23.975797141530368 ], [ 121.591663945330851, 23.973779353304021 ], [ 121.573050557028822, 23.961010149390585 ], [ 121.565832506470258, 23.956128445031645 ], [ 121.564675598961429, 23.955345939804353 ], [ 121.54536085921913, 23.94227917706052 ], [ 121.542999601445374, 23.940773503048586 ], [ 121.542248178441639, 23.940147608120323 ], [ 121.541543719375639, 23.939456961878534 ], [ 121.541168007873765, 23.938787894767728 ], [ 121.534822658064499, 23.924801431049307 ], [ 121.534196472228075, 23.923343220444199 ], [ 121.530856940269871, 23.912693892168342 ], [ 121.529318058671961, 23.907785962879558 ], [ 121.523431456847064, 23.887120012134137 ], [ 121.522927588458401, 23.885405770791277 ], [ 121.522322946392023, 23.884293818180204 ], [ 121.511046091922623, 23.869026658579305 ], [ 121.496333713489591, 23.848632724092294 ], [ 121.476104437501363, 23.8212235728157 ], [ 121.475307301964619, 23.820123557201367 ], [ 121.472879772146726, 23.817405615878059 ], [ 121.470575662877479, 23.815009401962374 ], [ 121.469618312939019, 23.814221337121968 ], [ 121.46830825512852, 23.813618696038702 ], [ 121.466796649962589, 23.813340553046164 ], [ 121.464932336924534, 23.813386910253428 ], [ 121.458835529421847, 23.816121955854079 ], [ 121.458509598905763, 23.816177299076497 ], [ 121.457385282236402, 23.816192853632245 ], [ 121.456592468593527, 23.816148286179398 ], [ 121.455643099930356, 23.815939423506801 ], [ 121.454693731267184, 23.815692585364708 ], [ 121.45393010864683, 23.815198907656576 ], [ 121.453228401374034, 23.81453433851302 ], [ 121.449430926721405, 23.809027776127756 ], [ 121.449141988432615, 23.808325197732721 ], [ 121.448997519288199, 23.807508682876577 ], [ 121.449286457576989, 23.806559240469277 ], [ 121.449987522764744, 23.80527136337259 ], [ 121.451566114424409, 23.802995838458134 ], [ 121.457732169621622, 23.793097501883246 ], [ 121.458209147114204, 23.792017125672448 ], [ 121.458612743454111, 23.790869215996771 ], [ 121.458759505759517, 23.789890108465432 ], [ 121.458796196335896, 23.788472077437774 ], [ 121.457783128751203, 23.782457463751076 ], [ 121.454879599612042, 23.765067054417507 ], [ 121.454587379555051, 23.763645447767402 ], [ 121.454044685163467, 23.76210855804673 ], [ 121.446470201042004, 23.746296326783256 ], [ 121.443160496735672, 23.739523425467929 ], [ 121.439851139537467, 23.732750442289952 ], [ 121.439057970811305, 23.731251615511937 ], [ 121.438431784974867, 23.729368449467831 ], [ 121.437638616248677, 23.727062494390999 ], [ 121.437233048206139, 23.726253555576413 ], [ 121.436771373912634, 23.725844257044191 ], [ 121.436087411996354, 23.725560895760648 ], [ 121.435403450080088, 23.725419214885314 ], [ 121.430119844276803, 23.724569126363473 ], [ 121.42947008045634, 23.724427444398216 ], [ 121.429008406162865, 23.724222792395704 ], [ 121.428632227108892, 23.723923685038457 ], [ 121.428358642342374, 23.723671804620455 ], [ 121.418950147552721, 23.712124817876163 ], [ 121.415267185108377, 23.70762553159679 ], [ 121.413591813852605, 23.705578682874826 ], [ 121.411584476345553, 23.70312615153135 ], [ 121.410695325854363, 23.701976757823939 ], [ 121.403827920738664, 23.695040815545674 ], [ 121.403347010016262, 23.694524147723659 ], [ 121.402946251080948, 23.694056684579248 ], [ 121.402812664769158, 23.693441598915818 ], [ 121.402972968343306, 23.692924924694051 ], [ 121.403266858229216, 23.692605077711118 ], [ 121.406347692544571, 23.688410088174724 ], [ 121.406633233285973, 23.687981047472583 ], [ 121.406798546346792, 23.68763504586812 ], [ 121.406888717107236, 23.68717832233083 ], [ 121.407099115548291, 23.686015746038741 ], [ 121.407118365160869, 23.685959835799103 ], [ 121.407196800745339, 23.685732020195569 ], [ 121.407294485529263, 23.685448294286218 ], [ 121.407482341566578, 23.685247609489767 ], [ 121.407670197031138, 23.685046924468146 ], [ 121.409268504580197, 23.683642248686208 ], [ 121.409908296505378, 23.683186078709127 ], [ 121.410321065489356, 23.682996007409894 ], [ 121.410837026719335, 23.68278692865773 ], [ 121.4113736263985, 23.682748914302788 ], [ 121.411868949179279, 23.682691892749414 ], [ 121.412322995061672, 23.682425791834177 ], [ 121.413685132708821, 23.68138039007486 ], [ 121.414097901692813, 23.681171308707818 ], [ 121.414696416719579, 23.680962227002407 ], [ 121.415315570195574, 23.681000241883112 ], [ 121.415831531425525, 23.681209323527007 ], [ 121.416471323350706, 23.681399397455092 ], [ 121.417069838377486, 23.681475426948008 ], [ 121.41760643805668, 23.681361382691826 ], [ 121.417936653243856, 23.681133293877476 ], [ 121.418266868431061, 23.680753144958601 ], [ 121.418512878745574, 23.679805808985758 ], [ 121.419411064054756, 23.676022478246658 ], [ 121.419648818989529, 23.675304727759606 ], [ 121.420097911644092, 23.674684296160031 ], [ 121.421260269102987, 23.67356507868239 ], [ 121.421828239224993, 23.672762155825197 ], [ 121.422184871627181, 23.671886234291811 ], [ 121.422211288842135, 23.671058969614997 ], [ 121.422092411374749, 23.669915389137078 ], [ 121.42119656078566, 23.666371243691131 ], [ 121.415320970308528, 23.646532708624235 ], [ 121.412570963811845, 23.637245285537709 ], [ 121.412067882717565, 23.636003347732611 ], [ 121.411536459026394, 23.635268950520935 ], [ 121.410739323489693, 23.634656949662332 ], [ 121.391351428393449, 23.619046327005705 ], [ 121.390520423453481, 23.618260778032674 ], [ 121.390123627097381, 23.617451197977548 ], [ 121.389896886322504, 23.61640657107754 ], [ 121.389102943697537, 23.605568715013518 ], [ 121.388489455945958, 23.599324450098152 ], [ 121.388166980177218, 23.598016857348469 ], [ 121.387747761677858, 23.596857843662871 ], [ 121.381139023892331, 23.585711095231279 ], [ 121.380709844116453, 23.584836299646298 ], [ 121.380406046144202, 23.583765001013095 ], [ 121.379690402270825, 23.580318894640129 ], [ 121.378405137258326, 23.573575125720485 ], [ 121.37797674588515, 23.571327198712972 ], [ 121.377686517693277, 23.569722077720364 ], [ 121.377622022539583, 23.56128000377084 ], [ 121.377557527385846, 23.560477383675149 ], [ 121.377364041924579, 23.560031481479591 ], [ 121.375719415504051, 23.556820940499446 ], [ 121.375364692158414, 23.556137203934405 ], [ 121.375316320685315, 23.555854789662646 ], [ 121.375267949427808, 23.555572375362978 ], [ 121.375443295627036, 23.554682393783885 ], [ 121.376440955036557, 23.549749295611324 ], [ 121.37656792987049, 23.54877937632045 ], [ 121.377277345070013, 23.52737509796205 ], [ 121.377212577807697, 23.525437413414494 ], [ 121.375991964017047, 23.515583165835718 ], [ 121.375717948676325, 23.512826599443574 ], [ 121.375593396248703, 23.511264519252421 ], [ 121.375693038190803, 23.50940378163158 ], [ 121.37681225004971, 23.497434765505002 ], [ 121.377041318219725, 23.49448533334575 ], [ 121.377041318218701, 23.494465744632496 ], [ 121.377041318219725, 23.493551976153896 ], [ 121.376807782417927, 23.49276220715582 ], [ 121.37630178818074, 23.491757039692057 ], [ 121.372031196818924, 23.485257726998501 ], [ 121.371184240311138, 23.484177827483684 ], [ 121.370187820890209, 23.48351150204499 ], [ 121.369540148266609, 23.483074942152857 ], [ 121.360821478333591, 23.479444545390962 ], [ 121.359949611340269, 23.479007971884986 ], [ 121.35897810240489, 23.478456508525596 ], [ 121.358305519295769, 23.477721220419639 ], [ 121.357782399099733, 23.476802104458564 ], [ 121.354128529083312, 23.470389558582308 ], [ 121.353703390130391, 23.469762074193035 ], [ 121.353363278968047, 23.469500621473603 ], [ 121.35254134365907, 23.469003859863498 ], [ 121.351832778737517, 23.468742405624941 ], [ 121.350047195135218, 23.467958039766252 ], [ 121.349423658004255, 23.467565855069001 ], [ 121.348630065292141, 23.46696450291083 ], [ 121.347864815176862, 23.466284710178019 ], [ 121.347553046611381, 23.465526475644946 ], [ 121.344151934988005, 23.455407544952198 ], [ 121.344123592225358, 23.455050185854496 ], [ 121.344066907197401, 23.45433546758926 ], [ 121.344236962778567, 23.453263381424804 ], [ 121.344463703553473, 23.452557368656421 ], [ 121.344945527700119, 23.451040735729809 ], [ 121.345937518590247, 23.447092177743006 ], [ 121.346249287155729, 23.446229231958842 ], [ 121.346731111302404, 23.445183229426551 ], [ 121.348346639323509, 23.442829693108369 ], [ 121.348856806067019, 23.442202076263346 ], [ 121.349905482150902, 23.441182192460417 ], [ 121.35003302404823, 23.440959908900197 ], [ 121.350160565522657, 23.440737625234572 ], [ 121.350188908169258, 23.440489189719298 ], [ 121.350217250716383, 23.440240754192263 ], [ 121.350316450384724, 23.439416987614827 ], [ 121.350415648894412, 23.438593220902384 ], [ 121.350358963700685, 23.437730218984832 ], [ 121.349905482150902, 23.436134958012872 ], [ 121.345266953739156, 23.424925481007218 ], [ 121.33830239942084, 23.408240795360108 ], [ 121.337953652623511, 23.40766604308714 ], [ 121.337455442913054, 23.406976337027796 ], [ 121.336558665434211, 23.406263636948172 ], [ 121.325149663064678, 23.397389046461214 ], [ 121.324417917552466, 23.396446373269264 ], [ 121.324076519348395, 23.395477022246631 ], [ 121.323773607844444, 23.394196805725535 ], [ 121.323709837001502, 23.393461043441107 ], [ 121.323757665133726, 23.393034299422172 ], [ 121.324028691216213, 23.392475115499487 ], [ 121.326868486565857, 23.388697802360248 ], [ 121.327466338218386, 23.387801053877382 ], [ 121.327690532588107, 23.387249205606011 ], [ 121.327864905986786, 23.386559391997775 ], [ 121.327889816472307, 23.385869574757379 ], [ 121.327715443073643, 23.385133765697596 ], [ 121.326889194043801, 23.380842690495928 ], [ 121.322213923423348, 23.356070781840181 ], [ 121.322008667347532, 23.355123240767202 ], [ 121.321563945850016, 23.354175692851239 ], [ 121.320811340238834, 23.353196552815991 ], [ 121.318416686021351, 23.350259088873091 ], [ 121.317800917794031, 23.349658953742111 ], [ 121.317287777604577, 23.348648193634116 ], [ 121.313062388856991, 23.338857039306163 ], [ 121.312892009595473, 23.338331072607609 ], [ 121.312721631699887, 23.337805105673972 ], [ 121.312429315511224, 23.335742088195438 ], [ 121.31183048851652, 23.332313673537829 ], [ 121.310946854840282, 23.328550194438268 ], [ 121.310800696745957, 23.327451130413241 ], [ 121.310884215657026, 23.326583441793563 ], [ 121.311093012934634, 23.325908568905369 ], [ 121.311656765584189, 23.325272257007214 ], [ 121.312387556055796, 23.32486732964939 ], [ 121.313160105982959, 23.324635942027491 ], [ 121.315039281481461, 23.324192447946626 ], [ 121.333598749494996, 23.32021057534676 ], [ 121.334123352655013, 23.320046670015195 ], [ 121.334645345849012, 23.319718858738803 ], [ 121.33512557958754, 23.31919821561933 ], [ 121.335564053870499, 23.318561871227981 ], [ 121.335772851148121, 23.318002656946778 ], [ 121.335960768697973, 23.317347023380318 ], [ 121.336086047064555, 23.315611506977643 ], [ 121.336371838338323, 23.31346136321217 ], [ 121.336371838338323, 23.312617687330068 ], [ 121.336241340039791, 23.311412426678313 ], [ 121.335947718868169, 23.310177023043945 ], [ 121.3336677790209, 23.303998357402765 ], [ 121.332995847356074, 23.301957978928197 ], [ 121.332661771711898, 23.300877978361061 ], [ 121.3325991325286, 23.300241545303308 ], [ 121.332682651439683, 23.296384309380127 ], [ 121.332640891984155, 23.295304263056774 ], [ 121.332494733889831, 23.294590656157926 ], [ 121.332098019062371, 23.293857758557838 ], [ 121.331617785323871, 23.293240578465415 ], [ 121.321129202078694, 23.279531148174161 ], [ 121.320689707009024, 23.278953679152401 ], [ 121.320072038262438, 23.278405012652669 ], [ 121.312220518234014, 23.272947028181434 ], [ 121.311737964525761, 23.272672682705515 ], [ 121.310847096141302, 23.27222687008846 ], [ 121.307076591354658, 23.270919131715448 ], [ 121.304986666952217, 23.270065000431046 ], [ 121.303917624890857, 23.269516296903525 ], [ 121.302824826339233, 23.268989539367073 ], [ 121.302064618651144, 23.268396934621119 ], [ 121.301256897982583, 23.267584842306785 ], [ 121.300900550628782, 23.266904436784319 ], [ 121.293438043128205, 23.250277306904227 ], [ 121.293067560662763, 23.249485737379043 ], [ 121.292748273433773, 23.249064267473731 ], [ 121.292124903129562, 23.248530403659917 ], [ 121.291440716210261, 23.248038685077315 ], [ 121.284362202811081, 23.243411757581448 ], [ 121.283549152241932, 23.242868254662824 ], [ 121.282718802724517, 23.242148909121408 ], [ 121.282026844793293, 23.241349631696991 ], [ 121.281628968982886, 23.24058232081364 ], [ 121.281334886862126, 23.239671133343215 ], [ 121.279368618123684, 23.229675195992179 ], [ 121.279125351663481, 23.228930486435022 ], [ 121.278669227050656, 23.227665875675388 ], [ 121.277950272878812, 23.225920457776493 ], [ 121.276574432532414, 23.221879736629532 ], [ 121.276141958825406, 23.220855504274798 ], [ 121.276060870005338, 23.219706356078781 ], [ 121.275952751578586, 23.218207452099598 ], [ 121.276006810791955, 23.217208173329048 ], [ 121.27599816131783, 23.216562635223607 ], [ 121.275900854733749, 23.216112955112386 ], [ 121.275522440240152, 23.21514663733814 ], [ 121.269357527546916, 23.200194292384577 ], [ 121.268071744773948, 23.197117109356185 ], [ 121.267894603543567, 23.196716837454609 ], [ 121.267599368159594, 23.196371147109797 ], [ 121.267087626827347, 23.195970872949701 ], [ 121.251868789515669, 23.184228958511504 ], [ 121.251180169384511, 23.183699739139943 ], [ 121.250844257125394, 23.183389193779757 ], [ 121.250575527318119, 23.182892319687166 ], [ 121.248579648641396, 23.179303836996976 ], [ 121.239831933564531, 23.163977368342962 ], [ 121.239351579034036, 23.163299915273342 ], [ 121.239064933906278, 23.162571055345829 ], [ 121.23902193713711, 23.161855443514021 ], [ 121.239179591957381, 23.161086819091064 ], [ 121.239400846165353, 23.16032398807091 ], [ 121.239781546725681, 23.159495719229973 ], [ 121.239960699930535, 23.159019462300911 ], [ 121.24007267068356, 23.158543203659278 ], [ 121.240039527340741, 23.157932761817857 ], [ 121.239853208007702, 23.157124356894741 ], [ 121.236340212719696, 23.142218783295711 ], [ 121.235856100948354, 23.140663629837231 ], [ 121.235295550476295, 23.139084894786315 ], [ 121.234913356972584, 23.138283738464885 ], [ 121.234454724768185, 23.137482577302087 ], [ 121.233868694729182, 23.136704975073144 ], [ 121.233395388015438, 23.136297443662642 ], [ 121.233129787288732, 23.136068751675516 ], [ 121.219343411603987, 23.126347431483222 ], [ 121.214461227106455, 23.122938598939484 ], [ 121.213386307877329, 23.122275797376794 ], [ 121.212430824118115, 23.122091685243998 ], [ 121.187508622731727, 23.121060652579072 ], [ 121.186513327149228, 23.120913361544357 ], [ 121.185637467036585, 23.120545133242238 ], [ 121.184044994104553, 23.119735027380646 ], [ 121.176958489556981, 23.115279356740647 ], [ 121.176204553153184, 23.114367951135733 ], [ 121.175487940333753, 23.113083687161108 ], [ 121.175107239773453, 23.112027267157931 ], [ 121.174816115815545, 23.111198696566674 ], [ 121.174838509966179, 23.110722266134921 ], [ 121.175017663171033, 23.110017974538579 ], [ 121.176954314341458, 23.10279916475444 ], [ 121.177321573385498, 23.101292734706057 ], [ 121.177808870102723, 23.099317254190066 ], [ 121.177966524922979, 23.09868085152506 ], [ 121.17803818620493, 23.098163772114603 ], [ 121.178081182974097, 23.097262192943543 ], [ 121.177808446713314, 23.091421512526633 ], [ 121.177710034918618, 23.090292570510968 ], [ 121.17637163451127, 23.080495864540925 ], [ 121.176253540357678, 23.080022399493881 ], [ 121.176056716768343, 23.079221147111582 ], [ 121.175682751948642, 23.078073890975713 ], [ 121.170629306293023, 23.064217259948595 ], [ 121.170352523120513, 23.063363551396421 ], [ 121.169891217833083, 23.062452922903308 ], [ 121.16939915885979, 23.061542288178174 ], [ 121.164909120724587, 23.046838469218326 ], [ 121.16295818378363, 23.040898377346611 ], [ 121.162802493249131, 23.039937786597669 ], [ 121.162871689042234, 23.038977188921649 ], [ 121.163079276421584, 23.038496887486016 ], [ 121.163390657490638, 23.038144665332656 ], [ 121.163719814190188, 23.037419673937194 ], [ 121.163845781287336, 23.036976658699217 ], [ 121.164072522062213, 23.036323791452816 ], [ 121.164135505610801, 23.036020673429512 ], [ 121.164135505610801, 23.035705896290743 ], [ 121.164047328642781, 23.035134632176458 ], [ 121.163420642334415, 23.032375916662385 ], [ 121.163125406950456, 23.031738329013852 ], [ 121.162731759771816, 23.031064304468348 ], [ 121.16239715966995, 23.030408493530324 ], [ 121.161885418337732, 23.029279033794243 ], [ 121.161570500594848, 23.028623214071118 ], [ 121.1612949475698, 23.028240651075691 ], [ 121.158362276088965, 23.026455342578224 ], [ 121.157948946551386, 23.026090990967237 ], [ 121.156846734451207, 23.025216543037526 ], [ 121.156256263683318, 23.024815752485992 ], [ 121.155587063479615, 23.024524267691621 ], [ 121.155035957429533, 23.024524267691625 ], [ 121.154347074866934, 23.024651792367585 ], [ 121.153756604098973, 23.024724663556217 ], [ 121.153185815689952, 23.024560703325779 ], [ 121.152851215588115, 23.02437852505544 ], [ 121.152319791896957, 23.023904860387407 ], [ 121.152024556512984, 23.023449412004105 ], [ 121.151945827077242, 23.022666037145054 ], [ 121.15186955793645, 23.018991628813531 ], [ 121.151768685846918, 23.018512251682019 ], [ 121.151237262155746, 23.016763250669218 ], [ 121.150843614977106, 23.016034493477008 ], [ 121.150607426669936, 23.015615456288224 ], [ 121.150194097132356, 23.014923131091656 ], [ 121.150052384148083, 23.014544172619971 ], [ 121.149939013760644, 23.0141477226048 ], [ 121.1499768038898, 23.013716290366954 ], [ 121.150165754535522, 23.013156592411253 ], [ 121.151033922625388, 23.010609308335361 ], [ 121.151237262155874, 23.009748797406189 ], [ 121.151315991591588, 23.009347960363868 ], [ 121.151315991591588, 23.008983562007554 ], [ 121.151276626873738, 23.007817480578616 ], [ 121.15115853272016, 23.005448846299306 ], [ 121.151197897437996, 23.004811129885773 ], [ 121.151256944514799, 23.004282733977096 ], [ 121.151512815180922, 23.003681453328927 ], [ 121.151965509436337, 23.003116611464122 ], [ 121.152634709640026, 23.00244244223763 ], [ 121.1533039098437, 23.001695385873518 ], [ 121.153599145227687, 23.001294524637018 ], [ 121.153756604099115, 23.000948325327439 ], [ 121.153874698252707, 23.000511019652716 ], [ 121.153953427688421, 22.999946164368811 ], [ 121.153992792406328, 22.998597790478371 ], [ 121.153815651175918, 22.998142255680296 ], [ 121.15354009815087, 22.997777826722473 ], [ 121.152969309741863, 22.997267624509963 ], [ 121.152339474256053, 22.99670275549995 ], [ 121.152004874154244, 22.996101440701342 ], [ 121.151945827077441, 22.995591232081413 ], [ 121.151965509436366, 22.995044577824697 ], [ 121.152319791897128, 22.994315702000296 ], [ 121.153441686356203, 22.993422823692185 ], [ 121.153736921740204, 22.993058381850332 ], [ 121.153968953133173, 22.992635044957858 ], [ 121.154017324498483, 22.99244098594469 ], [ 121.15408181965222, 22.991948373336811 ], [ 121.154097943440675, 22.991545325305751 ], [ 121.153562692499506, 22.985271772167529 ], [ 121.153547555919786, 22.984467943340963 ], [ 121.153530256971493, 22.983811262651969 ], [ 121.153651349609447, 22.983250679021587 ], [ 121.153820812893528, 22.982697337385044 ], [ 121.156118487171071, 22.979081286699579 ], [ 121.156649910862214, 22.978334099622529 ], [ 121.156905781528337, 22.977823823119817 ], [ 121.157102605117657, 22.97711307760051 ], [ 121.157260063989099, 22.976384103909666 ], [ 121.159773255195276, 22.964780357593707 ], [ 121.15980400888111, 22.964182316475306 ], [ 121.159773255195276, 22.963043183134939 ], [ 121.159650240451953, 22.961277507277384 ], [ 121.159044029772616, 22.95562597152334 ], [ 121.158266324589633, 22.948831679098173 ], [ 121.158185134859067, 22.948133311362618 ], [ 121.158199656066145, 22.94297494323952 ], [ 121.158199656066145, 22.942394208280636 ], [ 121.158087685313106, 22.941979396052925 ], [ 121.157863743807056, 22.941460878960374 ], [ 121.157572619849148, 22.941046063840012 ], [ 121.145454597543278, 22.931188019078316 ], [ 121.144977620050739, 22.930568749826421 ], [ 121.144733016208363, 22.930024998853803 ], [ 121.144521026211677, 22.929345307033277 ], [ 121.144537333134494, 22.928650507384599 ], [ 121.144553640057296, 22.926853074178368 ], [ 121.144830857745347, 22.924738415994653 ], [ 121.144749323131222, 22.9242097462324 ], [ 121.144618867748633, 22.923756599061228 ], [ 121.144260115446528, 22.923363870272944 ], [ 121.143787214684593, 22.923031560398972 ], [ 121.143298006999899, 22.922729459798198 ], [ 121.141553166257722, 22.921505945398437 ], [ 121.141035258388811, 22.921043121729941 ], [ 121.140711729039964, 22.920666094478822 ], [ 121.140409072552359, 22.920086050482276 ], [ 121.139725771718773, 22.918655755483201 ], [ 121.139413901819779, 22.918120453032412 ], [ 121.137498503245325, 22.91448111634493 ], [ 121.137291917205957, 22.9140180893231 ], [ 121.137165950108809, 22.913633010188342 ], [ 121.137140756689391, 22.913399628356071 ], [ 121.13711556326993, 22.913142907871183 ], [ 121.137346146220366, 22.912144535057433 ], [ 121.138483093568567, 22.899947396352175 ], [ 121.138640552439995, 22.898670954203102 ], [ 121.138896423106118, 22.897668026849423 ], [ 121.139939588129579, 22.895698620406673 ], [ 121.140490694179675, 22.89473214185357 ], [ 121.14074656484577, 22.894112133077737 ], [ 121.140884341358301, 22.893638006786293 ], [ 121.141100847306546, 22.89289034269131 ], [ 121.141140212024396, 22.891850900319142 ], [ 121.141022117870818, 22.884738710158448 ], [ 121.140982753152969, 22.884027470410846 ], [ 121.140825294281512, 22.883608019562111 ], [ 121.140667835410056, 22.883279752766136 ], [ 121.140372600026055, 22.882969722277199 ], [ 121.139841176334912, 22.882732639655398 ], [ 121.139053881977645, 22.882513793786689 ], [ 121.137912305159603, 22.882276710359601 ], [ 121.133221291691456, 22.881698247836667 ], [ 121.128226654003285, 22.881164876680746 ], [ 121.125678950241451, 22.880928860322722 ], [ 121.12517728074134, 22.880992976117312 ], [ 121.124519920706689, 22.881185323317364 ], [ 121.123758766982363, 22.88120135223825 ], [ 121.122098067947505, 22.881009005061177 ], [ 121.117894423515494, 22.88140972803572 ], [ 121.116891084515274, 22.881409728035724 ], [ 121.113915665411128, 22.881473843600656 ], [ 121.113566226655863, 22.881477690533554 ], [ 121.113410536121364, 22.881535394514149 ], [ 121.112805289168449, 22.881822471448881 ], [ 121.112571753366652, 22.881858536347018 ], [ 121.112192257688775, 22.881876568792467 ], [ 121.111832223327696, 22.881930666114226 ], [ 121.111588956867521, 22.882029844480844 ], [ 121.111267845140063, 22.882237217192454 ], [ 121.110791042878191, 22.882624913141729 ], [ 121.11009043547287, 22.882841301091585 ], [ 121.109097908315306, 22.883084737118228 ], [ 121.10860164473651, 22.883030640261577 ], [ 121.108368108934741, 22.882922446482873 ], [ 121.108163765108188, 22.882769171813738 ], [ 121.107949690623201, 22.882507702856557 ], [ 121.107516068157992, 22.882088449844897 ], [ 121.107348822466605, 22.881863044458619 ], [ 121.107151168467695, 22.881736253762512 ], [ 121.106862289546228, 22.881665814435152 ], [ 121.106284531703281, 22.881482672011014 ], [ 121.106041265243093, 22.881341793053181 ], [ 121.105843611244211, 22.881158650186968 ], [ 121.105600344784008, 22.880862803490622 ], [ 121.104855341249689, 22.880102051848951 ], [ 121.10459687063576, 22.880003435579749 ], [ 121.10241970871057, 22.879096706458867 ], [ 121.102079108151457, 22.878857285704385 ], [ 121.101832466367298, 22.87855256776297 ], [ 121.101621059123701, 22.87809548955406 ], [ 121.101552417018738, 22.87696715268476 ], [ 121.101445512812603, 22.876484240180499 ], [ 121.101311882554938, 22.87601370837745 ], [ 121.101004532962293, 22.875605087316004 ], [ 121.100470011931606, 22.87480022401256 ], [ 121.100309655622468, 22.874230625528771 ], [ 121.100162662339045, 22.873933442751969 ], [ 121.098853085813843, 22.871729316629796 ], [ 121.098666003453104, 22.871308299660036 ], [ 121.098639277401574, 22.871073024896177 ], [ 121.098639277401574, 22.870862515547582 ], [ 121.098759544633481, 22.870614857067945 ], [ 121.098906537916903, 22.870404347001198 ], [ 121.098959990019992, 22.870206219578151 ], [ 121.099053531200354, 22.869921410895451 ], [ 121.099053531200354, 22.869735665776997 ], [ 121.099053531200354, 22.869488005219477 ], [ 121.098986716071536, 22.869128896599925 ], [ 121.098852551292836, 22.868414639084747 ], [ 121.098835446619844, 22.868161032173958 ], [ 121.098826894283363, 22.867740994674676 ], [ 121.098903865311797, 22.867217927273281 ], [ 121.099040168174625, 22.866738942364393 ], [ 121.099053531200383, 22.866429359689352 ], [ 121.099013442123095, 22.865797808819998 ], [ 121.098919900942718, 22.865525374194974 ], [ 121.098732818581979, 22.865203405289478 ], [ 121.098532373195468, 22.864943352917855 ], [ 121.098158208473976, 22.864509931179832 ], [ 121.097864221907116, 22.864311795062434 ], [ 121.097062440361086, 22.864101275117516 ], [ 121.096367563021218, 22.864064124504754 ], [ 121.095873131067819, 22.864002206793995 ], [ 121.095405425165993, 22.863940289054703 ], [ 121.095138164650663, 22.863828837052043 ], [ 121.094817452032217, 22.863618316350347 ], [ 121.093839445583896, 22.86279093583785 ], [ 121.093400971300895, 22.862442645043078 ], [ 121.09310865511226, 22.861997605491403 ], [ 121.092878978106882, 22.861649312640104 ], [ 121.092686316682929, 22.861281762084964 ], [ 121.092674009611827, 22.860640013088439 ], [ 121.09266600488381, 22.858689560955145 ], [ 121.092625915806522, 22.858305655332693 ], [ 121.09258582672922, 22.858070357796205 ], [ 121.092425470420011, 22.857859828072222 ], [ 121.092238388059286, 22.857364462714806 ], [ 121.09217157293044, 22.857141547708252 ], [ 121.091808468959272, 22.847944872961023 ], [ 121.091837601684929, 22.847424164592542 ], [ 121.091955050153572, 22.846890782967684 ], [ 121.092899857834766, 22.844968898296614 ], [ 121.093150414567916, 22.844330279814788 ], [ 121.093254813206698, 22.843885180291515 ], [ 121.093192174023443, 22.843207852103397 ], [ 121.093129534840145, 22.841698365583007 ], [ 121.093025136201348, 22.840982321180956 ], [ 121.092878978107024, 22.84055656324276 ], [ 121.092544902462862, 22.840014687554099 ], [ 121.091605314713632, 22.838756753432143 ], [ 121.091229479613929, 22.838098752436011 ], [ 121.091083321519605, 22.837460101332255 ], [ 121.091020682336335, 22.836589208577163 ], [ 121.091083321519605, 22.836163436733802 ], [ 121.091250359341686, 22.835660250090729 ], [ 121.092440503824093, 22.833124934913226 ], [ 121.092732820012728, 22.832312075658347 ], [ 121.093087775384689, 22.831402441622298 ], [ 121.093338332117838, 22.830666988331494 ], [ 121.093463610484392, 22.830125072808308 ], [ 121.093463610484392, 22.829815405815204 ], [ 121.093400971301108, 22.829389612536211 ], [ 121.093108655112459, 22.828615439486462 ], [ 121.092674913567777, 22.827248325023916 ], [ 121.092461105155536, 22.826918006478518 ], [ 121.092104757801735, 22.826587687122437 ], [ 121.091843436408951, 22.826257366955669 ], [ 121.090156725601005, 22.82218335157987 ], [ 121.089776621757025, 22.820267420642342 ], [ 121.08946778738374, 22.819584726018533 ], [ 121.089182709500705, 22.819012140761597 ], [ 121.088802605656682, 22.818769892419851 ], [ 121.088303719361377, 22.818637756777004 ], [ 121.087472242202551, 22.81828539442883 ], [ 121.087139651339001, 22.817844940196874 ], [ 121.086830816965701, 22.817272347541369 ], [ 121.086735791004728, 22.816765821239507 ], [ 121.086854573455966, 22.815995016689545 ], [ 121.087163407829252, 22.815576578086162 ], [ 121.087567268163554, 22.815136114993717 ], [ 121.087994884988092, 22.814783743482515 ], [ 121.088707579695679, 22.814409347741581 ], [ 121.088945144598199, 22.814145067768397 ], [ 121.089135196520232, 22.81339627169465 ], [ 121.089277735461735, 22.812229022453117 ], [ 121.089661180062151, 22.811356138290794 ], [ 121.090560168340758, 22.810899100468358 ], [ 121.091444656808392, 22.810603369286291 ], [ 121.09186515132582, 22.810334522193706 ], [ 121.092091394776119, 22.810184935439068 ], [ 121.092265114111072, 22.8099123881601 ], [ 121.0925056485749, 22.809577897564036 ], [ 121.092679367909852, 22.809144297406984 ], [ 121.09282677630226, 22.808663877304056 ], [ 121.094695514422469, 22.801981175714619 ], [ 121.094925191427848, 22.801245561719043 ], [ 121.095113108977699, 22.800742244566273 ], [ 121.095468064349632, 22.800297000902621 ], [ 121.104624536429185, 22.789629916934008 ], [ 121.113779585596021, 22.778962298559176 ], [ 121.114596214948421, 22.77813620470414 ], [ 121.115078768656687, 22.777378947559967 ], [ 121.115895398009116, 22.775967684267854 ], [ 121.117624065469982, 22.773285624826563 ], [ 121.118146058663996, 22.77262004308901 ], [ 121.118863799305814, 22.772075473771061 ], [ 121.120070908566987, 22.771349377928772 ], [ 121.129169001532844, 22.76571687046312 ], [ 121.142679738783286, 22.757522557604204 ], [ 121.143952097193733, 22.756735868798621 ], [ 121.144441465813117, 22.756160977927284 ], [ 121.144735086984781, 22.755344023532054 ], [ 121.145354953902668, 22.754133711640922 ], [ 121.145713824223563, 22.753407519300399 ], [ 121.146529438589241, 22.752711581310464 ], [ 121.147720518565052, 22.751741466639761 ] ], [ [ 121.178301939618891, 24.914857375680782 ], [ 121.178095104557272, 24.91473278374351 ], [ 121.177884818620328, 24.914614080507096 ], [ 121.177689460693642, 24.914510973182963 ] ], [ [ 121.178301939618891, 24.914857375680782 ], [ 121.177689460693642, 24.914510973182963 ] ], [ [ 121.179899116501275, 24.915760698291095 ], [ 121.178301939618891, 24.914857375680782 ] ], [ [ 121.179899116501275, 24.915760698291095 ], [ 121.178301951573857, 24.914857382882136 ], [ 121.178301939618891, 24.914857375680782 ] ], [ [ 121.515741057417102, 25.048185613362545 ], [ 121.513121883910799, 25.048571274983807 ], [ 121.512301117272258, 25.048493890779131 ], [ 121.511681656051849, 25.048215178343245 ], [ 121.511077683996135, 25.047982922838056 ], [ 121.510675027692784, 25.04770419839749 ], [ 121.510163959631214, 25.047286106591645 ], [ 121.509885176355013, 25.046775086347086 ], [ 121.509699302241373, 25.046155659450978 ], [ 121.509312078283145, 25.045071665811847 ], [ 121.508537600423423, 25.04245458657444 ], [ 121.508026456967954, 25.040906021904476 ], [ 121.506578209821981, 25.03640743950784 ], [ 121.505718613916002, 25.034618862209467 ], [ 121.505362403429572, 25.034154304033262 ], [ 121.504975235266272, 25.033906550584028 ], [ 121.504386745150313, 25.033612350485754 ], [ 121.503612434633027, 25.033503991824634 ], [ 121.503164133540039, 25.033458767201655 ], [ 121.502615729137304, 25.033403444154754 ], [ 121.501872442615777, 25.033328461395747 ], [ 121.501352756967137, 25.033276035497121 ], [ 121.501014508526481, 25.03324191298762 ], [ 121.500700415696983, 25.033221046425929 ], [ 121.500184970494956, 25.033186803144609 ], [ 121.499201488282765, 25.033121466115485 ], [ 121.498641139051173, 25.033067659483464 ], [ 121.498532056439927, 25.033060847944498 ], [ 121.49846278500064, 25.033056522368657 ], [ 121.497108241890388, 25.032948179396964 ], [ 121.496761427145785, 25.03284911141904 ], [ 121.496191656054336, 25.032626196817432 ], [ 121.495869604236617, 25.032390882612713 ], [ 121.494692861928741, 25.031313374767574 ], [ 121.491602375753828, 25.028644385151377 ], [ 121.491057365938019, 25.028260452524115 ], [ 121.490227472225257, 25.027789834383441 ], [ 121.48949048634492, 25.027511192491392 ], [ 121.488759698831501, 25.027313058580422 ], [ 121.487595399482942, 25.027090176857925 ], [ 121.484981925130441, 25.026681586856469 ], [ 121.483922907229882, 25.026464892254452 ], [ 121.483179737828891, 25.026328688505426 ], [ 121.482684292661332, 25.026254400534121 ], [ 121.482139302646232, 25.026167729406961 ], [ 121.481928734776702, 25.026081039780742 ], [ 121.481507594910624, 25.02584573104685 ], [ 121.480714850121075, 25.025238865978579 ], [ 121.479674376968987, 25.024508155647908 ], [ 121.474725930504761, 25.020947484134172 ], [ 121.469839420659753, 25.017485896305043 ], [ 121.464965291036648, 25.013937606455457 ], [ 121.463435552910553, 25.012940626356766 ], [ 121.461168744755469, 25.010401642872516 ], [ 121.459344971583405, 25.008348206196047 ], [ 121.458152520171296, 25.006915179702141 ], [ 121.457186344090331, 25.005899589580249 ], [ 121.456170619864579, 25.00482207271051 ], [ 121.455625603443437, 25.004339052862711 ], [ 121.454993891573693, 25.003955124978674 ], [ 121.454287870260714, 25.003670288373883 ], [ 121.453433225114864, 25.003509318948922 ], [ 121.452603361871411, 25.003496978914395 ], [ 121.45178588792966, 25.003534181781998 ], [ 121.446478503567832, 25.003825543667041 ], [ 121.44119588702695, 25.004054974700196 ], [ 121.436024746125611, 25.004309171367762 ], [ 121.433950087922923, 25.004278321277727 ], [ 121.4330830559026, 25.004104966631537 ], [ 121.432686697088187, 25.004005901357527 ], [ 121.432042596704662, 25.003584816445624 ], [ 121.431584288073154, 25.003188493060264 ], [ 121.430704822237743, 25.002296757056659 ], [ 121.429583801658922, 25.000990106839339 ], [ 121.428865342380675, 24.999924959371825 ], [ 121.428122103675179, 24.998748340195903 ], [ 121.427484157157068, 24.99773892481392 ], [ 121.427013413909648, 24.99661183416875 ], [ 121.426567455862667, 24.995682916509981 ], [ 121.426381634449427, 24.99521226267894 ], [ 121.424768102359181, 24.991793378648492 ], [ 121.424158036030889, 24.99054909518394 ], [ 121.423674915038788, 24.989545864189161 ], [ 121.423402384996422, 24.988976127966911 ], [ 121.423105087058516, 24.988468322598621 ], [ 121.42278301628356, 24.987948132700858 ], [ 121.42243617925962, 24.987514645451331 ], [ 121.421569110170623, 24.986783925396864 ], [ 121.42092500979814, 24.986362840459407 ], [ 121.419711143211074, 24.985793156217525 ], [ 121.419265234598498, 24.985607392382008 ], [ 121.413982443970241, 24.983223398850857 ], [ 121.41078056265934, 24.981743460896467 ], [ 121.408662477987733, 24.980579303474105 ], [ 121.406587744748933, 24.979421336597813 ], [ 121.403441558874931, 24.977315907693889 ], [ 121.401527830558948, 24.975959757543816 ], [ 121.398233049609601, 24.974411702199451 ], [ 121.396604254597491, 24.973885391448206 ], [ 121.396084032389723, 24.973736789388667 ], [ 121.395452336109599, 24.9735881934815 ], [ 121.394969276038623, 24.973501518859038 ], [ 121.394349969879059, 24.973414851756253 ], [ 121.393891682645673, 24.973340561663857 ], [ 121.393461662822361, 24.973206515150281 ], [ 121.392712031839281, 24.972943730237247 ], [ 121.392266231478928, 24.972697402721092 ], [ 121.391738306779615, 24.972357231310014 ], [ 121.390846695148284, 24.971700341528511 ], [ 121.390377427796082, 24.97138362898519 ], [ 121.389849502316935, 24.97103172651833 ], [ 121.389380236522868, 24.970738476080633 ], [ 121.386236159203619, 24.968826487875337 ], [ 121.385508793909196, 24.968322092713578 ], [ 121.384658249508036, 24.967788376713852 ], [ 121.383602400103015, 24.967108033872126 ], [ 121.382875047271639, 24.966791335561368 ], [ 121.382511368129059, 24.966591927718429 ], [ 121.382311925978144, 24.966404241866645 ], [ 121.382182867659623, 24.966169627917061 ], [ 121.382006883930032, 24.965923285503052 ], [ 121.381080078041194, 24.965254666588159 ], [ 121.377379133298248, 24.96258106379798 ], [ 121.376862514443687, 24.962058187175668 ], [ 121.375308066277825, 24.961008343629725 ], [ 121.374850529300915, 24.960679899367783 ], [ 121.374346063797162, 24.960292802425844 ], [ 121.373278487121155, 24.95967111547251 ], [ 121.372809219764108, 24.95935440290901 ], [ 121.372293025437585, 24.95900249977247 ], [ 121.371812032372503, 24.95876790523042 ], [ 121.370703406372314, 24.958292858706599 ], [ 121.370105100943491, 24.958046539580138 ], [ 121.369506799407148, 24.957858875721495 ], [ 121.368861570121922, 24.95762429023581 ], [ 121.366785094345545, 24.956709382572097 ], [ 121.36613399831009, 24.95645720082646 ], [ 121.365430121792244, 24.956351660163772 ], [ 121.363764294942484, 24.956316558878488 ], [ 121.363154280145864, 24.956398709899847 ], [ 121.362767164368805, 24.956586428112566 ], [ 121.362391776635832, 24.956727221463204 ], [ 121.361770033792823, 24.956856297347681 ], [ 121.360755298301569, 24.957002991488554 ], [ 121.360203939293854, 24.957085139275922 ], [ 121.35954699674285, 24.957120368671028 ], [ 121.359030824981147, 24.957108666086128 ], [ 121.358667155946563, 24.957061761928077 ], [ 121.358326942222178, 24.956909276990409 ], [ 121.357810749438329, 24.956580835948433 ], [ 121.356825286948009, 24.955900489166705 ], [ 121.355531857268417, 24.954996661554041 ], [ 121.35355800858521, 24.95363071039754 ], [ 121.352631201887192, 24.952950360370878 ], [ 121.351657473666592, 24.952316937145739 ], [ 121.350296593850629, 24.95133160364324 ], [ 121.349856653208178, 24.95099729285965 ], [ 121.349657217279386, 24.950903455423632 ], [ 121.349129301894408, 24.950704056612643 ], [ 121.348437160400238, 24.950657170560319 ], [ 121.346736144674651, 24.950692457515348 ], [ 121.346290347399673, 24.950493054174864 ], [ 121.346032257230434, 24.950422682080379 ], [ 121.345492609125628, 24.950199821805676 ], [ 121.345269708542119, 24.95007079249956 ], [ 121.342119786865169, 24.948481408322927 ], [ 121.341896888615167, 24.948387572177946 ], [ 121.340923202400475, 24.948387625860619 ], [ 121.340407036841199, 24.948469771698701 ], [ 121.339791156038487, 24.948546057507411 ], [ 121.339274992812264, 24.94866339650866 ], [ 121.338676716917504, 24.948862857417804 ], [ 121.338254407633428, 24.949050577571271 ], [ 121.337738261525402, 24.949425999768888 ], [ 121.33729250470779, 24.949836611249655 ], [ 121.336600427007767, 24.950751671653006 ], [ 121.336307181488493, 24.951256123162818 ], [ 121.336166423919693, 24.951502483067426 ], [ 121.336060871503463, 24.951924806847927 ], [ 121.335949448449128, 24.952270879098485 ], [ 121.335902590747637, 24.953279752367035 ], [ 121.335961283127418, 24.953831108691293 ], [ 121.336078632083613, 24.954394192835629 ], [ 121.336242898672708, 24.954851694902285 ], [ 121.336606598085623, 24.955356110188696 ], [ 121.337328141843145, 24.956523310318524 ], [ 121.337996876313568, 24.957403102523958 ], [ 121.338372309224752, 24.957942710324289 ], [ 121.338665621685792, 24.958447129489898 ], [ 121.338771227812714, 24.958834248463212 ], [ 121.339093886470877, 24.959614345790122 ], [ 121.339140842253258, 24.960083585379746 ], [ 121.339105693937242, 24.960763988479243 ], [ 121.338906296154718, 24.96124497271261 ], [ 121.338460579848075, 24.96226559904218 ], [ 121.338102849965239, 24.963327279212049 ], [ 121.338009041966117, 24.963949030278801 ], [ 121.338020847892409, 24.965075210866846 ], [ 121.338032596186494, 24.965333293419608 ], [ 121.338273134411537, 24.966078202115821 ], [ 121.338531255746474, 24.966617816386456 ], [ 121.339493348686545, 24.968694159968141 ], [ 121.339540303705206, 24.969151668506694 ], [ 121.339522730726557, 24.969509466641682 ], [ 121.339475823228184, 24.96976755243125 ], [ 121.339346797614809, 24.970025642752045 ], [ 121.339065279395427, 24.970471438361354 ], [ 121.338807219599744, 24.970858577403746 ], [ 121.338408395241501, 24.971386496869975 ], [ 121.338044750337545, 24.971703255412041 ], [ 121.337552072809231, 24.972172524785815 ], [ 121.337059389826877, 24.972559676778115 ], [ 121.333370168881402, 24.976002944946202 ], [ 121.329868645713873, 24.979434471762591 ], [ 121.32715310947485, 24.98285422419638 ], [ 121.32437891901597, 24.986297442028864 ], [ 121.322754291005396, 24.988368062972853 ], [ 121.322144310462406, 24.988966380470611 ], [ 121.321217601079894, 24.989752412343393 ], [ 121.320660389310675, 24.99002812291025 ], [ 121.320402311590954, 24.990145447713605 ], [ 121.320179425011375, 24.990227577407925 ], [ 121.319886150692156, 24.990297979933533 ], [ 121.319557682112986, 24.99035665334716 ], [ 121.318935930635178, 24.990356687678016 ], [ 121.31839629571661, 24.990333255363883 ], [ 121.317751079577405, 24.990298097824009 ], [ 121.316454755591181, 24.989834792712205 ], [ 121.315340275890222, 24.989541577861615 ], [ 121.313756782000979, 24.989074140356163 ], [ 121.311703551528851, 24.988568101049708 ], [ 121.31092928403973, 24.988403909020501 ], [ 121.310424837912834, 24.988310088427028 ], [ 121.309756156321853, 24.988228007956412 ], [ 121.309181321672554, 24.98811072913746 ], [ 121.304922867594698, 24.98746575618344 ], [ 121.304306972708034, 24.987330883045363 ], [ 121.303626559167213, 24.987237072163794 ], [ 121.30197244605381, 24.986943887089382 ], [ 121.301139519626261, 24.98673277406867 ], [ 121.300728922771853, 24.986638948289944 ], [ 121.299966382525497, 24.986416100326625 ], [ 121.29773154771388, 24.985683032711208 ], [ 121.297086322966891, 24.985518833547935 ], [ 121.294916017711529, 24.984908938448417 ], [ 121.29354931215623, 24.984527754574881 ], [ 121.292868896259961, 24.984398750518764 ], [ 121.292340989349881, 24.984328393323501 ], [ 121.291684038111825, 24.984234581139308 ], [ 121.291085744235701, 24.984164227828902 ], [ 121.289889156480797, 24.984023521207412 ], [ 121.286751046398081, 24.983654166159834 ], [ 121.285542727469746, 24.983513460182603 ], [ 121.284920972042343, 24.983454839220986 ], [ 121.283777169427466, 24.983237877816485 ], [ 121.283096752736071, 24.983097142698981 ], [ 121.282510190008622, 24.983026788737675 ], [ 121.281911893001421, 24.982909511199146 ], [ 121.281301864832372, 24.98279223430778 ], [ 121.280680105501389, 24.98267495806358 ], [ 121.28016979025125, 24.982528348027447 ], [ 121.279501096141558, 24.982258570642141 ], [ 121.277929080799822, 24.981660373537615 ], [ 121.276779396608958, 24.981202925795873 ], [ 121.27613416403824, 24.980921416055772 ], [ 121.275688363545655, 24.980675088477291 ], [ 121.271564693198059, 24.978159004466111 ], [ 121.270696551414062, 24.977619423779849 ], [ 121.26864936908143, 24.976194213393441 ], [ 121.268109710723465, 24.975818849365957 ], [ 121.267652180624026, 24.975595984539602 ], [ 121.26712426199731, 24.975349661483808 ], [ 121.266596347265747, 24.975161993709502 ], [ 121.265716494572558, 24.974927421127511 ], [ 121.260736519494699, 24.973467179357542 ], [ 121.258657769792393, 24.972832705343741 ], [ 121.256847564999248, 24.972347078008561 ], [ 121.256225799404703, 24.97213595329108 ], [ 121.255721346206215, 24.971936553157814 ], [ 121.254724160843665, 24.971385248506586 ], [ 121.254055456579152, 24.970962967355973 ], [ 121.252588994364416, 24.969954177376767 ], [ 121.251579217612985, 24.96931777453085 ], [ 121.251255435275851, 24.969104401646806 ], [ 121.247503268936086, 24.965936570964711 ], [ 121.24357897215647, 24.962575839617088 ], [ 121.241508315773757, 24.960974664543947 ], [ 121.240123977917051, 24.960059718443354 ], [ 121.238634065825735, 24.959238626614713 ], [ 121.235531047697179, 24.957344232011124 ], [ 121.23371266227312, 24.956511427220455 ], [ 121.228720925408282, 24.954593674591237 ], [ 121.226032441494937, 24.953629791002445 ], [ 121.223201278396544, 24.952558640450839 ], [ 121.219716884222564, 24.948957397942522 ], [ 121.21656684182183, 24.945561430471866 ], [ 121.215837944077265, 24.944755070966096 ], [ 121.214930205777506, 24.943467526936224 ], [ 121.213616233877502, 24.942235838323231 ], [ 121.211334393213249, 24.940282743006385 ], [ 121.210454506226142, 24.93953200381473 ], [ 121.209914828410234, 24.938863363279246 ], [ 121.207104990575345, 24.935479108024666 ], [ 121.206700240185029, 24.935097870955907 ], [ 121.206277887997871, 24.934640382983311 ], [ 121.205949386670824, 24.934206351955343 ], [ 121.205421454015934, 24.933748869797167 ], [ 121.204447730165015, 24.933185832675953 ], [ 121.202336051614651, 24.932141884874795 ], [ 121.197320804056091, 24.929496807625696 ], [ 121.192481549556277, 24.92723884553553 ], [ 121.190375764908083, 24.926623080965193 ], [ 121.189437229090572, 24.925977924473091 ], [ 121.187536650849168, 24.924018942488221 ], [ 121.18723749413526, 24.923837127565104 ], [ 121.186885537475106, 24.923508677327614 ], [ 121.186545307318241, 24.923109840097915 ], [ 121.184621234138532, 24.920658154964844 ], [ 121.183713854687426, 24.919715873049579 ], [ 121.183712206239804, 24.919714722167747 ], [ 121.183710924349214, 24.919713680767664 ], [ 121.183710123162967, 24.919712959793618 ], [ 121.183673101558, 24.919663689385068 ], [ 121.18038012372449, 24.916206452011025 ], [ 121.179899116501275, 24.915760698291095 ] ], [ [ 121.497833189660554, 25.133419224120651 ], [ 121.496987020834609, 25.134285142593153 ], [ 121.496516481235972, 25.134767213805496 ], [ 121.495804933156577, 25.135490320944911 ], [ 121.494886792530878, 25.136213439562091 ], [ 121.493354631025369, 25.137206307989832 ], [ 121.492493853364209, 25.137573628247623 ], [ 121.491506824699655, 25.13794095551971 ], [ 121.490565037175926, 25.138227655747652 ], [ 121.488861314261655, 25.138268204495009 ], [ 121.488046420655365, 25.138256772496625 ], [ 121.487047886146627, 25.138199441642815 ], [ 121.486164122966784, 25.138107672621199 ], [ 121.485188540103692, 25.138004431435355 ], [ 121.484689264382425, 25.137849516103355 ], [ 121.483816968559225, 25.137608542010046 ], [ 121.482692163031118, 25.13725280930025 ], [ 121.480471239607368, 25.136455262800869 ], [ 121.480000649982912, 25.136191311862696 ], [ 121.479013554352733, 25.135560117157489 ], [ 121.477969064207926, 25.134814152995585 ], [ 121.476333463266059, 25.133672256043681 ], [ 121.475162709805971, 25.132742662658806 ], [ 121.474278903529097, 25.132008166827696 ], [ 121.472821199809687, 25.130837566820915 ], [ 121.471719314381573, 25.129965355922131 ], [ 121.470273059305271, 25.128792623197231 ], [ 121.469740533587753, 25.128206410730279 ], [ 121.468877224667835, 25.127479509034767 ], [ 121.468574305038516, 25.127161485390491 ], [ 121.467953325937472, 25.126601162861459 ], [ 121.467589827658813, 25.1262982873636 ], [ 121.467090009916305, 25.125768247674007 ], [ 121.466953695525447, 25.125616807402178 ], [ 121.466840090899595, 25.125351779989636 ], [ 121.4664917243486, 25.124852021458629 ], [ 121.466188793561216, 25.124367405188771 ], [ 121.465840443243209, 25.124109963199814 ], [ 121.465461805121819, 25.123882812459964 ], [ 121.464795417650421, 25.123716256830004 ], [ 121.464310773230522, 25.123610270246434 ], [ 121.463841281841951, 25.123625441093761 ], [ 121.463386935369059, 25.123640611100338 ], [ 121.462705419209357, 25.12371637285429 ], [ 121.462069345913122, 25.123913290358505 ], [ 121.46159987988375, 25.124307080807707 ], [ 121.461342440654064, 25.124670569918713 ], [ 121.461115300388087, 25.125170360405551 ], [ 121.460623166191354, 25.126298674148636 ], [ 121.460138599890641, 25.127358835946197 ], [ 121.459669176480247, 25.128388707337798 ], [ 121.459139183554782, 25.12957002993857 ], [ 121.458631899382027, 25.1306226206157 ], [ 121.458268482277603, 25.131531327855985 ], [ 121.458147341213603, 25.13180394070131 ], [ 121.458132201371569, 25.131879665463828 ], [ 121.458086781845552, 25.132106839751458 ], [ 121.458056507236179, 25.132334013198168 ], [ 121.458086811277965, 25.132546038496585 ], [ 121.458162552099267, 25.132788350840592 ], [ 121.458374610363464, 25.13322753781145 ], [ 121.458722977951339, 25.133742441134231 ], [ 121.458980476041248, 25.134257349502985 ], [ 121.459275852156466, 25.135006999925739 ], [ 121.459548519527317, 25.135885382276669 ], [ 121.459593974578993, 25.136188275439913 ], [ 121.459495749370404, 25.139421692368899 ], [ 121.459533907657146, 25.143836394926293 ], [ 121.459617495684526, 25.148175371057519 ], [ 121.45960243812813, 25.149477823370027 ], [ 121.459572232613539, 25.150734842172348 ], [ 121.459428476299067, 25.152529507142464 ], [ 121.459337675891078, 25.153559357546889 ], [ 121.459277136868621, 25.154165152299267 ], [ 121.459231737683282, 25.154695222287195 ], [ 121.459156054762914, 25.155316162667003 ], [ 121.459019787096864, 25.155861382491022 ], [ 121.458830542202975, 25.156853376410552 ], [ 121.458663972511388, 25.15721686050324 ], [ 121.458300520937755, 25.157610645109187 ], [ 121.457831055964661, 25.158019580393276 ], [ 121.457513024912458, 25.158201335488524 ], [ 121.457104125376887, 25.158398240419729 ], [ 121.456680079908054, 25.158580001408314 ], [ 121.455922859485526, 25.158958663120274 ], [ 121.455438238414558, 25.159201006616591 ], [ 121.45463558527301, 25.159609960425922 ], [ 121.453666344144835, 25.160109792206715 ], [ 121.453378600891071, 25.160261256051488 ], [ 121.45325745172137, 25.160412710635839 ], [ 121.453015162530079, 25.160851922869412 ], [ 121.452901600557681, 25.161222976415122 ], [ 121.45255330203247, 25.161737918468113 ], [ 121.45231100979322, 25.162131696348617 ], [ 121.451932423468492, 25.162676929657291 ], [ 121.451674991396132, 25.163146432306277 ], [ 121.451250978455036, 25.163812826423413 ], [ 121.45090266366681, 25.164085451920158 ], [ 121.450402905809725, 25.164448954547847 ], [ 121.449978870503514, 25.164782163396154 ], [ 121.449282241943123, 25.165342559178505 ], [ 121.448827918836159, 25.165706059283 ], [ 121.447601252750857, 25.166781407237455 ], [ 121.447146937777859, 25.167266065626968 ], [ 121.446677476871344, 25.167735580074442 ], [ 121.446117137311276, 25.168068796507999 ], [ 121.444890450888209, 25.168841248769819 ] ], [ [ 121.497833189660554, 25.133419224120651 ], [ 121.497364021756255, 25.134599587731891 ], [ 121.497259656459462, 25.134951903040928 ], [ 121.497285781676737, 25.135369453604724 ], [ 121.497337992751696, 25.135617372213616 ], [ 121.497442399157663, 25.13587833642385 ], [ 121.497651194475978, 25.136139294835765 ], [ 121.498016578410855, 25.136478535552488 ], [ 121.498395003087182, 25.136700339040331 ], [ 121.498760370401939, 25.136791658248672 ], [ 121.499256226480284, 25.136922115709929 ], [ 121.49967378475111, 25.136961238017143 ], [ 121.503829312229868, 25.137038666324266 ] ], [ [ 121.515741057417102, 25.048185613362545 ], [ 121.518116391707295, 25.048399592048487 ], [ 121.518636502046078, 25.048565047939146 ], [ 121.519239361763866, 25.048825061926497 ], [ 121.519676744017815, 25.04921510875872 ], [ 121.520055029600641, 25.049687901206422 ], [ 121.520343215331948, 25.050558243758143 ], [ 121.520429565824102, 25.050848938170432 ], [ 121.520498638314791, 25.051481706206143 ], [ 121.520608055628344, 25.053270718772907 ], [ 121.520608081736015, 25.053661886831577 ], [ 121.520654138770141, 25.054214121542564 ], [ 121.520775202332629, 25.058791412479739 ], [ 121.520861577468224, 25.059425849225203 ], [ 121.520815578800438, 25.059747990177602 ], [ 121.520786825024416, 25.059880298615063 ], [ 121.520729316704418, 25.060133410547113 ], [ 121.519843560456565, 25.062112309817412 ], [ 121.519354677142701, 25.063326108395888 ], [ 121.519320182754726, 25.063636743770616 ], [ 121.519389288312695, 25.064764224367131 ], [ 121.519423846471909, 25.06540849926736 ], [ 121.519469905066188, 25.06598374387201 ], [ 121.519556230162621, 25.06654172883124 ], [ 121.519636802353986, 25.067093961637799 ], [ 121.519763395490429, 25.067657696837756 ], [ 121.519820957596266, 25.068209930919522 ], [ 121.519890027821077, 25.068808184136479 ], [ 121.519982101218204, 25.069302891590567 ], [ 121.520344605255346, 25.071374918691092 ], [ 121.520430989306647, 25.072167597566679 ], [ 121.52054607971543, 25.072765848234614 ], [ 121.520689934656886, 25.073392859666534 ], [ 121.520897046970006, 25.073714986597956 ], [ 121.521219226633917, 25.074290215902394 ], [ 121.52225480281389, 25.07611944447563 ], [ 121.523365131118979, 25.078313643041643 ], [ 121.524038306040794, 25.079432769258716 ], [ 121.524694188889441, 25.08085934585711 ], [ 121.525096915407758, 25.081607144839442 ], [ 121.525350056363337, 25.082055823590711 ], [ 121.525476641069261, 25.082493004414665 ], [ 121.525505422521249, 25.08277487392753 ], [ 121.52545947771965, 25.083902360909569 ], [ 121.525471021220937, 25.08447760743077 ], [ 121.525609120204678, 25.085052846935543 ], [ 121.525758728848544, 25.085697115461617 ], [ 121.525983105278101, 25.086117033448968 ], [ 121.526006123827173, 25.086243586548264 ], [ 121.526167212901271, 25.086519696254051 ], [ 121.526661963628939, 25.087025886323502 ], [ 121.526811540736361, 25.087198452178121 ], [ 121.526949616646576, 25.087428543386551 ], [ 121.527202766842521, 25.088015281454165 ], [ 121.527260322833939, 25.088475475992002 ], [ 121.527317897290686, 25.089211789166765 ], [ 121.527248927040148, 25.090109178565019 ], [ 121.527110884981326, 25.090385304858426 ], [ 121.526604740000906, 25.091535827255292 ], [ 121.526415520276146, 25.092131561522443 ], [ 121.525770822479984, 25.094498396409886 ], [ 121.525149674793937, 25.096362231687884 ], [ 121.524735560948741, 25.09737468967726 ], [ 121.524373193248223, 25.097990224250712 ], [ 121.524108611108574, 25.098496456438465 ], [ 121.523855529394936, 25.098933658328377 ], [ 121.52355643443434, 25.099474407262626 ], [ 121.522883502916613, 25.101171423757648 ], [ 121.522020781684432, 25.103518480100664 ], [ 121.521986293501016, 25.103921155038631 ], [ 121.521934556607107, 25.104456137784876 ], [ 121.521900056875097, 25.104686238570444 ], [ 121.521808038853834, 25.105019887039688 ], [ 121.52134790639974, 25.106055357493616 ], [ 121.521037311026973, 25.106665136739075 ], [ 121.520375839923759, 25.107694865898509 ], [ 121.517662295766129, 25.111593231537672 ], [ 121.516393840555907, 25.113361013952762 ], [ 121.514528956195946, 25.116155831016691 ], [ 121.513151804057472, 25.118118519455734 ], [ 121.512692752577692, 25.118761271675638 ], [ 121.512113174564192, 25.119191701218753 ], [ 121.511688534419278, 25.119524565424637 ], [ 121.511183548888141, 25.119800047775335 ], [ 121.510093213988242, 25.120018176305393 ], [ 121.509060265901766, 25.120236301650522 ], [ 121.507413291560383, 25.1206438359286 ], [ 121.506655797881095, 25.120827514194101 ], [ 121.505358874272389, 25.121103040513685 ], [ 121.504406266949132, 25.121309684139174 ], [ 121.503729113270779, 25.121470403419632 ], [ 121.503155261243876, 25.121711457809702 ], [ 121.502862602698897, 25.121923803430818 ], [ 121.502598637946846, 25.122141886090951 ], [ 121.502288783730492, 25.12265838014936 ], [ 121.502116648650258, 25.123037139400836 ], [ 121.501514232003942, 25.125200637018299 ], [ 121.5009118645917, 25.12809867951222 ], [ 121.500647953678552, 25.12912017062645 ], [ 121.500498786408102, 25.129694042090058 ], [ 121.500246324405211, 25.130290873817945 ], [ 121.500016807131303, 25.130738499845361 ], [ 121.499620872316811, 25.13124926006552 ], [ 121.498546123416943, 25.132466069830127 ], [ 121.497955848104866, 25.133232912022812 ], [ 121.497833189660554, 25.133419224120651 ] ], [ [ 121.729235548543159, 25.108479811928969 ], [ 121.728012431037556, 25.107809213770494 ], [ 121.727286522636192, 25.107206651841132 ], [ 121.726861923454379, 25.106686246213481 ], [ 121.726587974296905, 25.10613844121065 ], [ 121.726314024223143, 25.105576940702257 ], [ 121.72596473675712, 25.104844250559704 ], [ 121.725498997517278, 25.103529507906046 ], [ 121.725115440277349, 25.102338020237408 ], [ 121.724677137226635, 25.1016943558189 ], [ 121.724355258438806, 25.101221878753375 ], [ 121.723699996732279, 25.10070560993308 ], [ 121.722588448729994, 25.100112640893666 ], [ 121.721862843589349, 25.099843180661143 ], [ 121.720506692851856, 25.099797759819197 ], [ 121.719476841172565, 25.09956327048242 ], [ 121.718961549313832, 25.09942887862853 ], [ 121.718486554892834, 25.099297985998074 ], [ 121.7176647817126, 25.098763906896764 ], [ 121.716842987446043, 25.097914831169472 ], [ 121.715914726646474, 25.097200854910536 ], [ 121.712364223286556, 25.09350512695438 ], [ 121.711528744400809, 25.092820398038917 ], [ 121.710049552858848, 25.091861794728402 ], [ 121.708700472034678, 25.090937422957506 ], [ 121.708111525377944, 25.090417026422568 ], [ 121.70656380165039, 25.08865039207096 ], [ 121.70580361800468, 25.087506859526638 ], [ 121.705666625114887, 25.086959046902283 ], [ 121.705570623820336, 25.084986899422759 ], [ 121.705522635545094, 25.084185715008772 ], [ 121.704824095507377, 25.083240763872126 ], [ 121.703646178399126, 25.081843887638595 ], [ 121.703173645017088, 25.08133033238807 ], [ 121.702406622149283, 25.080349870308666 ], [ 121.700980638131114, 25.079636987401134 ], [ 121.699371858138178, 25.079169081057014 ], [ 121.69641756943922, 25.078555000713063 ], [ 121.693200011371857, 25.077648437727643 ], [ 121.692000753519295, 25.07751688047739 ], [ 121.690643590572634, 25.078055150649455 ], [ 121.685916910822712, 25.079798696304326 ], [ 121.682528676047028, 25.081034392551771 ], [ 121.681929654656358, 25.081305863213114 ], [ 121.680974975443519, 25.081904950510904 ], [ 121.680132614892386, 25.082485311758266 ], [ 121.679458722945455, 25.082897185252065 ], [ 121.678709944794576, 25.083215463782782 ], [ 121.678036044082219, 25.083496298514252 ], [ 121.677474444504625, 25.083496329663234 ], [ 121.676781795634724, 25.083355969403343 ], [ 121.676276347249598, 25.083224958671973 ], [ 121.675209267984883, 25.082625983497785 ], [ 121.671427662418068, 25.080108376930777 ], [ 121.668731871745322, 25.078423742281156 ], [ 121.667309091454854, 25.077506549806941 ], [ 121.666691294357804, 25.076944989346867 ], [ 121.666129645331537, 25.076205587445138 ], [ 121.665998560374931, 25.075531681052709 ], [ 121.665923621614354, 25.074651853484625 ], [ 121.665886119075566, 25.07371586436993 ], [ 121.665698820989107, 25.072246368581059 ], [ 121.665474142365525, 25.071666066497837 ], [ 121.664875051502648, 25.070898586932291 ], [ 121.664013870821734, 25.069981363303494 ], [ 121.662909329066025, 25.069045433338541 ], [ 121.662366419432601, 25.068596187659761 ], [ 121.661299325156051, 25.067772574557484 ], [ 121.66013862093952, 25.066799208049169 ], [ 121.658622260739335, 25.066181537905223 ], [ 121.657349266617345, 25.065657453389164 ], [ 121.655626982801977, 25.064983635178955 ], [ 121.654381696105929, 25.064624076416465 ], [ 121.652307316143023, 25.063835711259543 ], [ 121.650293589827641, 25.063059473198052 ], [ 121.649371651994983, 25.062841175947419 ], [ 121.648571024713078, 25.062695654754233 ], [ 121.646872743418541, 25.062671487941152 ], [ 121.641959706514626, 25.060330580719295 ], [ 121.640649571003678, 25.059821173841485 ], [ 121.639582033914166, 25.059117666099848 ], [ 121.635966873119429, 25.055357422647397 ], [ 121.635214742175435, 25.054823723911085 ], [ 121.634778033575188, 25.054702443466855 ], [ 121.633662017942186, 25.054653983437518 ], [ 121.631636181242328, 25.054181007576474 ], [ 121.627827149983972, 25.053696000028587 ], [ 121.626056088425926, 25.053720359065217 ], [ 121.622974975533239, 25.054496879441871 ], [ 121.62215009192434, 25.054424142353128 ], [ 121.620573109740761, 25.054302925070782 ], [ 121.613003616230742, 25.054036474169557 ], [ 121.611844122266589, 25.053896786834464 ], [ 121.607726563126832, 25.053304729841471 ], [ 121.601075229731734, 25.052259798203341 ], [ 121.594408406035299, 25.051152923680622 ], [ 121.587726102373495, 25.050138965542672 ], [ 121.583800341557279, 25.049481031045215 ], [ 121.581183181439897, 25.049248887071588 ], [ 121.577580489475125, 25.049188867668864 ], [ 121.574593867323784, 25.049334424580863 ], [ 121.570869472744789, 25.049388831577588 ], [ 121.57017259989756, 25.049388870168851 ], [ 121.567989033964082, 25.048924413253811 ], [ 121.56649460559359, 25.048576062632129 ], [ 121.565720291053822, 25.048405760303055 ], [ 121.564543320260583, 25.04795673356729 ], [ 121.563350866501352, 25.047554165470583 ], [ 121.562592030786391, 25.047275460785553 ], [ 121.561399570822658, 25.046779977117726 ], [ 121.558944951718615, 25.045610925461098 ], [ 121.558464869277913, 25.04539414904907 ], [ 121.55787638542381, 25.045192864566609 ], [ 121.557287906735098, 25.045069009723974 ], [ 121.55663748275721, 25.044929672382558 ], [ 121.554701702047581, 25.04458908913908 ], [ 121.553687356080701, 25.044457514908729 ], [ 121.5530059703012, 25.044473038561851 ], [ 121.548065948936099, 25.044968861772922 ], [ 121.54637023679183, 25.045147043833477 ], [ 121.545626901576924, 25.045085141274388 ], [ 121.542607090113023, 25.044651702465092 ], [ 121.542173475145475, 25.044574296828607 ], [ 121.541430144055624, 25.044574337981906 ], [ 121.535537712526519, 25.0448146961002 ], [ 121.534794388656223, 25.044923138754545 ], [ 121.53001703221949, 25.04634036574523 ], [ 121.52831360021338, 25.046866981644289 ], [ 121.52562682322251, 25.047695627610409 ], [ 121.525146760373289, 25.047773083836127 ], [ 121.524418921515931, 25.047866039709902 ], [ 121.521956646463821, 25.048005549402923 ], [ 121.515741057417102, 25.048185613362545 ] ], [ [ 121.822881186437428, 25.064731806803927 ], [ 121.822809000263291, 25.062141443703972 ], [ 121.822761328674915, 25.061930305750892 ], [ 121.82270669685505, 25.061720860818202 ], [ 121.822645164635333, 25.061513338285678 ], [ 121.822576799404601, 25.061307965427687 ], [ 121.822501676035031, 25.061104967164358 ], [ 121.822419876800183, 25.060904565815196 ], [ 121.822331491284871, 25.060706980855606 ], [ 121.822236616287114, 25.060512428676557 ], [ 121.822135355712035, 25.060321122347585 ], [ 121.82202782045816, 25.060133271383414 ], [ 121.821914128295802, 25.059949081514549 ], [ 121.820093526706771, 25.058037759044112 ], [ 121.819692377204106, 25.057812895595543 ], [ 121.819075224123068, 25.057784787635146 ], [ 121.814508291323406, 25.057784787635139 ], [ 121.814276497933136, 25.057760886427392 ], [ 121.814045462812004, 25.057730518412868 ], [ 121.813815366341814, 25.05769370730156 ], [ 121.813586388171544, 25.057650481833932 ], [ 121.813358707077057, 25.057600875758482 ], [ 121.81313250082151, 25.057544927805399 ], [ 121.812907946016551, 25.057482681656325 ], [ 121.812685217984466, 25.057414185910257 ], [ 121.812464490621281, 25.057339494045589 ], [ 121.812245936260979, 25.057258664378363 ], [ 121.812029725540995, 25.05717176001675 ], [ 121.811816027268918, 25.057078848811756 ], [ 121.811605008290698, 25.056980003304279 ], [ 121.811396833360519, 25.056875300668448 ], [ 121.811191665011989, 25.056764822651349 ], [ 121.810989663431258, 25.056648655509267 ], [ 121.810790986332137, 25.056526889940258 ], [ 121.810595788832771, 25.056399621013419 ], [ 121.81040422333453, 25.056266948094581 ], [ 121.810281723206359, 25.056128648050564 ], [ 121.810154423589935, 25.055994752601645 ], [ 121.81002248274855, 25.055865428211234 ], [ 121.80988606471557, 25.055740835659876 ], [ 121.809745339090554, 25.055621129845299 ], [ 121.80960048082845, 25.055506459589875 ], [ 121.809451670022014, 25.0553969674556 ], [ 121.809299091677943, 25.055292789566856 ], [ 121.809142935486875, 25.055194055441184 ], [ 121.808983395587575, 25.05510088782821 ], [ 121.808820670325488, 25.055013402557126 ], [ 121.808654962006244, 25.054931708392626 ], [ 121.808486476644106, 25.054855906899697 ], [ 121.808315423705892, 25.054786092317343 ], [ 121.808142015850478, 25.054722351441473 ], [ 121.807966468664432, 25.054664763516911 ], [ 121.807705275563038, 25.054695403630468 ], [ 121.807444809136726, 25.054731706433532 ], [ 121.80718519213832, 25.054773654817279 ], [ 121.806926546920408, 25.054821229012227 ], [ 121.80666899537762, 25.054874406597566 ], [ 121.806412658889172, 25.054933162511677 ], [ 121.80615765826154, 25.054997469064034 ], [ 121.805904113671744, 25.05506729594817 ], [ 121.805652144610548, 25.055142610255988 ], [ 121.805547992900941, 25.055187561500379 ], [ 121.805441364382474, 25.055226272636173 ], [ 121.805332632543823, 25.055258608069526 ], [ 121.805222178240996, 25.055284454538825 ], [ 121.805110388363346, 25.055303721511393 ], [ 121.8049976544782, 25.055316341500639 ], [ 121.804884371459636, 25.055322270302408 ], [ 121.804770936105086, 25.055321487149833 ], [ 121.804657745745672, 25.055313994786076 ], [ 121.804545196854207, 25.055299819454692 ], [ 121.804433683656825, 25.055279010807755 ], [ 121.804323596751729, 25.055251641731907 ], [ 121.804215321741381, 25.055217808093055 ], [ 121.804109237881619, 25.055177628400592 ], [ 121.80400571675338, 25.055131243392292 ], [ 121.803905120961076, 25.055078815541361 ], [ 121.80380780286248, 25.055020528487315 ], [ 121.803714103334585, 25.054956586392731 ], [ 121.803624350579597, 25.054887213228177 ], [ 121.803538858975358, 25.054812651987678 ], [ 121.803457927973994, 25.054733163837575 ], [ 121.803381841053351, 25.05464902720173 ], [ 121.803310864723755, 25.054560536786312 ], [ 121.803245247594617, 25.054468002547516 ], [ 121.801595507331811, 25.052763188370236 ], [ 121.799573186762444, 25.050673264243496 ], [ 121.799477023590072, 25.050594020925601 ], [ 121.799376583385438, 25.050520273895529 ], [ 121.79927217989966, 25.050452253521321 ], [ 121.799164139264164, 25.050390172282302 ], [ 121.799052798972056, 25.050334224105406 ], [ 121.798938506823603, 25.050284583759282 ], [ 121.798821619840183, 25.050241406308505 ], [ 121.798702503148647, 25.050204826629052 ], [ 121.798581528840998, 25.050174958987085 ], [ 121.798459074811902, 25.050151896681946 ], [ 121.798335523578501, 25.050135711754759 ], [ 121.7982112610851, 25.05012645476334 ], [ 121.798086675497998, 25.05012415462431 ], [ 121.797962155992678, 25.050128818522772 ], [ 121.797838091538253, 25.050140431889812 ], [ 121.797714869682252, 25.050158958448051 ], [ 121.797592875340271, 25.050184340324964 ], [ 121.797472489593346, 25.05021649823367 ], [ 121.797354088497741, 25.050255331720567 ], [ 121.797238041909992, 25.050300719479129 ], [ 121.797124712331893, 25.050352519728921 ], [ 121.797014453777834, 25.050410570658364 ], [ 121.796907610669109, 25.050474690930272 ], [ 121.796804516757959, 25.050544680248287 ], [ 121.79670549408506, 25.050620319982581 ], [ 121.796610851973483, 25.050701373852739 ], [ 121.79651805097356, 25.050803654634986 ], [ 121.796420242530601, 25.050901157929758 ], [ 121.796317672270348, 25.050993638877642 ], [ 121.79621059777692, 25.051080865231807 ], [ 121.796099287945765, 25.051162617941234 ], [ 121.795984022308645, 25.051238691700856 ], [ 121.795865090331404, 25.051308895467109 ], [ 121.7957427906872, 25.051373052937691 ], [ 121.795617430506368, 25.051431002994356 ], [ 121.795489324605157, 25.05148260010748 ], [ 121.795358794695147, 25.051527714701546 ], [ 121.795226168575283, 25.051566233480553 ], [ 121.795091779308734, 25.051598059712529 ], [ 121.794955964386418, 25.051623113472452 ], [ 121.794819064879547, 25.051641331842969 ], [ 121.794681424583018, 25.051652669072404 ], [ 121.794543389152011, 25.051657096689631 ], [ 121.79321651002779, 25.051741424813585 ], [ 121.793105714317164, 25.051741792388587 ], [ 121.792995119965738, 25.051735105532554 ], [ 121.792885175677569, 25.051721391375423 ], [ 121.792776327519206, 25.051700705558357 ], [ 121.792669017109986, 25.051673132007963 ], [ 121.792563679830323, 25.051638782595798 ], [ 121.792460743055145, 25.051597796684497 ], [ 121.792360624420127, 25.051550340562304 ], [ 121.792263730127189, 25.051496606768477 ], [ 121.792170453296336, 25.051436813312048 ], [ 121.792081172370843, 25.051371202787355 ], [ 121.791996249581757, 25.051300041389776 ], [ 121.79191602947833, 25.051223617835749 ], [ 121.791840837529975, 25.05114224219129 ], [ 121.791770978805872, 25.051056244614159 ], [ 121.791706736737211, 25.050965974014154 ], [ 121.791648371967298, 25.050871796637683 ], [ 121.791596121293992, 25.050774094581687 ], [ 121.791550196708997, 25.0506732642435 ], [ 121.791474735829397, 25.050544386959359 ], [ 121.791393206245019, 25.050419260520961 ], [ 121.791305794009958, 25.050298170472356 ], [ 121.791212698602749, 25.050181393146342 ], [ 121.791114132471236, 25.05006919503392 ], [ 121.791010320547628, 25.049961832176123 ], [ 121.790901499735355, 25.049859549579718 ], [ 121.790787918368252, 25.049762580658086 ], [ 121.790669835644039, 25.049671146698572 ], [ 121.790547521032622, 25.049585456357498 ], [ 121.790421253661393, 25.049505705183982 ], [ 121.790291321678026, 25.049432075173719 ], [ 121.790158021593015, 25.049364734353624 ], [ 121.79002165760302, 25.049303836398423 ], [ 121.789882540896684, 25.049249520279929 ], [ 121.789740988944416, 25.049201909949897 ], [ 121.789597324774036, 25.049161114057206 ], [ 121.789451876233471, 25.049127225699884 ], [ 121.783539105366998, 25.048852917049594 ], [ 121.783419213683288, 25.048842729151065 ], [ 121.783300071447499, 25.048825908427336 ], [ 121.783182045324622, 25.04880250664484 ], [ 121.783065498544914, 25.048772595823529 ], [ 121.782950789785687, 25.048736268015151 ], [ 121.782838272067863, 25.048693635020012 ], [ 121.78272829166923, 25.048644828042878 ], [ 121.78262118705895, 25.048589997289177 ], [ 121.782517287855711, 25.048529311502794 ], [ 121.782416913813577, 25.048462957446677 ], [ 121.782320373837692, 25.048391139328103 ], [ 121.782227965033726, 25.04831407817025 ], [ 121.782139971793512, 25.04823201113194 ], [ 121.782056664919835, 25.048145190777799 ], [ 121.781978300792915, 25.048053884300973 ], [ 121.781905120581499, 25.047958372700826 ], [ 121.781837349500748, 25.047858949918179 ], [ 121.781775196118801, 25.047755921930651 ], [ 121.781718851715254, 25.047649605811053 ], [ 121.781668489692251, 25.047540328751531 ], [ 121.781625417018375, 25.047419361262353 ], [ 121.781576236595356, 25.047300745602897 ], [ 121.781521076190643, 25.047184789928522 ], [ 121.781460079107092, 25.047071795484083 ], [ 121.781393403811009, 25.046962055821407 ], [ 121.78132122352018, 25.046855856036601 ], [ 121.781243725754123, 25.046753472029426 ], [ 121.781161111846643, 25.046655169786501 ], [ 121.781073596423013, 25.046561204690313 ], [ 121.780981406842329, 25.046471820855714 ], [ 121.780884782606762, 25.046387250495791 ], [ 121.780783974739506, 25.046307713318534 ], [ 121.78067924513239, 25.046233415956063 ], [ 121.780570865865812, 25.046164551427825 ], [ 121.780459118501653, 25.046101298639151 ], [ 121.780344293351888, 25.046043821916431 ], [ 121.780226688724397, 25.045992270580246 ], [ 121.780106610147882, 25.045946778557443 ], [ 121.779984369578287, 25.045907464033167 ], [ 121.77986028458821, 25.045874429143851 ], [ 121.779734677541967, 25.045847759711879 ], [ 121.779591267107051, 25.045834665720637 ], [ 121.779448668997205, 25.045814571330318 ], [ 121.779307224720739, 25.045787524664995 ], [ 121.779167273022608, 25.045753590498741 ], [ 121.779029149073224, 25.045712850100493 ], [ 121.778893183665645, 25.045665401039468 ], [ 121.778759702423528, 25.045611356951433 ], [ 121.778629025021118, 25.045550847266618 ], [ 121.778501464417886, 25.045484016899668 ], [ 121.778377326108682, 25.045411025902691 ], [ 121.778256907392461, 25.045332049081829 ], [ 121.778140496660058, 25.045247275578735 ], [ 121.778028372703545, 25.045156908417507 ], [ 121.777002868735934, 25.043172440499763 ], [ 121.776634778767516, 25.042417944981167 ], [ 121.77621335758208, 25.041901310517961 ], [ 121.774926643936311, 25.040729095259287 ], [ 121.774857416783675, 25.040629361047586 ], [ 121.774782704340993, 25.04053366693827 ], [ 121.774702741861248, 25.040442314250956 ], [ 121.774617781128569, 25.040355590635059 ], [ 121.774528089665608, 25.040273769164067 ], [ 121.774433949890877, 25.040197107475709 ], [ 121.774335658229759, 25.040125846960695 ], [ 121.774233524180929, 25.040060212002643 ], [ 121.774127869341967, 25.040000409271503 ], [ 121.774019026396587, 25.039946627072887 ], [ 121.773907338067175, 25.039899034755035 ], [ 121.773793156035566, 25.039857782175631 ], [ 121.773676839835758, 25.039822999229926 ], [ 121.773558755721751, 25.03979479544174 ], [ 121.773439275514349, 25.039773259618563 ], [ 121.773318775430241, 25.039758459571924 ], [ 121.773197634897599, 25.039750441903937 ], [ 121.773076235361188, 25.039749231860437 ], [ 121.772954959081289, 25.039754833251589 ], [ 121.772834187930115, 25.039767228439842 ], [ 121.772714302189314, 25.039786378395508 ], [ 121.772595679352605, 25.039812222819599 ], [ 121.772478692937057, 25.039844680333729 ], [ 121.772363711307023, 25.039883648736382 ], [ 121.772251096514267, 25.039929005324645 ], [ 121.772106315757895, 25.039951197304461 ], [ 121.77196062299565, 25.039966282741425 ], [ 121.771814366839052, 25.039974225539311 ], [ 121.771667897247738, 25.03997500669271 ], [ 121.771521564692037, 25.039968624332506 ], [ 121.771375719314378, 25.039955093730299 ], [ 121.771230710091459, 25.039934447261928 ], [ 121.771086883999331, 25.039906734329964 ], [ 121.770944585182932, 25.039872021245507 ], [ 121.770804154132819, 25.039830391069536 ], [ 121.77066592687045, 25.039781943414123 ], [ 121.770530234143948, 25.039726794204132 ], [ 121.770397400636995, 25.039665075399796 ], [ 121.770267744191656, 25.039596934680983 ], [ 121.770141575047987, 25.039522535093823 ], [ 121.770019195101725, 25.039442054660572 ], [ 121.769900897181856, 25.039355685953659 ], [ 121.769786964349905, 25.039263635634885 ], [ 121.76967766922273, 25.039166123960918 ], [ 121.769595592665794, 25.039044025073284 ], [ 121.76951929644089, 25.038918233238793 ], [ 121.769448946396651, 25.038789021897038 ], [ 121.76938469545631, 25.038656671920752 ], [ 121.769326683285058, 25.038521471005264 ], [ 121.769275035986723, 25.038383713043107 ], [ 121.769229865829431, 25.038243697485218 ], [ 121.769191271001674, 25.038101728689945 ], [ 121.769159335398825, 25.0379581152615 ], [ 121.769134128440797, 25.037813169379085 ], [ 121.769115704921106, 25.037667206118357 ], [ 121.769104104887873, 25.037520542766455 ], [ 121.769099353556598, 25.037373498132375 ], [ 121.76910146125546, 25.037226391853899 ], [ 121.769110423402864, 25.037079543702831 ], [ 121.769126220517407, 25.036933272889833 ], [ 121.769117738229724, 25.036816765359315 ], [ 121.769102205004586, 25.036700986808693 ], [ 121.769079678038366, 25.036586363557721 ], [ 121.769050240279881, 25.036473317672154 ], [ 121.769014000124855, 25.036362265409533 ], [ 121.76897109101678, 25.036253615686512 ], [ 121.768921670955564, 25.036147768573091 ], [ 121.768865921915761, 25.036045113819519 ], [ 121.768804049176481, 25.035946029421126 ], [ 121.768736280565548, 25.035850880226484 ], [ 121.768662865620513, 25.035760016593958 ], [ 121.768584074669917, 25.035673773101617 ], [ 121.768500197837753, 25.035592467315251 ], [ 121.768411543975319, 25.035516398619016 ], [ 121.768318439523881, 25.035445847113071 ], [ 121.768221227312637, 25.035381072582172 ], [ 121.768120265296375, 25.035322313539091 ], [ 121.768015925237449, 25.035269786346394 ], [ 121.76790859133682, 25.035223684419691 ], [ 121.767798658819387, 25.035184177515493 ], [ 121.767706734231453, 25.035154416702383 ], [ 121.767612863291603, 25.035131523853806 ], [ 121.767517558369875, 25.035115623924408 ], [ 121.767421339663258, 25.035106803699801 ], [ 121.767324732356471, 25.035105111322888 ], [ 121.767228263755271, 25.035110556031039 ], [ 121.767132460408334, 25.035123108105775 ], [ 121.767037845233219, 25.035142699034832 ], [ 121.766944934662163, 25.035169221886267 ], [ 121.766854235823232, 25.035202531892018 ], [ 121.766766243772381, 25.035242447238101 ], [ 121.766681438791267, 25.035288750057028 ], [ 121.766600283765726, 25.03534118761695 ], [ 121.766523221659241, 25.035399473701137 ], [ 121.766450673095264, 25.035463290170206 ], [ 121.76631693341723, 25.035499234235978 ], [ 121.766181618126708, 25.035528696915765 ], [ 121.766045041136294, 25.035551609860292 ], [ 121.765907519285406, 25.035567919914712 ], [ 121.765769371605515, 25.035577589241996 ], [ 121.765630918579944, 25.035580595410668 ], [ 121.765492481400273, 25.035576931446819 ], [ 121.765354381221414, 25.035566605850349 ], [ 121.765216938416444, 25.035549642575173 ], [ 121.765080471833429, 25.035526080973742 ], [ 121.764945298055721, 25.035495975705661 ], [ 121.764811730667574, 25.035459396610928 ], [ 121.764680079526656, 25.035416428547947 ], [ 121.764550650045166, 25.035367171196572 ], [ 121.76442374248137, 25.035311738827001 ], [ 121.764299651243064, 25.035250260034559 ], [ 121.764178664204564, 25.035182877441432 ], [ 121.764061062038834, 25.035109747365802 ], [ 121.763089695356442, 25.034644557895859 ], [ 121.760776061677191, 25.033930023396582 ], [ 121.760098800970937, 25.033658350321527 ], [ 121.75969032044847, 25.033286194436911 ], [ 121.758975479534158, 25.032374407696096 ], [ 121.758698758489061, 25.032174632445457 ], [ 121.758213548985225, 25.03204506119798 ], [ 121.756708412634467, 25.031853383625521 ], [ 121.755646363276057, 25.031592870751389 ], [ 121.754196257421313, 25.030904369749194 ], [ 121.75409549747971, 25.030856077680447 ], [ 121.753997956312432, 25.030801576208656 ], [ 121.753904016102851, 25.030741078880123 ], [ 121.753814044925079, 25.030674822733928 ], [ 121.75372839530192, 25.030603067373239 ], [ 121.753647402823532, 25.030526093948065 ], [ 121.753571384832625, 25.030444204053747 ], [ 121.753500639180885, 25.030357718549183 ], [ 121.753435443062216, 25.030266976299668 ], [ 121.753376051926352, 25.030172332849197 ], [ 121.753322698478144, 25.03007415902734 ], [ 121.753275591765686, 25.029972839496246 ], [ 121.753234916361336, 25.029868771243564 ], [ 121.753200831638452, 25.029762362026847 ], [ 121.75317347114688, 25.029654028776008 ], [ 121.753152942089812, 25.029544195959627 ], [ 121.753139324903685, 25.029433293921866 ], [ 121.753132672943053, 25.029321757196278 ], [ 121.753133012271405, 25.029210022803213 ], [ 121.753140341559217, 25.029098528537542 ], [ 121.75315463208905, 25.028987711253272 ], [ 121.753136407574061, 25.028894853033922 ], [ 121.753111530943571, 25.028803551691645 ], [ 121.753080131860656, 25.028714283111285 ], [ 121.753042373984968, 25.028627512582478 ], [ 121.752998454119776, 25.028543692374363 ], [ 121.75294860118612, 25.02846325937832 ], [ 121.752893075029661, 25.028386632830728 ], [ 121.752832165066266, 25.028314212127846 ], [ 121.752766188773506, 25.028246374744036 ], [ 121.752695490035933, 25.028183474264299 ], [ 121.75262043735259, 25.028125838541264 ], [ 121.752541421916362, 25.028073767986388 ], [ 121.752458855575, 25.028027534004085 ], [ 121.752373168684386, 25.027987377577155 ], [ 121.752284807865507, 25.027953508010693 ], [ 121.752194233676477, 25.027926101841128 ], [ 121.752101918212091, 25.027905301916114 ], [ 121.752008342643052, 25.027891216649923 ], [ 121.751913994708005, 25.027883919458404 ], [ 121.751819366171461, 25.02788344837629 ], [ 121.75172495026041, 25.027889805858972 ], [ 121.751557704840309, 25.027888412733109 ], [ 121.751390546233765, 25.027893977945329 ], [ 121.751223763820875, 25.027906491861305 ], [ 121.751057646330636, 25.027925932817304 ], [ 121.750892481340813, 25.027952267157691 ], [ 121.75072855478038, 25.027985449293215 ], [ 121.750566150434238, 25.02802542177993 ], [ 121.750405549452154, 25.028072115418588 ], [ 121.75024702986191, 25.028125449374524 ], [ 121.750090866088158, 25.028185331317509 ], [ 121.749937328477046, 25.028251657581656 ], [ 121.7497866828285, 25.028324313344815 ], [ 121.749639189936019, 25.028403172827439 ], [ 121.749495105134983, 25.028488099510245 ], [ 121.749354677860907, 25.028578946370583 ], [ 121.749218151217462, 25.028675556136992 ], [ 121.749085761555634, 25.028777761561408 ], [ 121.748957738064618, 25.028885385708737 ], [ 121.748834302375002, 25.028998242263125 ], [ 121.748715668175137, 25.029116135850565 ], [ 121.748602040841121, 25.02923886237706 ], [ 121.748493617081351, 25.029366209381951 ], [ 121.74839058459591, 25.029497956405766 ], [ 121.748293121751715, 25.029633875371825 ], [ 121.74820139727359, 25.029773730981137 ], [ 121.748131708004223, 25.029850002087191 ], [ 121.748057128404525, 25.029921498654886 ], [ 121.747977984853435, 25.029987907797384 ], [ 121.747894623702933, 25.03004893889166 ], [ 121.747807409762217, 25.030104324850441 ], [ 121.747716724701306, 25.030153823290913 ], [ 121.747622965380657, 25.030197217595546 ], [ 121.747526542114471, 25.030234317859996 ], [ 121.747427876875065, 25.030264961724267 ], [ 121.747327401446171, 25.030289015083145 ], [ 121.747225555533362, 25.030306372673117 ], [ 121.747122784839831, 25.030316958533032 ], [ 121.747019539115755, 25.03032072633653 ], [ 121.746916270190241, 25.030317659594761 ], [ 121.746813429993878, 25.030307771728548 ], [ 121.746711468581083, 25.03029110600967 ], [ 121.746610832160471, 25.030267735371471 ], [ 121.746511961142161, 25.030237762089705 ], [ 121.7464152882104, 25.030201317334939 ], [ 121.746321236430106, 25.030158560598522 ], [ 121.746230217395407, 25.030109678994609 ], [ 121.746142629428263, 25.030054886441338 ], [ 121.7460588558355, 25.029994422724567 ], [ 121.745979263231376, 25.029928552448656 ], [ 121.744436840778533, 25.028666156261078 ], [ 121.744083913607128, 25.028487514230662 ], [ 121.743208131366927, 25.028118319867922 ], [ 121.743118060264464, 25.028082168789545 ], [ 121.743030449240919, 25.028040407413595 ], [ 121.742945647332348, 25.02799320211442 ], [ 121.742863992383477, 25.027940740954538 ], [ 121.7427858097018, 25.027883232935476 ], [ 121.742711410761558, 25.027820907165072 ], [ 121.742641091962781, 25.027754011944719 ], [ 121.742575133450515, 25.027682813780213 ], [ 121.742513797998782, 25.027607596319928 ], [ 121.742457329963642, 25.02752865922487 ], [ 121.742405954309717, 25.027446316974778 ], [ 121.742359875713902, 25.027360897615274 ], [ 121.74231927775007, 25.027272741450997 ], [ 121.742269116887442, 25.027167276643606 ], [ 121.742213039806984, 25.027064834958793 ], [ 121.742151227995947, 25.026965747937677 ], [ 121.742083881501372, 25.026870336264349 ], [ 121.742011218282684, 25.02677890872808 ], [ 121.741933473506293, 25.026691761223905 ], [ 121.741850898784548, 25.026609175795031 ], [ 121.741763761361284, 25.02653141971998 ], [ 121.741672343247089, 25.026458744647648 ], [ 121.741576940306544, 25.026391385782812 ], [ 121.741477861300623, 25.026329561124935 ], [ 121.741375426887487, 25.026273470762639 ], [ 121.741269968584689, 25.026223296226132 ], [ 121.741161827696331, 25.026179199899723 ], [ 121.741051354208338, 25.026141324496251 ], [ 121.736763942644558, 25.025414830155118 ], [ 121.735731303883725, 25.025367191030032 ], [ 121.734881664397008, 25.025438649710654 ], [ 121.734358809328242, 25.025533927886048 ], [ 121.733888239766358, 25.025724484012493 ], [ 121.732648909861226, 25.026345278068568 ], [ 121.731709404659526, 25.02654997565244 ], [ 121.731198804006453, 25.026512757935599 ], [ 121.7294831858121, 25.02584283708109 ], [ 121.729238097498637, 25.025600920308349 ], [ 121.728850041002275, 25.025303175926261 ], [ 121.728359864375307, 25.025024039904789 ], [ 121.726603398128717, 25.024540202613782 ], [ 121.725194205683124, 25.02442297971346 ], [ 121.724340906210941, 25.024468713629609 ], [ 121.72381020831611, 25.024378674965732 ] ], [ [ 121.729235548543159, 25.108479811928969 ], [ 121.730096710205046, 25.108877696320256 ], [ 121.730738916225945, 25.109025858482408 ], [ 121.731323483196945, 25.109083458509776 ], [ 121.732023308411641, 25.109025787165738 ], [ 121.732566695177809, 25.1088775591736 ], [ 121.732961878433798, 25.108663473713008 ], [ 121.733324128556717, 25.108449390081425 ], [ 121.733744006147234, 25.108152971128376 ], [ 121.7341803343122, 25.107617788108925 ], [ 121.735398744975555, 25.105896979116515 ], [ 121.73577744016066, 25.105361799301861 ], [ 121.7364730844929, 25.104344958982679 ], [ 121.736678882388134, 25.10383448840615 ], [ 121.736814707577011, 25.103476336138861 ], [ 121.736913495948102, 25.10331166641248 ], [ 121.737168710082727, 25.103048189457105 ], [ 121.73766268832486, 25.10276823282322 ], [ 121.738156664361455, 25.102455343341763 ], [ 121.738650646461821, 25.10223301919341 ], [ 121.739152873421787, 25.102183592041044 ], [ 121.739564537023824, 25.102175335976426 ], [ 121.740631502561342, 25.102110668585802 ], [ 121.743092491909238, 25.102072224979079 ], [ 121.744068132910201, 25.10202688815232 ], [ 121.744562123823883, 25.101936295397678 ], [ 121.74527840620982, 25.101738658547816 ], [ 121.745838255667607, 25.10153279717052 ], [ 121.746398107881078, 25.10136810185319 ], [ 121.748131181131512, 25.100878129538529 ], [ 121.749283819234506, 25.100556970290828 ], [ 121.749670775259929, 25.100433450632572 ], [ 121.750020686197786, 25.100379915331686 ], [ 121.750539379709124, 25.100330487267545 ], [ 121.751000445201242, 25.100355161309015 ], [ 121.751222746593641, 25.100396315028068 ], [ 121.751716754587534, 25.100560951841818 ], [ 121.752375433198281, 25.100799678420465 ], [ 121.752877672820048, 25.100939615140994 ], [ 121.753219363702726, 25.101083677379599 ], [ 121.753622809443186, 25.101305951701971 ], [ 121.754396771651528, 25.101808134656277 ], [ 121.756368731904715, 25.103137688884686 ], [ 121.757282622977172, 25.10308823887728 ], [ 121.75807301535869, 25.103047028938015 ], [ 121.758221213895553, 25.103038787498669 ], [ 121.763891671691596, 25.102509801111133 ], [ 121.764042983226858, 25.102488560008368 ], [ 121.764195079088722, 25.102473958160637 ], [ 121.764347668100982, 25.102466023522084 ], [ 121.764500458143345, 25.102464771282971 ], [ 121.764653156710679, 25.102470203840653 ], [ 121.764805471472954, 25.102482310794873 ], [ 121.764957110834942, 25.102501068967772 ], [ 121.765107784494347, 25.102526442448234 ], [ 121.765257203997706, 25.102558382660629 ], [ 121.765405083292507, 25.102596828457781 ], [ 121.765551139274891, 25.102641706238096 ], [ 121.765695092331512, 25.102692930086402 ], [ 121.765836666875018, 25.102750401938458 ], [ 121.765975591871509, 25.102814011768686 ], [ 121.766111601359412, 25.102883637800829 ], [ 121.766244434958708, 25.102959146741007 ], [ 121.766373838369375, 25.103040394033012 ], [ 121.766499563858233, 25.103127224134933 ], [ 121.766621370733191, 25.103219470817042 ], [ 121.766739025804114, 25.103316957479933 ], [ 121.766852303829111, 25.103419497492638 ], [ 121.769825119637943, 25.107834755912545 ], [ 121.770361201177224, 25.108810972196427 ], [ 121.770418769478823, 25.108926748357149 ], [ 121.770482043774052, 25.109039507358123 ], [ 121.770550866384241, 25.109148968205318 ], [ 121.770625065804239, 25.109254858123691 ], [ 121.770704457130023, 25.109356913236862 ], [ 121.770788842519465, 25.109454879224792 ], [ 121.770878011685141, 25.109548511957467 ], [ 121.770971742418695, 25.109637578103271 ], [ 121.77106980114425, 25.109721855710497 ], [ 121.771171943500718, 25.109801134760396 ], [ 121.771277914950645, 25.109875217690572 ], [ 121.771387451414441, 25.1099439198873 ], [ 121.771500279928674, 25.110007070145546 ], [ 121.771616119326055, 25.110064511095675 ], [ 121.77182347582, 25.110128774248139 ], [ 121.772032608413198, 25.110186998184922 ], [ 121.772243341254864, 25.110239133948017 ], [ 121.772455497148655, 25.110285137698625 ], [ 121.772668897701678, 25.11032497075416 ], [ 121.772883363474463, 25.110358599620692 ], [ 121.773098714131748, 25.110385996021094 ], [ 121.773314768594275, 25.110407136918933 ], [ 121.773531345191017, 25.110422004537714 ], [ 121.773748261811875, 25.11043058637587 ], [ 121.773904441848529, 25.110431844031634 ], [ 121.774060514575893, 25.110425920407497 ], [ 121.7742161499677, 25.110412828029361 ], [ 121.774371018922452, 25.110392594581949 ], [ 121.774524793959387, 25.110365262850216 ], [ 121.774677149910872, 25.110330890628969 ], [ 121.774827764610038, 25.110289550600566 ], [ 121.774976319571948, 25.110241330181264 ], [ 121.77512250066718, 25.110186331336383 ], [ 121.77526599878604, 25.110124670364666 ], [ 121.77540651049209, 25.110056477652378 ], [ 121.775543738663899, 25.109981897397578 ], [ 121.775677393123317, 25.109901087305239 ], [ 121.775807191249015, 25.109814218253707 ], [ 121.775932858574095, 25.109721473933423 ], [ 121.776054129366642, 25.10962305045847 ], [ 121.776170747191401, 25.109519155951897 ], [ 121.776282465452155, 25.109410010105606 ], [ 121.776447432171892, 25.109223668330266 ], [ 121.776607491419213, 25.109033094687778 ], [ 121.776762534677815, 25.108838418382529 ], [ 121.776912456832036, 25.108639771400338 ], [ 121.777057156238286, 25.108437288419104 ], [ 121.777196534793873, 25.108231106717426 ], [ 121.777330498003451, 25.108021366081545 ], [ 121.777458955043201, 25.107808208710569 ], [ 121.777581818822313, 25.107591779120074 ], [ 121.777699006042099, 25.107372224044123 ], [ 121.777810437252455, 25.107149692335774 ], [ 121.777916036905722, 25.106924334866193 ], [ 121.778015733407813, 25.106696304422336 ], [ 121.778114014393111, 25.106539435724251 ], [ 121.778217939824629, 25.106386248109875 ], [ 121.778327371981533, 25.106236944581642 ], [ 121.778442165845647, 25.106091722994869 ], [ 121.778562169293522, 25.105950775795478 ], [ 121.778687223297894, 25.105814289765068 ], [ 121.778817162138736, 25.105682445773343 ], [ 121.778951813622555, 25.105555418538422 ], [ 121.77909099931081, 25.105433376395304 ], [ 121.779234534756228, 25.105316481072837 ], [ 121.779382229747355, 25.105204887479317 ], [ 121.779533888560437, 25.105098743497287 ], [ 121.779689310219013, 25.104998189787509 ], [ 121.779848288760135, 25.104903359602577 ], [ 121.780010613507287, 25.104814378610371 ], [ 121.780176069349594, 25.104731364727439 ], [ 121.780344437026912, 25.104654427962831 ], [ 121.780515493420324, 25.104583670272241 ], [ 121.780689011847926, 25.104519185422951 ], [ 121.780864762365127, 25.104461058869507 ], [ 121.781042512069391, 25.104409367640542 ], [ 121.781222025408823, 25.10436418023669 ], [ 121.781403064494512, 25.104325556539766 ], [ 121.781557314128349, 25.104313175402144 ], [ 121.781711958142282, 25.104307565494342 ], [ 121.781866699437003, 25.104308737594021 ], [ 121.782021240726323, 25.104316689449369 ], [ 121.782175285108309, 25.104331405783423 ], [ 121.78232853663566, 25.104352858323423 ], [ 121.782480700884321, 25.104381005855128 ], [ 121.782631485519062, 25.104415794302025 ], [ 121.782780600855162, 25.104457156829188 ], [ 121.782927760414907, 25.104505013971625 ], [ 121.783072681478004, 25.1045592737871 ], [ 121.783215085624747, 25.104619832032611 ], [ 121.783354699270831, 25.104686572364756 ], [ 121.783491254193052, 25.104759366563215 ], [ 121.783624488044552, 25.104838074777067 ], [ 121.783754144858818, 25.104922545793539 ], [ 121.78387997554151, 25.105012617328409 ], [ 121.784001738349048, 25.105108116337874 ], [ 121.784119199352901, 25.105208859350963 ], [ 121.784232132889088, 25.105314652822013 ], [ 121.784340321991721, 25.105425293502499 ], [ 121.784443558809869, 25.105540568831564 ], [ 121.784541645006797, 25.105660257344297 ], [ 121.784634392141086, 25.105784129097305 ], [ 121.784721622028584, 25.105911946110385 ], [ 121.78480316708486, 25.106043462823806 ], [ 121.784878870646949, 25.106178426570025 ], [ 121.786125421126073, 25.109151878385983 ], [ 121.786178488262479, 25.10927588139883 ], [ 121.786237614502667, 25.10939711240098 ], [ 121.786302655558515, 25.109515275547565 ], [ 121.786373452707778, 25.109630082480361 ], [ 121.786449833181322, 25.109741253031412 ], [ 121.786531610584831, 25.109848515906798 ], [ 121.786618585353608, 25.109951609348634 ], [ 121.786710545239742, 25.110050281773894 ], [ 121.786807265829751, 25.11014429238832 ], [ 121.786908511092591, 25.110233411774047 ], [ 121.787014033955373, 25.110317422449473 ], [ 121.787123576906495, 25.110396119400022 ], [ 121.787236872623851, 25.11046931057836 ], [ 121.787353644627416, 25.110536817373152 ], [ 121.790010424457364, 25.112507892682228 ], [ 121.790208710243292, 25.11260169900974 ], [ 121.790409758796855, 25.11268942790516 ], [ 121.790613383897664, 25.112770998109944 ], [ 121.790819396938815, 25.112846334070003 ], [ 121.791027607101469, 25.11291536600574 ], [ 121.791237821531865, 25.112978029976578 ], [ 121.791449845519736, 25.113034267940268 ], [ 121.791663482678686, 25.113084027806636 ], [ 121.791878535128205, 25.113127263485797 ], [ 121.792094803676775, 25.113163934930888 ], [ 121.792312088006554, 25.11319400817511 ], [ 121.792530186858826, 25.113217455363259 ], [ 121.792748898220353, 25.113234254777467 ], [ 121.792968019510681, 25.113244390857339 ], [ 121.793160997059061, 25.113253074646803 ], [ 121.793354156078451, 25.113255384541944 ], [ 121.793547286101571, 25.113251318025888 ], [ 121.793740176692808, 25.113240879529531 ], [ 121.793932617677342, 25.113224080426725 ], [ 121.794124399370318, 25.113200939021869 ], [ 121.794315312805253, 25.113171480529992 ], [ 121.79450514996168, 25.113135737049245 ], [ 121.794693703991925, 25.113093747525919 ], [ 121.794880769446323, 25.113045557712081 ], [ 121.795066142497205, 25.112991220115653 ], [ 121.795235462663967, 25.112939856918562 ], [ 121.79540653269521, 25.112894662435508 ], [ 121.795579127930537, 25.112855696018826 ], [ 121.795753021706574, 25.112823008841765 ], [ 121.795927985654586, 25.112796643831285 ], [ 121.796103790000515, 25.112776635611642 ], [ 121.796280203866459, 25.112763010458934 ], [ 121.796456995574218, 25.112755786266632 ], [ 121.796633932949334, 25.112754972521987 ], [ 121.796810783625986, 25.112760570293673 ], [ 121.796987315352325, 25.112772572230334 ], [ 121.797136793117019, 25.112776368924145 ], [ 121.797286286129321, 25.112773229451793 ], [ 121.797435472705828, 25.112763160568885 ], [ 121.797584031822566, 25.11274618394194 ], [ 121.797731643805577, 25.112722336101751 ], [ 121.797877991019163, 25.112691668364796 ], [ 121.798022758549138, 25.112654246722816 ], [ 121.798165634880448, 25.112610151700792 ], [ 121.798306312567661, 25.11255947818367 ], [ 121.798444488896436, 25.112502335212195 ], [ 121.79857986653488, 25.112438845748319 ], [ 121.802156787048091, 25.110206306971371 ], [ 121.802351321958284, 25.110116761820013 ], [ 121.80254860495323, 25.110033445643282 ], [ 121.802748436642503, 25.109956442647359 ], [ 121.802950615059657, 25.109885830657852 ], [ 121.803154935866417, 25.109821681041062 ], [ 121.80336119255935, 25.109764058631914 ], [ 121.803569176678366, 25.109713021668359 ], [ 121.803778678017522, 25.109668621732574 ], [ 121.803989484837501, 25.109630903698807 ], [ 121.808135173630177, 25.108836842686543 ], [ 121.80891880992634, 25.108537629938148 ], [ 121.809399103140137, 25.108399531496904 ], [ 121.810561918289295, 25.108203891768508 ], [ 121.810766478211335, 25.108182285652749 ], [ 121.810971601207939, 25.10816691873363 ], [ 121.811177097024483, 25.108157805264209 ], [ 121.811382775060508, 25.108154953697351 ], [ 121.811588444546587, 25.108158366677934 ], [ 121.811793914721193, 25.108168041040365 ], [ 121.81199899500767, 25.108183967811541 ], [ 121.812203495190985, 25.108206132219113 ], [ 121.812407225594185, 25.108234513705298 ], [ 121.812609997254242, 25.108269085945825 ], [ 121.812811622097442, 25.108309816874414 ], [ 121.813011913113712, 25.108356668712553 ], [ 121.813210684530205, 25.108409598004435 ], [ 121.813407751983362, 25.108468555657353 ], [ 121.813602932690259, 25.108533486987227 ], [ 121.813758779892297, 25.108628872101189 ], [ 121.813918155118472, 25.108718237685252 ], [ 121.814080825981051, 25.108801453433855 ], [ 121.814246555286701, 25.108878398008653 ], [ 121.814415101382636, 25.108948959215397 ], [ 121.814586218508765, 25.109013034167543 ], [ 121.814759657156173, 25.109070529436263 ], [ 121.814935164430921, 25.109121361186688 ], [ 121.81511248442277, 25.109165455300161 ], [ 121.815291358578236, 25.109202747482247 ], [ 121.8154715260778, 25.109233183356576 ], [ 121.815660384789737, 25.109223580139208 ], [ 121.815848759651701, 25.109207004668164 ], [ 121.816036393351538, 25.10918347958485 ], [ 121.816223029589494, 25.109153037023546 ], [ 121.81640841342832, 25.109115718567498 ], [ 121.816592291641484, 25.109071575192168 ], [ 121.816774413059036, 25.109020667195541 ], [ 121.816954528910827, 25.108963064115791 ], [ 121.817132393166133, 25.108898844636329 ], [ 121.817307762869873, 25.108828096478252 ], [ 121.821305319123937, 25.107087588440088 ], [ 121.827978866936562, 25.105165681250774 ], [ 121.82809147195502, 25.105134511025394 ], [ 121.828202095291402, 25.105096908491152 ], [ 121.828310369848225, 25.105052998429969 ], [ 121.828415936322401, 25.10500292655497 ], [ 121.828518444397332, 25.104946859026903 ], [ 121.828617553905659, 25.104884981902789 ], [ 121.828712935957952, 25.104817500518447 ], [ 121.828804274034113, 25.104744638807134 ], [ 121.828891265033761, 25.104666638556409 ], [ 121.828973620282071, 25.104583758605827 ], [ 121.829051066487651, 25.104496273987923 ], [ 121.829123346649595, 25.104404475015588 ], [ 121.829190220910135, 25.104308666318644 ], [ 121.82925146735073, 25.104209165832991 ], [ 121.829306882728432, 25.104106303745482 ], [ 121.83069530423937, 25.101646785689805 ], [ 121.831010781045052, 25.101197479253514 ], [ 121.831876319973489, 25.100291495626902 ], [ 121.831970759251462, 25.100197249353453 ], [ 121.832060120015953, 25.100098174679328 ], [ 121.832144155763686, 25.099994544903755 ], [ 121.832222634680591, 25.099886645891303 ], [ 121.832295340281135, 25.099774775283322 ], [ 121.832362072005708, 25.099659241676864 ], [ 121.832422645773576, 25.099540363773428 ], [ 121.832476894491009, 25.099418469499806 ], [ 121.832524668511894, 25.099293895103521 ], [ 121.832565836050804, 25.099166984225239 ], [ 121.832600283546299, 25.099038086950888 ], [ 121.832627915974385, 25.098907558845866 ], [ 121.832648657110525, 25.098775759974274 ], [ 121.832662449739914, 25.098643053905619 ], [ 121.832669255815347, 25.098509806711952 ], [ 121.832669056562139, 25.098376385958009 ], [ 121.832687079724366, 25.098219792964088 ], [ 121.832698165610708, 25.09806255650761 ], [ 121.832702292563624, 25.097904983767634 ], [ 121.832699452520657, 25.097747382580213 ], [ 121.832689651030151, 25.097590060836939 ], [ 121.832672907240408, 25.097433325883493 ], [ 121.832649253862328, 25.097277483919232 ], [ 121.832618737105406, 25.097122839398896 ], [ 121.832581416587558, 25.096969694437924 ], [ 121.832537365218627, 25.096818348222182 ], [ 121.831825623659725, 25.094450469585919 ], [ 121.83174610409074, 25.093967723650785 ], [ 121.831719597567712, 25.093699195390833 ], [ 121.831730715293943, 25.093072847137307 ], [ 121.831730529050816, 25.092982970075841 ], [ 121.831724506392021, 25.09289329483709 ], [ 121.831712672744871, 25.092804200024332 ], [ 121.831695078070297, 25.092716061790341 ], [ 121.831671796651875, 25.092629252249264 ], [ 121.831642926782351, 25.092544137905588 ], [ 121.831608590348509, 25.092461078106794 ], [ 121.831568932316657, 25.092380423526183 ], [ 121.830460718922311, 25.090111603512593 ], [ 121.830281618695281, 25.089942754458946 ], [ 121.828527412344087, 25.088461525880884 ], [ 121.828131044049755, 25.088152133820721 ], [ 121.827912637030437, 25.087577546468115 ] ], [ [ 121.739383878582245, 25.132597978926594 ], [ 121.738340475742845, 25.130858175539668 ], [ 121.738162404170893, 25.130433624769292 ], [ 121.738025424979298, 25.130091244747423 ], [ 121.73799800801801, 25.129707772121144 ], [ 121.738025379978311, 25.129420164987852 ], [ 121.738326648789368, 25.128899719044171 ], [ 121.739655024133285, 25.12740683515408 ], [ 121.741983122113183, 25.125051078902047 ], [ 121.742825328097098, 25.12393484844053 ], [ 121.743181358289917, 25.123099402848617 ], [ 121.743290855337804, 25.1220859293887 ], [ 121.743386665946176, 25.121209411741347 ], [ 121.743639805037191, 25.117778673668198 ], [ 121.743728746280055, 25.116580312040892 ], [ 121.743619160188729, 25.116265321512969 ], [ 121.743221932061417, 25.115443613276653 ], [ 121.742537098607741, 25.114663007527984 ], [ 121.741605752200513, 25.114005675013402 ], [ 121.741304439319023, 25.113868736697416 ], [ 121.736079403596406, 25.111547638757251 ], [ 121.731183075631861, 25.109418259590321 ], [ 121.729235548543159, 25.108479811928969 ] ], [ [ 121.82674779959406, 25.085816934906138 ], [ 121.826532963753749, 25.085580496226804 ], [ 121.82631347418598, 25.085348371223791 ], [ 121.82608941748633, 25.085120651477776 ], [ 121.825860882052254, 25.084897426831382 ], [ 121.825627958048244, 25.08467878535378 ], [ 121.82554129735388, 25.084603930263285 ], [ 121.825458895331195, 25.084524411289575 ], [ 121.82538100262984, 25.084440470312682 ], [ 121.82530785618313, 25.084352362663456 ], [ 121.825239678487151, 25.08426035634686 ], [ 121.825176676924158, 25.084164731226824 ], [ 121.825119043131693, 25.084065778174885 ], [ 121.825066952419675, 25.083963798185469 ], [ 121.825020563237103, 25.083859101460295 ], [ 121.824980016690134, 25.083752006464842 ], [ 121.824945436112841, 25.083642838959623 ], [ 121.824837773697155, 25.083377413722282 ], [ 121.82472353579449, 25.083114751479155 ], [ 121.824602793239691, 25.082855015097735 ], [ 121.824475620900927, 25.082598365631288 ], [ 121.824342097633263, 25.082344962219004 ], [ 121.824202306229637, 25.082094961987316 ], [ 121.824160658465289, 25.081983755555811 ], [ 121.824125655827359, 25.08187028211389 ], [ 121.824097420681412, 25.081754938352823 ], [ 121.824076051734565, 25.081638127502327 ], [ 121.824061623690397, 25.081520257920904 ], [ 121.824054186987837, 25.081401741668266 ], [ 121.824053767624889, 25.081282993064832 ], [ 121.824060367067517, 25.081164427243284 ], [ 121.824073962244782, 25.081046458697319 ], [ 121.824094505629432, 25.080929499832614 ], [ 121.824121925403844, 25.080813959525123 ], [ 121.824156125711426, 25.080700241691677 ], [ 121.824196986991439, 25.0805887438779 ], [ 121.824244366397167, 25.080479855868472 ], [ 121.824298098295174, 25.080373958324493 ], [ 121.824357994844306, 25.080271421452668 ], [ 121.824423846652579, 25.080172603711169 ], [ 121.824495423508893, 25.080077850556492 ], [ 121.824572475188091, 25.079987493235738 ], [ 121.82465473232557, 25.07990184762863 ], [ 121.824697707693801, 25.079795787225645 ], [ 121.824734412202659, 25.079687396864539 ], [ 121.824764720420561, 25.079577046951616 ], [ 121.824788528774093, 25.079465114589652 ], [ 121.824805755902105, 25.079351982289158 ], [ 121.824816342933701, 25.079238036661273 ], [ 121.824820253689495, 25.079123667096503 ], [ 121.82481747480503, 25.079009264434148 ], [ 121.824808015776753, 25.078895219626567 ], [ 121.824791908929313, 25.078781922403213 ], [ 121.824769209305231, 25.078669759938819 ], [ 121.824739994476772, 25.078559115530226 ], [ 121.824704364280819, 25.078450367286614 ], [ 121.824662440477738, 25.078343886837288 ], [ 121.824614366335226, 25.078240038061764 ], [ 121.824560306138835, 25.078139175846232 ], [ 121.824500444630459, 25.078041644870808 ], [ 121.824434986376986, 25.077947778431636 ], [ 121.824364155071265, 25.077857897301897 ], [ 121.824288192767682, 25.077772308635652 ], [ 121.824199571220291, 25.077665941445193 ], [ 121.824116452954343, 25.077555220572098 ], [ 121.824039051495006, 25.077440430450736 ], [ 121.823967565681315, 25.077321865969086 ], [ 121.823902179155439, 25.077199831711166 ], [ 121.823843059890905, 25.077074641174658 ], [ 121.823790359761048, 25.07694661596549 ], [ 121.823744214148888, 25.076816084971657 ], [ 121.823704741599371, 25.076683383518372 ], [ 121.823672043514748, 25.076548852506583 ], [ 121.823646203894214, 25.076412837537255 ], [ 121.823627289117908, 25.076275688023564 ], [ 121.823615347776652, 25.076137756293203 ], [ 121.823610410546976, 25.075999396683365 ], [ 121.823612490112197, 25.075860964630436 ], [ 121.823621581130084, 25.07572281575688 ], [ 121.823637660246447, 25.075585304957716 ], [ 121.823660686155137, 25.075448785488778 ], [ 121.823690599704165, 25.075313608059243 ], [ 121.823727324047638, 25.075180119930689 ], [ 121.823770838892088, 25.074964142846824 ], [ 121.823807794775036, 25.074746947300941 ], [ 121.82383815781273, 25.074528732433489 ], [ 121.823861900166136, 25.0743096983195 ], [ 121.823879000066569, 25.074090045785148 ], [ 121.82388944183559, 25.073869976223659 ], [ 121.82389321589946, 25.073649691410559 ], [ 121.823890318797879, 25.073429393318786 ], [ 121.823880753187026, 25.073209283933416 ], [ 121.823864527837443, 25.072989565066528 ], [ 121.823841657625607, 25.072770438172132 ], [ 121.823812163520628, 25.072552104161485 ], [ 121.823776072564755, 25.072334763218841 ], [ 121.823733417848871, 25.072118614617999 ], [ 121.823684238481775, 25.071903856539478 ], [ 121.823628579554665, 25.071690685888896 ], [ 121.823595622187995, 25.071560203370236 ], [ 121.823555895961789, 25.071431619924017 ], [ 121.823509509281493, 25.071305286430501 ], [ 121.823456588727751, 25.071181547630275 ], [ 121.823397278710857, 25.071060741183469 ], [ 121.823331741076814, 25.070943196748388 ], [ 121.823260154665661, 25.070829235081899 ], [ 121.823182714823346, 25.070719167164178 ], [ 121.823099632868775, 25.07061329335005 ], [ 121.82301113551712, 25.070511902549459 ], [ 121.822917464261224, 25.07041527143901 ], [ 121.822818874712439, 25.070323663706997 ], [ 121.822735455406914, 25.070222648274221 ], [ 121.822657107299861, 25.070117650787051 ], [ 121.82258402017446, 25.070008925581625 ], [ 121.822516371070179, 25.069896736023836 ], [ 121.822454323853918, 25.069781353871186 ], [ 121.822398028823102, 25.069663058614736 ], [ 121.822347622341582, 25.069542136801932 ], [ 121.822303226509362, 25.069418881342528 ], [ 121.822264948866732, 25.06929359079912 ], [ 121.822232882133946, 25.069166568663878 ], [ 121.822207103986486, 25.069038122623436 ], [ 121.822187676866889, 25.068908563813554 ], [ 121.822174647833677, 25.068778206065467 ], [ 121.822168048447097, 25.068647365145697 ], [ 121.822167894692953, 25.068516357991115 ], [ 121.82217418694367, 25.068385501941297 ], [ 121.82218690995748, 25.068255113969773 ], [ 121.822229777255643, 25.068054670960876 ], [ 121.822279251572013, 25.067855755659572 ], [ 121.822335278755546, 25.067658585784159 ], [ 121.822397797482992, 25.067463377142463 ], [ 121.822466739325847, 25.067270343395737 ], [ 121.822542028825396, 25.067079695824749 ], [ 121.822623583575194, 25.066891643098472 ], [ 121.822711314311306, 25.06670639104583 ], [ 121.822763075687931, 25.066560912473197 ], [ 121.822808584383779, 25.066413358368518 ], [ 121.82284775755565, 25.06626399733674 ], [ 121.822880523893303, 25.066113101272105 ], [ 121.822906823749506, 25.065960944863203 ], [ 121.822926609248483, 25.065807805092934 ], [ 121.822939844372968, 25.065653960734299 ], [ 121.822946505030046, 25.065499691842895 ], [ 121.822946579094761, 25.065345279247161 ], [ 121.822940066432253, 25.065191004037125 ], [ 121.822926978898067, 25.065037147052699 ], [ 121.822907340316547, 25.064883988372497 ], [ 121.822881186437428, 25.064731806803927 ] ], [ [ 121.822881186437428, 25.064731806803927 ], [ 121.822902871470816, 25.064335224282242 ], [ 121.822937965297982, 25.064173367355103 ], [ 121.822979900856396, 25.064013146724374 ], [ 121.823028602487526, 25.063854851453787 ], [ 121.823083982325926, 25.063698767133396 ], [ 121.823145940457366, 25.063545175364361 ], [ 121.823214365099531, 25.063394353250878 ], [ 121.823289132803325, 25.063246572900226 ], [ 121.823370108675832, 25.063102100931872 ], [ 121.82345714662361, 25.06296119799643 ], [ 121.823550089616219, 25.062824118305393 ], [ 121.823648769969594, 25.062691109172512 ], [ 121.823753009648541, 25.062562410567619 ], [ 121.82386262058796, 25.062438254683627 ], [ 121.823977405032124, 25.062318865517671 ], [ 121.824097155891479, 25.062204458466965 ], [ 121.824221657116269, 25.062095239940188 ], [ 121.824350684086326, 25.061991406985072 ], [ 121.824484004016284, 25.061893146932931 ], [ 121.824621376375603, 25.061800637060664 ], [ 121.824762553322472, 25.061714044270921 ], [ 121.824907280151081, 25.061633524790992 ], [ 121.825055295751014, 25.061559223890928 ], [ 121.830523923496727, 25.059040310897576 ], [ 121.831673578193275, 25.058644072627956 ], [ 121.832885376386926, 25.058417650178015 ], [ 121.841616537730971, 25.057115712883018 ], [ 121.842051542210726, 25.057030803443265 ], [ 121.842320509209216, 25.056942475826009 ], [ 121.842605593745077, 25.056838602668623 ], [ 121.842756007871827, 25.056824989058306 ], [ 121.842906896332138, 25.056818476573113 ], [ 121.843057924065278, 25.056819079674558 ], [ 121.843208755701355, 25.056826797023412 ], [ 121.843359056305871, 25.056841611482628 ], [ 121.843508492123462, 25.056863490155468 ], [ 121.843656731319271, 25.05689238445844 ], [ 121.843803444715491, 25.056928230229296 ], [ 121.843948306522492, 25.056970947869466 ], [ 121.844090995062345, 25.057020442520766 ], [ 121.844231193482983, 25.057076604276133 ], [ 121.844368590461883, 25.057139308423586 ], [ 121.844502880897309, 25.057208415723231 ], [ 121.844633766585943, 25.057283772716417 ], [ 121.844741677696433, 25.05739564382009 ], [ 121.844854473699911, 25.057502587792332 ], [ 121.844971929849933, 25.057604391546832 ], [ 121.845093812114584, 25.057700852239172 ], [ 121.845219877642919, 25.057791777671053 ], [ 121.845349875248914, 25.057876986673158 ], [ 121.84548354591179, 25.057956309466196 ], [ 121.845620623292149, 25.058029587999176 ], [ 121.845760834262762, 25.058096676264316 ], [ 121.845903899452708, 25.058157440587962 ], [ 121.846049533803992, 25.05821175989696 ], [ 121.846197447139559, 25.058259525959855 ], [ 121.846347344741474, 25.058300643602561 ], [ 121.846498927938143, 25.058335030898022 ], [ 121.846651894699434, 25.058362619329383 ], [ 121.846805940238411, 25.058383353926608 ], [ 121.846960757618731, 25.058397193375907 ], [ 121.847116038366082, 25.058404110102124 ], [ 121.848006927540709, 25.058485259965874 ], [ 121.848948724668105, 25.058763487657711 ], [ 121.849087018115881, 25.058834368426361 ], [ 121.849228400117525, 25.058898868741721 ], [ 121.849372576486644, 25.058956854392139 ], [ 121.849519247222389, 25.059008204721611 ], [ 121.849668107133695, 25.059052812880864 ], [ 121.849818846474221, 25.059090586049642 ], [ 121.849971151586985, 25.059121445629899 ], [ 121.85012470555688, 25.059145327409297 ], [ 121.850279188870275, 25.05916218169487 ], [ 121.850434280079767, 25.059171973416351 ], [ 121.850589656472934, 25.059174682199238 ], [ 121.850744994744119, 25.059170302407125 ], [ 121.850899971666806, 25.059158843153426 ], [ 121.851054264766518, 25.059140328282457 ], [ 121.851207552991582, 25.059114796319793 ], [ 121.851359517381326, 25.059082300392088 ], [ 121.851509841729637, 25.059042908116584 ], [ 121.851658213242999, 25.058996701460355 ], [ 121.851804323191416, 25.05894377656977 ], [ 121.851947867550635, 25.058884243570464 ], [ 121.852088547634835, 25.058818226338126 ], [ 121.852226070718316, 25.058745862240805 ], [ 121.852360150644245, 25.058667301853049 ], [ 121.852490508420388, 25.058582708642579 ], [ 121.852616872799544, 25.058492258630142 ], [ 121.852738980843839, 25.058396140023298 ], [ 121.852886510437102, 25.05822250775876 ], [ 121.853038951718986, 25.058053171407771 ], [ 121.853196179655868, 25.057888269861316 ] ], [ [ 121.827912637030437, 25.087577546468115 ], [ 121.82674779959406, 25.085816934906138 ] ], [ [ 121.827912637030437, 25.087577546468115 ], [ 121.827691446684867, 25.087243226868203 ], [ 121.82674779959406, 25.085816934906138 ] ], [ [ 121.868090114933324, 25.041952751832923 ], [ 121.866906505029903, 25.037303302516165 ], [ 121.866870916247905, 25.037161980826841 ], [ 121.866842070365053, 25.037019130218447 ], [ 121.866820032308908, 25.036875072225413 ], [ 121.866804851683696, 25.036730131099805 ], [ 121.866796562658678, 25.036584633081453 ], [ 121.866795183891128, 25.036438905663736 ], [ 121.866800718484399, 25.036293276856309 ], [ 121.866813153981028, 25.036148074446896 ], [ 121.866832462390633, 25.036003625263458 ], [ 121.866858600253053, 25.035860254438582 ], [ 121.866891508735961, 25.035718284677618 ], [ 121.866931113767507, 25.035578035532339 ], [ 121.866977326202985, 25.035439822681692 ], [ 121.867030042025391, 25.035303957221249 ], [ 121.867089142579658, 25.03517074496294 ], [ 121.867154494839625, 25.03504048574678 ], [ 121.867225951707553, 25.034913472765943 ], [ 121.867303352345232, 25.034789991906841 ], [ 121.867386522535824, 25.034670321105594 ], [ 121.867475275076274, 25.034554729722522 ], [ 121.867569410198442, 25.034443477935795 ], [ 121.867668716018855, 25.034336816155815 ], [ 121.86777296901559, 25.034234984461605 ], [ 121.867881934531468, 25.034138212060423 ], [ 121.867995367302044, 25.034046716771844 ], [ 121.86811301200791, 25.033960704537488 ], [ 121.86823460384916, 25.033880368957472 ], [ 121.868359869141557, 25.033805890854644 ], [ 121.868488525932435, 25.033737437867611 ], [ 121.868620284635469, 25.03367516407334 ], [ 121.868754848682357, 25.033619209640445 ], [ 121.868891915190432, 25.033569700513624 ], [ 121.871360950902812, 25.032781223286932 ], [ 121.871470725150374, 25.032715163145113 ], [ 121.871576790957718, 25.032643299577966 ], [ 121.871678841827759, 25.032565840248736 ], [ 121.871776582865451, 25.032483008990642 ], [ 121.871869731629744, 25.03239504516014 ], [ 121.871958018949826, 25.032302202945186 ], [ 121.872041189702969, 25.032204750630743 ], [ 121.872119003551703, 25.032102969823544 ], [ 121.872191235638283, 25.03199715463828 ], [ 121.872257677234643, 25.031887610847761 ], [ 121.872318136345271, 25.031774654999282 ], [ 121.872372438262317, 25.031658613499928 ], [ 121.872420426070164, 25.031539821673338 ], [ 121.872461961099063, 25.031418622790753 ], [ 121.872496923325784, 25.031295367079046 ], [ 121.872525211720429, 25.031170410708679 ], [ 121.872546744538354, 25.031044114764487 ], [ 121.872561459556493, 25.030916844202274 ], [ 121.872569314252985, 25.030788966794145 ], [ 121.872570285930252, 25.030660852065836 ], [ 121.87256437178047, 25.03053287022885 ], [ 121.872551588893629, 25.030405391110676 ], [ 121.872531974208314, 25.030278783086104 ], [ 121.87250558440482, 25.030153412012741 ], [ 121.872484363653228, 25.030020642205244 ], [ 121.872470252532963, 25.029886929758685 ], [ 121.872463291192602, 25.029752655107991 ], [ 121.872463499438382, 25.029618200287647 ], [ 121.872470876677738, 25.029483947844774 ], [ 121.872485401921224, 25.029350279750656 ], [ 121.872507033842012, 25.029217576314068 ], [ 121.872535710893516, 25.029086215099117 ], [ 121.872571351484609, 25.028956569851054 ], [ 121.872613854211721, 25.028829009432936 ], [ 121.872663098147228, 25.028703896776129 ], [ 121.872718943183685, 25.028581587847651 ], [ 121.872781230432338, 25.028462430637482 ], [ 121.872849782675218, 25.028346764168376 ], [ 121.872924404869408, 25.028234917531361 ], [ 121.873004884701942, 25.02812720894936 ], [ 121.873090993193827, 25.028023944871848 ], [ 121.873182485351592, 25.027925419102889 ], [ 121.873279100864266, 25.027831911965258 ], [ 121.873380564844126, 25.027743689502856 ], [ 121.884317820335525, 25.025025899945369 ], [ 121.884934283826865, 25.024917187097433 ], [ 121.885471203641885, 25.024862830636941 ], [ 121.886067781214152, 25.024917187097422 ], [ 121.890860287711291, 25.025279562878655 ], [ 121.89101882962882, 25.025285361169022 ], [ 121.891177475359143, 25.025284529279833 ], [ 121.89133594775106, 25.025277068664376 ], [ 121.891493969956258, 25.025262992356211 ], [ 121.891651265912827, 25.02524232494638 ], [ 121.891807560827687, 25.025215102540482 ], [ 121.891962581656429, 25.025181372695538 ], [ 121.89211605758058, 25.025141194336989 ], [ 121.892267720480504, 25.025094637655666 ], [ 121.892417305403868, 25.025041783985252 ], [ 121.89256455102867, 25.024982725660117 ], [ 121.892709200119455, 25.024917565854071 ], [ 121.892850999976929, 25.024846418400106 ], [ 121.892989702879362, 25.024769407591496 ], [ 121.893125066515339, 25.024686667964712 ], [ 121.893256854407085, 25.024598344064355 ], [ 121.893384836323591, 25.024504590190652 ], [ 121.89350878868278, 25.024405570129886 ], [ 121.89362849494222, 25.02430145686829 ], [ 121.893743745977233, 25.024192432289798 ], [ 121.893857795274812, 25.02409210954854 ], [ 121.893976239864983, 25.023997016048533 ], [ 121.894098840190253, 25.02390734411907 ], [ 121.894225348287975, 25.02382327512418 ], [ 121.894355508291923, 25.023744979095774 ], [ 121.89448905694978, 25.023672614389806 ], [ 121.894625724155631, 25.023606327365943 ], [ 121.894765233496187, 25.023546252091563 ], [ 121.894907302809813, 25.023492510070614 ], [ 121.895051644757288, 25.02344520999786 ], [ 121.895197967402979, 25.023404447539036 ], [ 121.895345974805167, 25.023370305137387 ], [ 121.895495367614643, 25.023342851846863 ], [ 121.895645843680271, 25.023322143192537 ], [ 121.895797098659912, 25.023308221058244 ], [ 121.895948826636072, 25.023301113601903 ], [ 121.896100720734651, 25.023300835198537 ], [ 121.896252473745491, 25.023307386411236 ], [ 121.89640377874386, 25.023320753989971 ], [ 121.896554329711066, 25.023340910898455 ], [ 121.896703822153555, 25.023367816368744 ], [ 121.896851953718567, 25.023401415983788 ], [ 121.896998424805858, 25.023441641787389 ], [ 121.897142939173492, 25.023488412421738 ], [ 121.897285204537042, 25.023541633291888 ], [ 121.897424933160821, 25.023601196757127 ], [ 121.897561842439671, 25.023666982348658 ], [ 121.901212151459958, 25.024477805011735 ], [ 121.901405979464926, 25.024500354064479 ], [ 121.901600462415715, 25.024516295743716 ], [ 121.901795375140438, 25.024525611592189 ], [ 121.901990491969556, 25.024528290824048 ], [ 121.902185586997263, 25.024524330337272 ], [ 121.902380434342959, 25.024513734717303 ], [ 121.902574808412837, 25.024496516231718 ], [ 121.90276848416103, 25.024472694816065 ], [ 121.90296123735024, 25.024442298050712 ], [ 121.903152844811217, 25.024405361128956 ], [ 121.903343084701291, 25.024361926816297 ], [ 121.903531736761138, 25.02431204540088 ], [ 121.903718582569823, 25.024255774635275 ], [ 121.90390340579772, 25.024193179669684 ], [ 121.904085992456899, 25.024124332976378 ], [ 121.904266131148944, 25.024049314265923 ], [ 121.904443613309681, 25.023968210394823 ], [ 121.908327581879092, 25.021986433216973 ], [ 121.909038435873939, 25.021709534469107 ], [ 121.909722638760002, 25.021501727722701 ], [ 121.910300953104198, 25.021464619337699 ], [ 121.911001446535153, 25.021464619337699 ], [ 121.912558211732801, 25.021440498881365 ], [ 121.914861796598473, 25.021556462569876 ], [ 121.915778139749477, 25.021626040729807 ], [ 121.916478124100905, 25.021544866206007 ], [ 121.921623804520806, 25.020278681563759 ], [ 121.922637986393667, 25.019934410416823 ], [ 121.927907754948635, 25.017760043780676 ], [ 121.92804923047828, 25.017704192581029 ], [ 121.928193041105956, 25.017654662939844 ], [ 121.928338904522676, 25.017611552086809 ], [ 121.92848653438972, 25.017574944651127 ], [ 121.928635640900694, 25.017544912495435 ], [ 121.928785931350475, 25.017521514574668 ], [ 121.928937110709782, 25.017504796820372 ], [ 121.929088882204368, 25.017494792050499 ], [ 121.929240947897583, 25.01749151990504 ], [ 121.929393009275245, 25.017494986807396 ], [ 121.929544767831658, 25.01750518595183 ], [ 121.929695925655551, 25.01752209731681 ], [ 121.929846186014942, 25.017545687704292 ], [ 121.929995253939666, 25.017575910804918 ], [ 121.9301428368003, 25.017612707288915 ], [ 121.9319103609227, 25.017924427258841 ], [ 121.932561982718951, 25.01797638050936 ], [ 121.933295057239803, 25.017991224291173 ], [ 121.939055801182434, 25.018170277265984 ], [ 121.93919362541736, 25.01817825563057 ], [ 121.93933167697719, 25.018179225614098 ], [ 121.939469599714869, 25.01817318471419 ], [ 121.939607037815676, 25.018160148515221 ], [ 121.939743636715193, 25.018140150648136 ], [ 121.939879044013949, 25.018113242703681 ], [ 121.940012910386642, 25.018079494099265 ], [ 121.940144890483211, 25.01803899189996 ], [ 121.940274643819819, 25.01799184059379 ], [ 121.940401835657312, 25.017938161822279 ], [ 121.940526137864666, 25.017878094066536 ], [ 121.940647229765617, 25.017811792290058 ], [ 121.94076479896583, 25.017739427538977 ], [ 121.940878542158885, 25.017661186500703 ], [ 121.940988165908792, 25.017577271022404 ], [ 121.941093387406852, 25.017487897590215 ], [ 121.941193935201426, 25.017393296770763 ], [ 121.94172846870616, 25.01695261905666 ], [ 121.942046643411373, 25.016767070067051 ], [ 121.942759354751047, 25.016500342897785 ], [ 121.944706583946896, 25.015734948637935 ], [ 121.947734016266978, 25.014625263355708 ], [ 121.948628882625371, 25.014335337378881 ], [ 121.949543634902824, 25.014172253712776 ], [ 121.949688717335263, 25.014177102189581 ], [ 121.949833863712982, 25.014174877563974 ], [ 121.949978729410716, 25.014165585117958 ], [ 121.950122970469522, 25.014149246914865 ], [ 121.950266244413655, 25.014125901746969 ], [ 121.950408211063518, 25.014095605043394 ], [ 121.950548533343607, 25.01405842873849 ], [ 121.950686878082507, 25.014014461101052 ], [ 121.950822916804285, 25.013963806524732 ], [ 121.950956326508219, 25.013906585280171 ], [ 121.951086790435696, 25.013842933229483 ], [ 121.951213998822368, 25.013773001503584 ], [ 121.951337649633629, 25.013696956143427 ], [ 121.951457449281733, 25.013614977705753 ], [ 121.951573113322809, 25.013527260834376 ], [ 121.951684367132387, 25.013434013798047 ], [ 121.951790946557225, 25.013335457995936 ], [ 121.951892598542685, 25.013231827432005 ], [ 121.95198908173343, 25.013123368159341 ], [ 121.95208016704666, 25.013010337695981 ], [ 121.95216563821576, 25.012893004413485 ], [ 121.952245292304013, 25.012771646899711 ], [ 121.952318940186444, 25.01264655329738 ], [ 121.952386406998656, 25.012518020619915 ], [ 121.952447532552227, 25.012386354046225 ], [ 121.952502171714983, 25.012251866196138 ], [ 121.952550194755545, 25.0121148763881 ], [ 121.952591487651361, 25.01197570988106 ], [ 121.952625952359512, 25.011834697102138 ], [ 121.952486750925985, 25.00859103627932 ], [ 121.952499578225044, 25.008474526483386 ], [ 121.952519336059623, 25.008358989908569 ], [ 121.95254595399355, 25.008244838440142 ], [ 121.952579337134438, 25.008132479025523 ], [ 121.952619366472135, 25.008022312223478 ], [ 121.952665899302986, 25.007914730776179 ], [ 121.952718769738482, 25.007810118209065 ], [ 121.952777789296718, 25.007708847463562 ], [ 121.952842747574309, 25.007611279567595 ], [ 121.952913412996466, 25.007517762348531 ], [ 121.952989533642537, 25.007428629193132 ], [ 121.953070838144114, 25.007344197859084 ], [ 121.953157036652527, 25.007264769342193 ], [ 121.953247821872026, 25.007190626803311 ], [ 121.953342870155339, 25.007122034558947 ], [ 121.953441842657497, 25.007059237138883 ], [ 121.953544386543768, 25.007002458414519 ], [ 121.953650136247489, 25.006951900800711 ], [ 121.953758714773329, 25.006907744534221 ], [ 121.953869735041351, 25.006870147031144 ], [ 121.953982801266775, 25.006839242325725 ], [ 121.954097510371085, 25.006815140592547 ], [ 121.95646393474108, 25.006180885841939 ], [ 121.95659032937111, 25.006145568116715 ], [ 121.956714630570545, 25.006103471132949 ], [ 121.956836475020395, 25.006054717935555 ], [ 121.956955506582588, 25.005999451024856 ], [ 121.957071377340796, 25.005937831940031 ], [ 121.957183748617311, 25.005870040786991 ], [ 121.957292291963086, 25.005796275711901 ], [ 121.957396690117733, 25.005716752322105 ], [ 121.957496637936714, 25.005631703055823 ], [ 121.957591843283481, 25.005541376502858 ], [ 121.957682027883024, 25.005446036677913 ], [ 121.957766928135598, 25.005345962248956 ], [ 121.957846295886952, 25.005241445722692 ], [ 121.957919899153794, 25.005132792589603 ], [ 121.957987522801687, 25.005020320431001 ], [ 121.958048969174101, 25.004904357990821 ], [ 121.958104058669974, 25.004785244214681 ], [ 121.9581526302686, 25.004663327259244 ], [ 121.958194542000513, 25.004538963474541 ], [ 121.95822967136229, 25.004412516362432 ], [ 121.958257915674565, 25.00428435551412 ], [ 121.958279192382321, 25.004154855529851 ], [ 121.958293439296014, 25.004024394924045 ], [ 121.958322025304668, 24.999816635702729 ], [ 121.958197738310446, 24.999221987724308 ], [ 121.957887020824913, 24.998457436048383 ], [ 121.957576303339351, 24.99746634338452 ], [ 121.95729665760237, 24.996701780664925 ], [ 121.957203442356686, 24.996305338842919 ], [ 121.955702321933458, 24.983975520487689 ], [ 121.9551732955006, 24.983368984311426 ], [ 121.954750083181906, 24.983016353394 ], [ 121.954199913741007, 24.982656676410212 ], [ 121.953586257991716, 24.982177100466988 ], [ 121.953036086672398, 24.981789211135961 ], [ 121.952641092107726, 24.981514162606619 ], [ 121.952175563251899, 24.981196799458431 ], [ 121.951808785971437, 24.980992280232474 ], [ 121.951540764022084, 24.980957029620484 ], [ 121.951434962585452, 24.980893557692667 ], [ 121.951240995632304, 24.980812457923744 ], [ 121.948412607921711, 24.97967706739211 ], [ 121.945559534884566, 24.978552257842075 ], [ 121.944991740313966, 24.978308957749611 ], [ 121.942614732895549, 24.976856153339501 ], [ 121.941108824166349, 24.975928755709756 ], [ 121.939641706104368, 24.974976670127454 ], [ 121.93917266498201, 24.9748744263009 ], [ 121.936682878047975, 24.97448664417298 ], [ 121.936115096139801, 24.974433777409846 ], [ 121.93577654129632, 24.974377371431814 ], [ 121.933653495499442, 24.973651020865343 ], [ 121.930687576245717, 24.972589695264595 ], [ 121.930296118332024, 24.972466287885041 ], [ 121.927813317398929, 24.971069913947566 ], [ 121.925453948188391, 24.969698218978845 ], [ 121.924910822023264, 24.96919042675016 ], [ 121.923045133286976, 24.967219192108637 ], [ 121.922714957233879, 24.966878128766254 ], [ 121.921329686169031, 24.965325361541186 ], [ 121.921094480338567, 24.96487311739299 ], [ 121.920605955381177, 24.963624914666585 ], [ 121.920153624545691, 24.96257570308326 ], [ 121.919827943652123, 24.96177974850281 ], [ 121.91933945478948, 24.961074254345881 ], [ 121.918633877006542, 24.960314501324266 ], [ 121.918344404665277, 24.959934621314819 ], [ 121.918000660995887, 24.959554744303311 ], [ 121.917693087388912, 24.95901205272089 ], [ 121.917475964794463, 24.958451265855473 ], [ 121.917385492136631, 24.958143735994728 ], [ 121.917295011061455, 24.957709574133812 ], [ 121.917237016788633, 24.956132104416884 ], [ 121.917077787224173, 24.955625585210878 ], [ 121.91661462667787, 24.954945416049448 ], [ 121.916354106986816, 24.954684930324323 ], [ 121.915427828218071, 24.953961370055566 ], [ 121.914421968331581, 24.953491078181422 ], [ 121.910065694428425, 24.952058568139698 ], [ 121.909667694580804, 24.9519066317187 ], [ 121.909276922735813, 24.951631680953611 ], [ 121.906555931595705, 24.948795274375481 ], [ 121.903987007391493, 24.947572512894887 ], [ 121.903480445170501, 24.94712390177121 ], [ 121.903205442548767, 24.946704222318573 ], [ 121.902976749013519, 24.946130029993093 ], [ 121.903017164462355, 24.944634703986054 ], [ 121.902980961946241, 24.944309080835687 ], [ 121.902734891541712, 24.943701260809888 ], [ 121.902344104319141, 24.943194754375558 ], [ 121.901996738967611, 24.942760606687688 ], [ 121.901765163989197, 24.942500119353138 ], [ 121.901302029411539, 24.942210700344514 ], [ 121.900911268141812, 24.942094944086399 ], [ 121.900361315774248, 24.942051557760973 ], [ 121.896902447939468, 24.942428026667521 ], [ 121.895824262778447, 24.9425076834507 ], [ 121.895332195979236, 24.942406405012953 ], [ 121.894044118893873, 24.94184205918938 ], [ 121.890917939295591, 24.939570091794142 ], [ 121.890135211255043, 24.938943050415155 ], [ 121.885324101562574, 24.93546752357631 ], [ 121.884940557723439, 24.935069558440315 ], [ 121.884477381823956, 24.934157833560569 ], [ 121.884376059964708, 24.933926283484503 ], [ 121.884295775548068, 24.933614337795007 ], [ 121.884202253366212, 24.931842292067902 ], [ 121.884390354602743, 24.931248920290667 ], [ 121.885584086204048, 24.927666977708245 ], [ 121.885612989618977, 24.927044670262422 ], [ 121.885477428446933, 24.926440034759445 ], [ 121.885200438662082, 24.925706011833483 ], [ 121.884751759155563, 24.925156091882148 ], [ 121.883811009003722, 24.92444700455674 ], [ 121.883130756448665, 24.923665541712733 ], [ 121.883000489887152, 24.923433993233306 ], [ 121.882899167076516, 24.923187970927998 ], [ 121.882790583605257, 24.922572907181014 ], [ 121.882713407208371, 24.922143797108763 ], [ 121.882718157502168, 24.921603271826942 ], [ 121.883007509568273, 24.920170505188 ], [ 121.883108767097752, 24.919432415921342 ], [ 121.883065326032963, 24.919070612591472 ], [ 121.882848215743607, 24.918694346611556 ], [ 121.881987028525117, 24.917457018527241 ], [ 121.881552824267061, 24.916950514458286 ], [ 121.881017312561355, 24.916429543746837 ], [ 121.879309504547663, 24.915373165210074 ], [ 121.878752279990209, 24.914787070661685 ], [ 121.876943090634867, 24.912601863834592 ], [ 121.876436513088152, 24.911921696999769 ], [ 121.876002300199403, 24.911284942861204 ], [ 121.873737221582218, 24.908947802745779 ], [ 121.873129341388179, 24.90832553040693 ], [ 121.872579355414416, 24.907775616020906 ], [ 121.871479408409229, 24.907052065203427 ], [ 121.869359106118836, 24.905510889682162 ], [ 121.869055172257319, 24.905293822998562 ], [ 121.868360475194521, 24.904932055563407 ], [ 121.867738152379701, 24.904758423118064 ], [ 121.86715924759109, 24.904599260508128 ], [ 121.866146183631741, 24.904613788582108 ], [ 121.865335724022003, 24.904498055423598 ], [ 121.864677222710583, 24.904360605544063 ], [ 121.864257514793735, 24.904215906386352 ], [ 121.863866738161263, 24.903868594422484 ], [ 121.863432518565787, 24.903130534659905 ], [ 121.86322986530071, 24.902522712197008 ], [ 121.863114044255511, 24.90188594048924 ], [ 121.863113944524301, 24.900380828643236 ], [ 121.863106663757534, 24.899707870380947 ], [ 121.863034282799617, 24.899418429783776 ], [ 121.862571122338494, 24.898738260531815 ], [ 121.861934295522659, 24.898087045308511 ], [ 121.861413265773194, 24.897710796059798 ], [ 121.860747515338176, 24.897377971473826 ], [ 121.860154123807348, 24.897001726211318 ], [ 121.859821239481519, 24.896697827739089 ], [ 121.859607197352787, 24.896489018144059 ], [ 121.859444924665425, 24.896191320448612 ], [ 121.85901795612385, 24.895677579834192 ], [ 121.858540324270351, 24.89501188360239 ], [ 121.858164003704758, 24.894418542934165 ], [ 121.857657451105069, 24.894114654029082 ], [ 121.857064067243002, 24.893854186596094 ], [ 121.856239124720688, 24.893579259692014 ], [ 121.855515491567076, 24.893347743893219 ], [ 121.854791861287936, 24.893159644781921 ], [ 121.854270843997327, 24.892971534506337 ], [ 121.853525503743938, 24.892761728245883 ], [ 121.852946602777095, 24.892660454535648 ], [ 121.852136137396684, 24.892457887977052 ], [ 121.851441453742183, 24.892298731727152 ], [ 121.850920439323303, 24.892154038137775 ], [ 121.850283632633349, 24.891806739713719 ], [ 121.849791544716396, 24.891387072167632 ], [ 121.84941522606816, 24.890822675946858 ], [ 121.849140218708641, 24.890330635291992 ], [ 121.848923095984532, 24.889766230299955 ], [ 121.848807285507391, 24.889288653103939 ], [ 121.848734891142527, 24.888796601286604 ], [ 121.8484815477632, 24.887631600762763 ], [ 121.848278862906582, 24.886546194711226 ], [ 121.847786755832999, 24.885837082570372 ], [ 121.847164407131956, 24.885272699898103 ], [ 121.846599944983595, 24.884664897347545 ], [ 121.845885521600067, 24.883925841761972 ], [ 121.843562689544726, 24.881539117497216 ], [ 121.843027709144835, 24.88087048265616 ], [ 121.84221409846927, 24.879934397436582 ], [ 121.841757134018067, 24.87933262472724 ], [ 121.841144139887689, 24.878630560963519 ], [ 121.838485966840977, 24.875471268488322 ], [ 121.835805503334413, 24.872289688405459 ], [ 121.834975174814645, 24.871336887478257 ], [ 121.834540511913659, 24.870924568416712 ], [ 121.831921434234502, 24.869119318956592 ], [ 121.83160379856912, 24.868857442919413 ], [ 121.831035400154875, 24.86842284240473 ], [ 121.830589598647606, 24.868099679192955 ], [ 121.829998914174794, 24.867709657524241 ], [ 121.829553110456231, 24.867353061095809 ], [ 121.828616925005676, 24.866639870690882 ], [ 121.827613871797709, 24.865915539558742 ], [ 121.826226312218708, 24.864873614036352 ], [ 121.825791650055763, 24.864472439369173 ], [ 121.8253792724785, 24.864004397043452 ], [ 121.825178650046695, 24.863681220331909 ], [ 121.824900005774865, 24.863202026240302 ], [ 121.824721665719068, 24.862778548654788 ], [ 121.824292545231501, 24.861914880861921 ], [ 121.824036187758836, 24.861402252327125 ], [ 121.823746390882391, 24.860800470390092 ], [ 121.823434308683815, 24.860254411705306 ], [ 121.823122217645519, 24.859574620157503 ], [ 121.822702070439064, 24.858787337925133 ], [ 121.822258396703518, 24.857730268617459 ], [ 121.821990896943859, 24.857251073909438 ], [ 121.821500478387136, 24.856337259660819 ], [ 121.819889887347244, 24.853155620566756 ], [ 121.819170964871603, 24.851612159987013 ], [ 121.818847744075654, 24.851155257151266 ], [ 121.818513383194784, 24.85076522135941 ], [ 121.818145592485052, 24.850430909432287 ], [ 121.81741002211065, 24.849929451655274 ], [ 121.816234219175456, 24.849054680513873 ], [ 121.815654673324488, 24.848575502962422 ], [ 121.815186581345557, 24.848230052143617 ], [ 121.814272689339759, 24.847583726899554 ], [ 121.813147038510976, 24.846736814003648 ], [ 121.810266041838531, 24.844580530007839 ], [ 121.808895199410941, 24.843544175691637 ], [ 121.804721370362813, 24.840329244232141 ], [ 121.801216252025711, 24.8377272182654 ], [ 121.800826178195649, 24.837482062789327 ], [ 121.800213212076372, 24.837203486350003 ], [ 121.799683838934399, 24.837064210383456 ], [ 121.79889257104854, 24.836941665422444 ], [ 121.798424498931794, 24.836897113532316 ], [ 121.797789256309116, 24.836807993209913 ], [ 121.797131727620112, 24.836763451734654 ], [ 121.796563354963652, 24.836718905357976 ], [ 121.79590582480121, 24.83665207507126 ], [ 121.795415464408336, 24.836618668811244 ], [ 121.794674347887081, 24.836512837699441 ], [ 121.793961091521595, 24.836390288447227 ], [ 121.793336996339335, 24.836345745132782 ], [ 121.792712898213168, 24.836256624195638 ], [ 121.792099946061853, 24.836189791456867 ], [ 121.791475848669577, 24.836111814924845 ], [ 121.788405518953184, 24.835827801358548 ], [ 121.787658832742196, 24.835760975969702 ], [ 121.787168470868068, 24.835705280896146 ], [ 121.786666965960265, 24.835671875246582 ], [ 121.786003860954864, 24.835566039842263 ], [ 121.785346330039872, 24.835488065145761 ], [ 121.784766812126847, 24.83543237497236 ], [ 121.783975544212709, 24.835309830003339 ], [ 121.783418308685896, 24.835153838951797 ], [ 121.782861062123587, 24.834830681812313 ], [ 121.782337241718324, 24.834396078775974 ], [ 121.781958300608537, 24.833972612181338 ], [ 121.781607220392772, 24.833543571851902 ], [ 121.781105683848295, 24.833030956747489 ], [ 121.780749031748826, 24.832607488926204 ], [ 121.780414670865639, 24.832217453097023 ], [ 121.780058018766852, 24.831793985274881 ], [ 121.779601066862114, 24.831381667370721 ], [ 121.778988080859804, 24.830802191952678 ], [ 121.776630838303362, 24.828077514248093 ], [ 121.776274187678737, 24.827676335233157 ], [ 121.775567603537255, 24.826759346363364 ], [ 121.774709663467277, 24.825864340440582 ], [ 121.774287191312865, 24.825381579019322 ], [ 121.774033710409327, 24.825128131013798 ], [ 121.773562955382516, 24.82458502416506 ], [ 121.773176695583103, 24.824150539216078 ], [ 121.772766295541956, 24.823703985977033 ], [ 121.772428313042724, 24.823245359142746 ], [ 121.772126538120602, 24.822762591086953 ], [ 121.771933404240855, 24.822485000532264 ], [ 121.771848901052806, 24.822255682472857 ], [ 121.771691977138559, 24.821990159544516 ], [ 121.771571256820536, 24.821640147315819 ], [ 121.771522946879728, 24.821169434950065 ], [ 121.77137807278703, 24.820602170962307 ], [ 121.771239233954987, 24.820040941450959 ], [ 121.771094359068471, 24.819461607847405 ], [ 121.770973627609223, 24.818942620996982 ], [ 121.77084082324393, 24.818375356346301 ], [ 121.770708026043508, 24.817916718238074 ], [ 121.770575220088375, 24.817325314355799 ], [ 121.7704243147234, 24.816812363970865 ], [ 121.770303580085368, 24.816245098657337 ], [ 121.770182851019612, 24.815762320654521 ], [ 121.770025900051948, 24.815086430787694 ], [ 121.769893102060891, 24.814615723063643 ], [ 121.769748227981168, 24.814048459076147 ], [ 121.769609389161971, 24.813487229565109 ], [ 121.769440377229927, 24.812944106134964 ], [ 121.769307572080791, 24.812364771868836 ], [ 121.769162698005502, 24.811797507881376 ], [ 121.769054038670262, 24.811314729215873 ], [ 121.768921237502767, 24.810795743028727 ], [ 121.76875825924381, 24.810234514843433 ], [ 121.768613381194712, 24.809606902777215 ], [ 121.768468507920474, 24.809051708405626 ], [ 121.768335705165939, 24.80850858298702 ], [ 121.768208483939461, 24.807972967363892 ], [ 121.76812159275508, 24.807668925833209 ], [ 121.768092628549908, 24.807560339458675 ], [ 121.768085380699333, 24.807430034298733 ], [ 121.767955400299812, 24.806861101313725 ], [ 121.767822591981201, 24.806233488585097 ], [ 121.767713928678148, 24.805690361841307 ], [ 121.767593195653077, 24.805147235760288 ], [ 121.767448323978286, 24.804616180620389 ], [ 121.767291382581405, 24.804085126143114 ], [ 121.76705595020691, 24.802980769226444 ], [ 121.766814481782319, 24.801858308217781 ], [ 121.766609259907611, 24.801303117159467 ], [ 121.766488515757743, 24.80059101645902 ], [ 121.766241023215841, 24.799631495593868 ], [ 121.76612029417808, 24.799148717591759 ], [ 121.765939207779127, 24.79853317712973 ], [ 121.765830546876103, 24.798026259233765 ], [ 121.765721887564155, 24.797543480569221 ], [ 121.765546838017812, 24.796958113815126 ], [ 121.76541403290112, 24.796378779550221 ], [ 121.76529330227882, 24.795871862316883 ], [ 121.765160496369333, 24.795280458436427 ], [ 121.765051838651971, 24.794821819003349 ], [ 121.764894890913567, 24.794194207600846 ], [ 121.764526662212162, 24.792643282193449 ], [ 121.764369714478534, 24.792015670791081 ], [ 121.764261053587092, 24.791508752895684 ], [ 121.764104107445576, 24.790905280724626 ], [ 121.763590998374639, 24.788690534406591 ], [ 121.763458202810909, 24.78825603552961 ], [ 121.763301257470843, 24.787664632974291 ], [ 121.763009017731491, 24.786993232670547 ], [ 121.762691563624784, 24.785039525024718 ], [ 121.762510478844987, 24.784448123793815 ], [ 121.762365608002952, 24.783929138269876 ], [ 121.762269014465645, 24.783386010866284 ], [ 121.762136213348711, 24.782867024680264 ], [ 121.76200340190519, 24.782191133491988 ], [ 121.761749872577312, 24.781201438920249 ], [ 121.761653276662159, 24.780622102670428 ], [ 121.76146615980997, 24.780072945424909 ], [ 121.761381640769102, 24.779602235053062 ], [ 121.761236764375852, 24.778998762220517 ], [ 121.761091894337909, 24.778491846312246 ], [ 121.760995299222515, 24.777924579678363 ], [ 121.760886635973492, 24.777381452937611 ], [ 121.7608202147713, 24.77680814984133 ], [ 121.760904668684233, 24.776289151740709 ], [ 121.761037391961239, 24.775625315606902 ], [ 121.761326958908342, 24.774007971246853 ], [ 121.761779385745001, 24.771153482375787 ], [ 121.761900043279979, 24.770549994987196 ], [ 121.762473126105021, 24.767067879518354 ], [ 121.762611872755116, 24.766229033642915 ], [ 121.762563551001477, 24.765577277062185 ], [ 121.76239453836736, 24.765022084020973 ], [ 121.762225525734323, 24.764466890979719 ], [ 121.761887515550114, 24.763585827587935 ], [ 121.761615902733709, 24.762915978824779 ], [ 121.761398609624791, 24.762336649198982 ], [ 121.761205462311736, 24.761853875172275 ], [ 121.761012311825368, 24.761322822684225 ], [ 121.760819162133373, 24.760803839811373 ], [ 121.76060187299592, 24.760284858261485 ], [ 121.760028456806197, 24.758697735272772 ], [ 121.759618017192494, 24.757647701233388 ], [ 121.759267936511719, 24.756754568884844 ], [ 121.758485718981788, 24.754646156666833 ], [ 121.757873650659505, 24.753212213193933 ], [ 121.757692565945931, 24.752620811966107 ], [ 121.757463212651075, 24.752186318382034 ], [ 121.757257986906808, 24.75157077924613 ], [ 121.757149338776969, 24.751256975201155 ], [ 121.756968253274238, 24.750653504357743 ], [ 121.756835453010211, 24.750146587791182 ], [ 121.756763001363453, 24.749639667918256 ], [ 121.756787109882794, 24.749168951601092 ], [ 121.75700431415116, 24.748396484323489 ], [ 121.757155140890461, 24.747714542798079 ], [ 121.757324086092126, 24.747243818547837 ], [ 121.757589579565803, 24.746628253626252 ], [ 121.757758531111989, 24.746254086298809 ], [ 121.758024030930244, 24.745735078300321 ], [ 121.758627463178811, 24.744914311411463 ], [ 121.760359239749221, 24.741432132586262 ], [ 121.762175503622089, 24.737937879557165 ], [ 121.76396762808163, 24.734443627889267 ], [ 121.765735615504894, 24.730985586426375 ], [ 121.767563948406746, 24.727479263239193 ], [ 121.769344007201752, 24.724045360421922 ], [ 121.771136134167605, 24.720587317753029 ], [ 121.771347311955509, 24.719941581817732 ], [ 121.772047171405831, 24.71712932333849 ], [ 121.772873722207279, 24.713695472801774 ], [ 121.773217614722469, 24.7122531350659 ], [ 121.773314131349309, 24.711625509837816 ], [ 121.773338239138141, 24.711142723944274 ], [ 121.773362339014014, 24.71053924190792 ], [ 121.773422665469084, 24.710201289405738 ], [ 121.774128516749798, 24.706731236676656 ], [ 121.774201355876642, 24.706220098928345 ], [ 121.774532723892733, 24.704769902248778 ], [ 121.774774043981282, 24.703635345311341 ], [ 121.77503951063872, 24.702609413583627 ], [ 121.77517223249896, 24.701921438315466 ], [ 121.775292893339071, 24.701366229463808 ], [ 121.775329005219049, 24.699881664945952 ], [ 121.775274645198976, 24.699175595490644 ], [ 121.77516583817534, 24.696435799032088 ], [ 121.775038881132247, 24.693002000763482 ], [ 121.774887779942944, 24.689495786141919 ], [ 121.774760825355472, 24.686098196737955 ], [ 121.774403959976325, 24.678235158420584 ], [ 121.774440297813513, 24.675712311474285 ], [ 121.774470463036224, 24.675573509266798 ], [ 121.775230643097217, 24.672326741616924 ], [ 121.776081333873137, 24.668892890032126 ], [ 121.776968233065915, 24.665446966881241 ], [ 121.777601673651233, 24.662085544892591 ], [ 121.777680096458894, 24.661620860486764 ], [ 121.778090417297491, 24.66086045242464 ], [ 121.779261037523682, 24.658675788452637 ], [ 121.781053168374115, 24.655266024800078 ], [ 121.782845297677611, 24.651832121958712 ], [ 121.784625358867885, 24.64842235904068 ], [ 121.786465766334061, 24.644976384027363 ], [ 121.788245824432536, 24.641518342733203 ], [ 121.789084566438703, 24.639931142851839 ], [ 121.789591453769191, 24.639303495317534 ], [ 121.790774204540284, 24.638048191034379 ], [ 121.792227348042232, 24.636663473943216 ], [ 121.794183673583021, 24.634565921703356 ], [ 121.797146592874498, 24.631542322074239 ], [ 121.800399161856276, 24.628156618315369 ], [ 121.803760352828007, 24.624686421402341 ], [ 121.805323281333003, 24.623147460586178 ], [ 121.806433569684799, 24.621216262064376 ], [ 121.808418814016648, 24.617770279511859 ], [ 121.808919663750757, 24.617100388726424 ], [ 121.809342081163862, 24.616750346941981 ], [ 121.809752435942471, 24.616508932325488 ], [ 121.810416254082298, 24.616255434278465 ], [ 121.81085075538968, 24.616122644855846 ], [ 121.811659417270761, 24.615977765422219 ], [ 121.812172372159196, 24.615851006528956 ], [ 121.812836195807279, 24.615681995768359 ], [ 121.813439675572425, 24.615585405970521 ], [ 121.813994874089346, 24.615452609968955 ], [ 121.814513866591454, 24.615368094389733 ], [ 121.815238045928595, 24.615307706848188 ], [ 121.815793254679321, 24.615331815802882 ], [ 121.816903671391117, 24.615367964100024 ], [ 121.822563384443228, 24.615828422324658 ], [ 121.823457562219915, 24.61586246086895 ], [ 121.823674815622539, 24.615838309800417 ], [ 121.824917958296368, 24.615246831045265 ], [ 121.825388631742797, 24.61454676790175 ], [ 121.825762643495509, 24.612253521281438 ], [ 121.825973790788495, 24.61113707068807 ], [ 121.826347889157603, 24.610171481360634 ], [ 121.82709612132561, 24.608783435234972 ], [ 121.827391789735898, 24.608173903731739 ], [ 121.828079700067732, 24.607196227696967 ], [ 121.828767614336726, 24.606278899723584 ], [ 121.829153815494536, 24.605820233435846 ], [ 121.829564162390326, 24.605458122725359 ], [ 121.829805545787508, 24.605289135008476 ], [ 121.830487455497561, 24.604836487412783 ], [ 121.8310667839921, 24.604558854775547 ], [ 121.831416794875281, 24.604389861139698 ], [ 121.832261672963355, 24.604353606260613 ], [ 121.832889294503715, 24.604293223998887 ], [ 121.833432408324484, 24.603931106057352 ], [ 121.835013442573597, 24.602410248861922 ], [ 121.835098523968639, 24.601986035989054 ], [ 121.835128045510046, 24.601498986959943 ], [ 121.835079732006406, 24.600967926693816 ], [ 121.834790020944581, 24.600388601136533 ], [ 121.834524453258894, 24.599869622320021 ], [ 121.834343383059576, 24.599495474235077 ], [ 121.834234718596363, 24.598928208423473 ], [ 121.834192452938865, 24.598596296414932 ], [ 121.834264850807685, 24.598282482575847 ], [ 121.83457862971504, 24.597763472192923 ], [ 121.83558033785647, 24.596556456487324 ], [ 121.83603895577231, 24.59607364705051 ], [ 121.836244132368819, 24.595940870148436 ], [ 121.836582079824311, 24.59586843406905 ], [ 121.83728211810859, 24.595783908651242 ], [ 121.83930981463142, 24.595530336344353 ], [ 121.842791904976067, 24.595162023496634 ], [ 121.844010937290307, 24.595017121749791 ], [ 121.84444675483644, 24.594971018927222 ], [ 121.845199796480046, 24.59489032606384 ], [ 121.845887765815633, 24.594817870916653 ], [ 121.846503316042046, 24.594733350104104 ], [ 121.847155077787917, 24.594685036151745 ], [ 121.847691280361886, 24.594677552646779 ], [ 121.848362051381031, 24.594709109616506 ], [ 121.848905190362018, 24.594733219247487 ], [ 121.849569026543719, 24.594757322302634 ], [ 121.851755442749749, 24.594993435995626 ] ], [ [ 121.853196179655868, 25.057888269861316 ], [ 121.853076002325778, 25.058062431093813 ], [ 121.8529616443668, 25.058240467558651 ], [ 121.852853230628526, 25.058422184885703 ], [ 121.852750879470889, 25.058607384686262 ], [ 121.852654702635121, 25.058795864769706 ], [ 121.852564805121602, 25.058987419364176 ], [ 121.852481285075399, 25.05918183934121 ], [ 121.852404233678882, 25.059378912444121 ], [ 121.85233373505244, 25.059578423519667 ], [ 121.852269866162459, 25.059780154752957 ], [ 121.852212696737396, 25.059983885905304 ], [ 121.852162289191554, 25.060189394554552 ] ], [ [ 121.853196179655868, 25.057888269861316 ], [ 121.853358065288319, 25.057727938372814 ], [ 121.853524475836423, 25.057572308447483 ], [ 121.853695274808985, 25.057421507734119 ], [ 121.853870322115398, 25.057275659920641 ], [ 121.854049474180528, 25.057134884632543 ], [ 121.854232584062473, 25.056999297334773 ], [ 121.854419501573119, 25.056869009237097 ], [ 121.854610073401261, 25.05674412720278 ], [ 121.854804143238454, 25.056624753661033 ], [ 121.855001551907151, 25.056510986522959 ], [ 121.855202137491247, 25.056402919101217 ], [ 121.855405735468864, 25.056300640033538 ], [ 121.855612178847423, 25.05620423321 ], [ 121.855821298300498, 25.056113777704216 ], [ 121.855979576394986, 25.056077273528107 ], [ 121.856136208970824, 25.056034253227672 ], [ 121.856290927888949, 25.055984790449298 ], [ 121.85644346828623, 25.055928969868251 ], [ 121.856593569028959, 25.055866887043702 ], [ 121.856740973159845, 25.055798648255184 ], [ 121.856885428338018, 25.055724370320569 ], [ 121.857026687270789, 25.055644180396143 ], [ 121.857164508137203, 25.05555821575895 ], [ 121.857298655001912, 25.055466623571746 ], [ 121.857428898219055, 25.05536956063106 ], [ 121.857555014825465, 25.055267193098807 ], [ 121.857676788922262, 25.055159696217842 ], [ 121.857794012044536, 25.055047254011935 ], [ 121.857906483518192, 25.054930058970736 ], [ 121.858014010803473, 25.054808311720286 ], [ 121.858116409824532, 25.054682220679556 ], [ 121.858213505284624, 25.054552001703609 ], [ 121.858305130966173, 25.054417877714155 ], [ 121.858391130015306, 25.05428007831787 ], [ 121.858471355210341, 25.054138839413358 ], [ 121.858545669213896, 25.053994402787303 ], [ 121.860395059687903, 25.049483814892689 ], [ 121.860461866079007, 25.049363372460174 ], [ 121.860534674239403, 25.049246460334103 ], [ 121.86061329807788, 25.049133377331554 ], [ 121.860697536638838, 25.049024412482691 ], [ 121.860787174615979, 25.048919844292033 ], [ 121.860881982902541, 25.048819940026643 ], [ 121.860981719176891, 25.048724955032991 ], [ 121.861086128521961, 25.048635132084335 ], [ 121.861194944076658, 25.048550700760192 ], [ 121.861307887718056, 25.048471876859566 ], [ 121.861424670772166, 25.048398861849407 ], [ 121.861544994751867, 25.048331842349601 ], [ 121.861668552119639, 25.048270989656082 ], [ 121.861795027073825, 25.048216459302957 ], [ 121.861924096355537, 25.048168390664994 ], [ 121.862055430075145, 25.048126906601386 ], [ 121.862188692555279, 25.048092113141724 ], [ 121.862323543188765, 25.048064099215036 ], [ 121.862459637309328, 25.048042936422426 ], [ 121.862596627072392, 25.048028678854134 ], [ 121.862734162344267, 25.048021362951239 ], [ 121.86287189159691, 25.048021007412533 ], [ 121.863009462806545, 25.048027613146765 ], [ 121.863146524353297, 25.048041163270245 ], [ 121.863282725919959, 25.048061623150062 ], [ 121.863417719387357, 25.048088940492555 ], [ 121.867573876474097, 25.048251978588191 ], [ 121.867687366809164, 25.048244031811212 ], [ 121.867800157425677, 25.048229149464337 ], [ 121.867911824882029, 25.048207387419268 ], [ 121.868021949953359, 25.04817882737564 ], [ 121.868130119205063, 25.048143576554363 ], [ 121.868235926545324, 25.048101767294995 ], [ 121.868338974749349, 25.04805355655898 ], [ 121.868438876950819, 25.047999125340368 ], [ 121.868535258094212, 25.04793867798627 ], [ 121.868627756342875, 25.047872441429792 ], [ 121.86871602443739, 25.047800664337966 ], [ 121.868799730999314, 25.047723616178288 ], [ 121.868878561775205, 25.047641586207014 ], [ 121.868952220816524, 25.047554882383263 ], [ 121.869020431590471, 25.047463830212841 ], [ 121.869082938018337, 25.047368771526259 ], [ 121.869139505436806, 25.047270063195381 ], [ 121.869189921479006, 25.047168075793657 ], [ 121.869233996871628, 25.047063192204934 ], [ 121.86927156614567, 25.046955806185981 ], [ 121.869302488257603, 25.046846320888275 ], [ 121.86932664711874, 25.046735147344442 ], [ 121.869343952031258, 25.046622702925188 ], [ 121.8693543380286, 25.046509409772362 ], [ 121.869357766119393, 25.046395693214144 ], [ 121.869354223433774, 25.046281980168281 ], [ 121.869343723271797, 25.046168697539354 ], [ 121.869085206323831, 25.044121612607011 ], [ 121.868968277119691, 25.043680307292817 ], [ 121.868701010367317, 25.043100593438478 ], [ 121.868382835662089, 25.04268319774776 ], [ 121.868090114933324, 25.041952751832923 ] ], [ [ 121.868090114933324, 25.041952751832923 ], [ 121.867281410449152, 25.038776023015185 ] ] ] } }
]
}
