{
"type": "FeatureCollection",
"name": "spots",
"crs": { "type": "name", "properties": { "name": "urn:ogc:def:crs:OGC:1.3:CRS84" } },
"features": [
{ "type": "Feature", "properties": { "NAME": "圓山運動場", "TYPE": "名勝" }, "geometry": { "type": "Point", "coordinates": [ 121.521767737072153, 25.070165623652791 ] } },
{ "type": "Feature", "properties": { "NAME": "圓山公園", "TYPE": "名勝" }, "geometry": { "type": "Point", "coordinates": [ 121.52251366880509, 25.073451939297229 ] } },
{ "type": "Feature", "properties": { "NAME": "川端公園", "TYPE": "名勝" }, "geometry": { "type": "Point", "coordinates": [ 121.525099058042755, 25.019218759552817 ] } },
{ "type": "Feature", "properties": { "NAME": "新公園", "TYPE": "名勝" }, "geometry": { "type": "Point", "coordinates": [ 121.515234491452134, 25.04161463283123 ] } },
{ "type": "Feature", "properties": { "NAME": "壽山", "TYPE": "山" }, "geometry": { "type": "Point", "coordinates": [ 120.273507877908884, 22.627662742169306 ] } },
{ "type": "Feature", "properties": { "NAME": "壽灣海水浴場", "TYPE": "名勝" }, "geometry": { "type": "Point", "coordinates": [ 120.265922066175648, 22.626076247995961 ] } },
{ "type": "Feature", "properties": { "NAME": "旗後海水浴場", "TYPE": "名勝" }, "geometry": { "type": "Point", "coordinates": [ 120.266190627048687, 22.612048707383234 ] } },
{ "type": "Feature", "properties": { "NAME": "旗山", "TYPE": "山" }, "geometry": { "type": "Point", "coordinates": [ 120.265397339547206, 22.614619386067897 ] } },
{ "type": "Feature", "properties": { "NAME": "商工獎勵館", "TYPE": "博物館" }, "geometry": { "type": "Point", "coordinates": [ 120.286068263350202, 22.625069424889222 ] } },
{ "type": "Feature", "properties": { "NAME": "稅關支署", "TYPE": "官署" }, "geometry": { "type": "Point", "coordinates": [ 120.279160051358005, 22.617868899272825 ] } },
{ "type": "Feature", "properties": { "NAME": "築港高雄出張所", "TYPE": "官署" }, "geometry": { "type": "Point", "coordinates": [ 120.268938211364414, 22.61265896186482 ] } },
{ "type": "Feature", "properties": { "NAME": "海事出張所", "TYPE": "官署" }, "geometry": { "type": "Point", "coordinates": [ 120.278722090549863, 22.617983317352564 ] } },
{ "type": "Feature", "properties": { "NAME": "海洋觀測所", "TYPE": "官署" }, "geometry": { "type": "Point", "coordinates": [ 120.267167775456372, 22.618700335151409 ] } },
{ "type": "Feature", "properties": { "NAME": "哨船頭海水浴場", "TYPE": "名勝" }, "geometry": { "type": "Point", "coordinates": [ 120.266250536782806, 22.6173006213997 ] } },
{ "type": "Feature", "properties": { "NAME": "水源地", "TYPE": "名勝" }, "geometry": { "type": "Point", "coordinates": [ 120.688162876459145, 24.14716419135679 ] } },
{ "type": "Feature", "properties": { "NAME": "行啓記念館", "TYPE": "博物館" }, "geometry": { "type": "Point", "coordinates": [ 120.682484904916478, 24.140194139505645 ] } },
{ "type": "Feature", "properties": { "NAME": "專賣局臺中支局", "TYPE": "官署" }, "geometry": { "type": "Point", "coordinates": [ 120.681445633339493, 24.132105627335509 ] } },
{ "type": "Feature", "properties": { "NAME": "步兵第三大隊", "TYPE": "官署" }, "geometry": { "type": "Point", "coordinates": [ 120.689696435737503, 24.141049995986311 ] } },
{ "type": "Feature", "properties": { "NAME": "臺中公園", "TYPE": "名勝" }, "geometry": { "type": "Point", "coordinates": [ 120.684220192722648, 24.144813576134915 ] } },
{ "type": "Feature", "properties": { "NAME": "公會堂", "TYPE": "名勝" }, "geometry": { "type": "Point", "coordinates": [ 120.685158071950696, 24.142546767252512 ] } },
{ "type": "Feature", "properties": { "NAME": "武德殿", "TYPE": "名勝" }, "geometry": { "type": "Point", "coordinates": [ 120.674283742522974, 24.136486325717144 ] } },
{ "type": "Feature", "properties": { "NAME": "臺南州教育博物館", "TYPE": "博物館" }, "geometry": { "type": "Point", "coordinates": [ 120.206196658154241, 22.991648031154728 ] } },
{ "type": "Feature", "properties": { "NAME": "府署址", "TYPE": "名勝" }, "geometry": { "type": "Point", "coordinates": [ 120.210920870910826, 22.991763601878002 ] } },
{ "type": "Feature", "properties": { "NAME": "產業館", "TYPE": "博物館" }, "geometry": { "type": "Point", "coordinates": [ 120.211811937352124, 22.996014082107841 ] } },
{ "type": "Feature", "properties": { "NAME": "赤崁樓", "TYPE": "名勝" }, "geometry": { "type": "Point", "coordinates": [ 120.202530482472696, 22.997448223135123 ] } },
{ "type": "Feature", "properties": { "NAME": "臺南公園", "TYPE": "名勝" }, "geometry": { "type": "Point", "coordinates": [ 120.211321406958746, 23.002305710625269 ] } },
{ "type": "Feature", "properties": { "NAME": "林百貨", "TYPE": "百貨" }, "geometry": { "type": "Point", "coordinates": [ 120.202539707104364, 22.991378153487325 ] } },
{ "type": "Feature", "properties": { "NAME": "動物園", "TYPE": "名勝" }, "geometry": { "type": "Point", "coordinates": [ 121.522696909783079, 25.073047956755861 ] } },
{ "type": "Feature", "properties": { "NAME": "植物園", "TYPE": "名勝" }, "geometry": { "type": "Point", "coordinates": [ 121.509060022269651, 25.032087047870352 ] } },
{ "type": "Feature", "properties": { "NAME": "總督府舊廳舍", "TYPE": "名勝" }, "geometry": { "type": "Point", "coordinates": [ 121.508630016775896, 25.032078874118419 ] } },
{ "type": "Feature", "properties": { "NAME": "商品陳列館", "TYPE": "博物館" }, "geometry": { "type": "Point", "coordinates": [ 121.51101759972758, 25.031612969360133 ] } },
{ "type": "Feature", "properties": { "NAME": "博物館", "TYPE": "博物館" }, "geometry": { "type": "Point", "coordinates": [ 121.51520038044012, 25.04266342653063 ] } },
{ "type": "Feature", "properties": { "NAME": "臺北橋", "TYPE": "名勝" }, "geometry": { "type": "Point", "coordinates": [ 121.507854202668057, 25.063688148852513 ] } },
{ "type": "Feature", "properties": { "NAME": "三橋町墓地", "TYPE": "名勝" }, "geometry": { "type": "Point", "coordinates": [ 121.525439322443262, 25.053456822040992 ] } },
{ "type": "Feature", "properties": { "NAME": "陸軍墓地", "TYPE": "名勝" }, "geometry": { "type": "Point", "coordinates": [ 121.521728645664368, 25.071712441532892 ] } },
{ "type": "Feature", "properties": { "NAME": "圖書館", "TYPE": "博物館" }, "geometry": { "type": "Point", "coordinates": [ 121.511032634884572, 25.040838099142025 ] } },
{ "type": "Feature", "properties": { "NAME": "樟腦工場", "TYPE": "會社" }, "geometry": { "type": "Point", "coordinates": [ 121.515922067982146, 25.033912505486274 ] } },
{ "type": "Feature", "properties": { "NAME": "酒工場", "TYPE": "會社" }, "geometry": { "type": "Point", "coordinates": [ 121.52944769533309, 25.043894826078752 ] } },
{ "type": "Feature", "properties": { "NAME": "菸草工場", "TYPE": "會社" }, "geometry": { "type": "Point", "coordinates": [ 121.517828525905614, 25.049152654046051 ] } },
{ "type": "Feature", "properties": { "NAME": "臺灣製糖臺北製糖所", "TYPE": "會社" }, "geometry": { "type": "Point", "coordinates": [ 121.494782637062158, 25.032789988496358 ] } },
{ "type": "Feature", "properties": { "NAME": "臺北水道水源地", "TYPE": "名勝" }, "geometry": { "type": "Point", "coordinates": [ 121.532707317398106, 25.01252842641339 ] } },
{ "type": "Feature", "properties": { "NAME": "總督府", "TYPE": "官署" }, "geometry": { "type": "Point", "coordinates": [ 121.512049011506235, 25.039895456748596 ] } },
{ "type": "Feature", "properties": { "NAME": "總督官邸", "TYPE": "官署" }, "geometry": { "type": "Point", "coordinates": [ 121.516709910215326, 25.040088889738048 ] } },
{ "type": "Feature", "properties": { "NAME": "交通局鐵道部", "TYPE": "官署" }, "geometry": { "type": "Point", "coordinates": [ 121.511471661472413, 25.048872060632291 ] } },
{ "type": "Feature", "properties": { "NAME": "交通局遞信部", "TYPE": "官署" }, "geometry": { "type": "Point", "coordinates": [ 121.510870255187427, 25.039745614082264 ] } },
{ "type": "Feature", "properties": { "NAME": "專賣局", "TYPE": "官署" }, "geometry": { "type": "Point", "coordinates": [ 121.514794431197444, 25.034040558956217 ] } },
{ "type": "Feature", "properties": { "NAME": "臺北刑務所", "TYPE": "官署" }, "geometry": { "type": "Point", "coordinates": [ 121.525589674014171, 25.031790067868396 ] } },
{ "type": "Feature", "properties": { "NAME": "中央研究所", "TYPE": "官署" }, "geometry": { "type": "Point", "coordinates": [ 121.519906384620342, 25.042325606793973 ] } },
{ "type": "Feature", "properties": { "NAME": "臺北稅關支署", "TYPE": "官署" }, "geometry": { "type": "Point", "coordinates": [ 121.50691600886293, 25.049610319595264 ] } },
{ "type": "Feature", "properties": { "NAME": "臺北觀測所", "TYPE": "官署" }, "geometry": { "type": "Point", "coordinates": [ 121.514785410102817, 25.037561977000394 ] } },
{ "type": "Feature", "properties": { "NAME": "步兵第一聯隊", "TYPE": "官署" }, "geometry": { "type": "Point", "coordinates": [ 121.521656101030345, 25.034205734112351 ] } },
{ "type": "Feature", "properties": { "NAME": "山砲聯隊", "TYPE": "官署" }, "geometry": { "type": "Point", "coordinates": [ 121.518530291863684, 25.035529851862961 ] } },
{ "type": "Feature", "properties": { "NAME": "臺灣軍司令部", "TYPE": "官署" }, "geometry": { "type": "Point", "coordinates": [ 121.510458667760304, 25.036657792747842 ] } },
{ "type": "Feature", "properties": { "NAME": "守備隊司令部", "TYPE": "官署" }, "geometry": { "type": "Point", "coordinates": [ 121.522102645196924, 25.037031727382512 ] } },
{ "type": "Feature", "properties": { "NAME": "憲兵隊", "TYPE": "官署" }, "geometry": { "type": "Point", "coordinates": [ 121.508916060639152, 25.041439166104876 ] } },
{ "type": "Feature", "properties": { "NAME": "大阪商船會社支店", "TYPE": "會社" }, "geometry": { "type": "Point", "coordinates": [ 121.514430204515065, 25.047798716792666 ] } },
{ "type": "Feature", "properties": { "NAME": "近海郵船會社事務所", "TYPE": "會社" }, "geometry": { "type": "Point", "coordinates": [ 121.514186634969633, 25.0474064263441 ] } },
{ "type": "Feature", "properties": { "NAME": "臺灣電力會社", "TYPE": "會社" }, "geometry": { "type": "Point", "coordinates": [ 121.510966104313184, 25.04043693213023 ] } },
{ "type": "Feature", "properties": { "NAME": "三井物產會社支店", "TYPE": "會社" }, "geometry": { "type": "Point", "coordinates": [ 121.514924109426687, 25.044053517709429 ] } },
{ "type": "Feature", "properties": { "NAME": "高砂麥酒會社", "TYPE": "會社" }, "geometry": { "type": "Point", "coordinates": [ 121.536107894060052, 25.046327621138573 ] } },
{ "type": "Feature", "properties": { "NAME": "丸一組", "TYPE": "會社" }, "geometry": { "type": "Point", "coordinates": [ 121.514981618902709, 25.046097760848234 ] } },
{ "type": "Feature", "properties": { "NAME": "臺灣日日新報社", "TYPE": "會社" }, "geometry": { "type": "Point", "coordinates": [ 121.509155401546451, 25.042412275353279 ] } },
{ "type": "Feature", "properties": { "NAME": "菊元百貨", "TYPE": "百貨" }, "geometry": { "type": "Point", "coordinates": [ 121.5113043953492, 25.042418022038529 ] } },
{ "type": "Feature", "properties": { "NAME": "公會堂", "TYPE": "名勝" }, "geometry": { "type": "Point", "coordinates": [ 121.509411657006424, 25.043236347265196 ] } },
{ "type": "Feature", "properties": { "NAME": "宮古座", "TYPE": "劇場" }, "geometry": { "type": "Point", "coordinates": [ 120.199087335963242, 22.993083341171264 ] } },
{ "type": "Feature", "properties": { "NAME": "戎座", "TYPE": "劇場" }, "geometry": { "type": "Point", "coordinates": [ 120.199579652703477, 22.994080384458286 ] } },
{ "type": "Feature", "properties": { "NAME": "世界館", "TYPE": "劇場" }, "geometry": { "type": "Point", "coordinates": [ 120.196937552864071, 22.992448855246248 ] } },
{ "type": "Feature", "properties": { "NAME": "天外天劇場", "TYPE": "劇場" }, "geometry": { "type": "Point", "coordinates": [ 120.686659946119917, 24.135410682984997 ] } },
{ "type": "Feature", "properties": { "NAME": "台中座", "TYPE": "劇場" }, "geometry": { "type": "Point", "coordinates": [ 120.682832384945968, 24.140008124895513 ] } },
{ "type": "Feature", "properties": { "NAME": "樂舞臺", "TYPE": "劇場" }, "geometry": { "type": "Point", "coordinates": [ 120.676976976792545, 24.143969310177617 ] } },
{ "type": "Feature", "properties": { "NAME": "娛樂館", "TYPE": "劇場" }, "geometry": { "type": "Point", "coordinates": [ 120.682677127911703, 24.140415814594416 ] } },
{ "type": "Feature", "properties": { "NAME": "榮座", "TYPE": "劇場" }, "geometry": { "type": "Point", "coordinates": [ 121.506963275637915, 25.044019038053836 ] } },
{ "type": "Feature", "properties": { "NAME": "芳乃館", "TYPE": "劇場" }, "geometry": { "type": "Point", "coordinates": [ 121.504646827773428, 25.042903041301091 ] } },
{ "type": "Feature", "properties": { "NAME": "第二芳乃館", "TYPE": "劇場" }, "geometry": { "type": "Point", "coordinates": [ 121.51341660000098, 25.056112757104863 ] } },
{ "type": "Feature", "properties": { "NAME": "新世界館", "TYPE": "劇場" }, "geometry": { "type": "Point", "coordinates": [ 121.505312838249196, 25.043670792989452 ] } },
{ "type": "Feature", "properties": { "NAME": "國際館", "TYPE": "劇場" }, "geometry": { "type": "Point", "coordinates": [ 121.505992803230257, 25.043422538478342 ] } },
{ "type": "Feature", "properties": { "NAME": "大世界館", "TYPE": "劇場" }, "geometry": { "type": "Point", "coordinates": [ 121.505343284442361, 25.043082337035756 ] } },
{ "type": "Feature", "properties": { "NAME": "芳明館", "TYPE": "劇場" }, "geometry": { "type": "Point", "coordinates": [ 121.49839901521436, 25.039190641225943 ] } },
{ "type": "Feature", "properties": { "NAME": "永樂座", "TYPE": "劇場" }, "geometry": { "type": "Point", "coordinates": [ 121.509614631627571, 25.055021004036909 ] } },
{ "type": "Feature", "properties": { "NAME": "第一劇場", "TYPE": "劇場" }, "geometry": { "type": "Point", "coordinates": [ 121.511880335836864, 25.05489229145541 ] } },
{ "type": "Feature", "properties": { "NAME": "太平館", "TYPE": "劇場" }, "geometry": { "type": "Point", "coordinates": [ 121.51248925970043, 25.062357397731198 ] } },
{ "type": "Feature", "properties": { "NAME": "雙連座", "TYPE": "劇場" }, "geometry": { "type": "Point", "coordinates": [ 121.52041795584141, 25.057457323834701 ] } },
{ "type": "Feature", "properties": { "NAME": "高雄劇場", "TYPE": "劇場" }, "geometry": { "type": "Point", "coordinates": [ 120.281079228673192, 22.624535500552717 ] } },
{ "type": "Feature", "properties": { "NAME": "壽星座", "TYPE": "劇場" }, "geometry": { "type": "Point", "coordinates": [ 120.283343403417092, 22.628967009722455 ] } },
{ "type": "Feature", "properties": { "NAME": "金鵄館", "TYPE": "劇場" }, "geometry": { "type": "Point", "coordinates": [ 120.284078847038316, 22.624146497230349 ] } },
{ "type": "Feature", "properties": { "NAME": "專賣局支局", "TYPE": "官署" }, "geometry": { "type": "Point", "coordinates": [ 120.212232192928198, 22.999239210521111 ] } },
{ "type": "Feature", "properties": { "NAME": "內外食品株式會社製氷工場", "TYPE": "會社" }, "geometry": { "type": "Point", "coordinates": [ 120.285415453843413, 22.618345640643614 ] } },
{ "type": "Feature", "properties": { "NAME": "高雄製氷會社", "TYPE": "會社" }, "geometry": { "type": "Point", "coordinates": [ 120.281147401817137, 22.626354648538573 ] } },
{ "type": "Feature", "properties": { "NAME": "臺灣鐵工所", "TYPE": "會社" }, "geometry": { "type": "Point", "coordinates": [ 120.286411194926174, 22.619573718802673 ] } },
{ "type": "Feature", "properties": { "NAME": "淺野水泥工場", "TYPE": "會社" }, "geometry": { "type": "Point", "coordinates": [ 120.278792329547144, 22.640205316972338 ] } },
{ "type": "Feature", "properties": { "NAME": "臺灣新聞社", "TYPE": "會社" }, "geometry": { "type": "Point", "coordinates": [ 120.679838142140099, 24.137362447385033 ] } },
{ "type": "Feature", "properties": { "NAME": "帝國製糖株式會社", "TYPE": "會社" }, "geometry": { "type": "Point", "coordinates": [ 120.691675698883358, 24.136836196806154 ] } },
{ "type": "Feature", "properties": { "NAME": "臺灣青果株式會社", "TYPE": "會社" }, "geometry": { "type": "Point", "coordinates": [ 120.682746835151491, 24.137171609513327 ] } },
{ "type": "Feature", "properties": { "NAME": "臺灣電力會社出張所", "TYPE": "會社" }, "geometry": { "type": "Point", "coordinates": [ 120.684245540809826, 24.141459609954815 ] } },
{ "type": "Feature", "properties": { "NAME": "臺灣織布會社", "TYPE": "會社" }, "geometry": { "type": "Point", "coordinates": [ 120.196631906221256, 22.985152052838405 ] } },
{ "type": "Feature", "properties": { "NAME": "臺灣日報社", "TYPE": "會社" }, "geometry": { "type": "Point", "coordinates": [ 120.211906033087928, 22.998159121234462 ] } },
{ "type": "Feature", "properties": { "NAME": "淺野水泥會社", "TYPE": "會社" }, "geometry": { "type": "Point", "coordinates": [ 120.278846041722019, 22.640186250381852 ] } },
{ "type": "Feature", "properties": { "NAME": "山下汽船會社出張所", "TYPE": "會社" }, "geometry": { "type": "Point", "coordinates": [ 120.274061526478533, 22.619737715987622 ] } },
{ "type": "Feature", "properties": { "NAME": "三井物產支店", "TYPE": "會社" }, "geometry": { "type": "Point", "coordinates": [ 120.273697936373679, 22.620347936353269 ] } },
{ "type": "Feature", "properties": { "NAME": "大阪商船會社支店", "TYPE": "會社" }, "geometry": { "type": "Point", "coordinates": [ 120.275061399266946, 22.619318187915418 ] } },
{ "type": "Feature", "properties": { "NAME": "臺灣運輸會社", "TYPE": "會社" }, "geometry": { "type": "Point", "coordinates": [ 120.275474569840654, 22.621461581539826 ] } },
{ "type": "Feature", "properties": { "NAME": "三菱商事支店", "TYPE": "會社" }, "geometry": { "type": "Point", "coordinates": [ 120.277953593282902, 22.626160149588777 ] } },
{ "type": "Feature", "properties": { "NAME": "步兵第二聯隊", "TYPE": "官署" }, "geometry": { "type": "Point", "coordinates": [ 120.2154978939719, 22.998680284276865 ] } },
{ "type": "Feature", "properties": { "NAME": "新北投溫泉", "TYPE": "溫泉" }, "geometry": { "type": "Point", "coordinates": [ 121.51199215512915, 25.138555610760339 ] } },
{ "type": "Feature", "properties": { "NAME": "頂北投溫泉", "TYPE": "溫泉" }, "geometry": { "type": "Point", "coordinates": [ 121.534249441848488, 25.154357596216094 ] } },
{ "type": "Feature", "properties": { "NAME": "草山溫泉", "TYPE": "溫泉" }, "geometry": { "type": "Point", "coordinates": [ 121.552765488629959, 25.154623721503359 ] } },
{ "type": "Feature", "properties": { "NAME": "金山溫泉", "TYPE": "溫泉" }, "geometry": { "type": "Point", "coordinates": [ 121.643303724277388, 25.216589568391178 ] } },
{ "type": "Feature", "properties": { "NAME": "礁溪溫泉", "TYPE": "溫泉" }, "geometry": { "type": "Point", "coordinates": [ 121.776676906487182, 24.830680514051217 ] } },
{ "type": "Feature", "properties": { "NAME": "礁溪溫泉（湯園）", "TYPE": "溫泉" }, "geometry": { "type": "Point", "coordinates": [ 121.7727554574885, 24.827868535261491 ] } },
{ "type": "Feature", "properties": { "NAME": "蘇澳冷泉", "TYPE": "溫泉" }, "geometry": { "type": "Point", "coordinates": [ 121.85098564313094, 24.597831395456375 ] } },
{ "type": "Feature", "properties": { "NAME": "關子嶺溫泉", "TYPE": "溫泉" }, "geometry": { "type": "Point", "coordinates": [ 120.504288676046102, 23.338356715115786 ] } },
{ "type": "Feature", "properties": { "NAME": "滾水壺泥火山", "TYPE": "溫泉" }, "geometry": { "type": "Point", "coordinates": [ 120.409769436168261, 22.802541166600825 ] } },
{ "type": "Feature", "properties": { "NAME": "烏山頂泥火山", "TYPE": "溫泉" }, "geometry": { "type": "Point", "coordinates": [ 120.40739887156461, 22.795146564067121 ] } },
{ "type": "Feature", "properties": { "NAME": "火燒島海底溫泉", "TYPE": "溫泉" }, "geometry": { "type": "Point", "coordinates": [ 121.50503635214541, 22.637892943547385 ] } },
{ "type": "Feature", "properties": { "NAME": "四重溪溫泉", "TYPE": "溫泉" }, "geometry": { "type": "Point", "coordinates": [ 120.747923679832297, 22.094543020290526 ] } },
{ "type": "Feature", "properties": { "NAME": "員山溫泉", "TYPE": "溫泉" }, "geometry": { "type": "Point", "coordinates": [ 121.713868471362289, 24.750346866933626 ] } },
{ "type": "Feature", "properties": { "NAME": "烏來溫泉", "TYPE": "溫泉" }, "geometry": { "type": "Point", "coordinates": [ 121.549081079056535, 24.866026600919604 ] } },
{ "type": "Feature", "properties": { "NAME": "蘇澳礦泉", "TYPE": "溫泉" }, "geometry": { "type": "Point", "coordinates": [ 121.851176709367508, 24.597743031569355 ] } },
{ "type": "Feature", "properties": { "NAME": "金刀比羅社", "TYPE": "神社" }, "geometry": { "type": "Point", "coordinates": [ 120.531290134894576, 24.109116197452813 ] } },
{ "type": "Feature", "properties": { "NAME": "臺中神社", "TYPE": "神社" }, "geometry": { "type": "Point", "coordinates": [ 120.684474585341434, 24.145794324949165 ] } },
{ "type": "Feature", "properties": { "NAME": "臺灣神社", "TYPE": "神社" }, "geometry": { "type": "Point", "coordinates": [ 121.526595702966446, 25.079040277720157 ] } },
{ "type": "Feature", "properties": { "NAME": "基隆神社", "TYPE": "神社" }, "geometry": { "type": "Point", "coordinates": [ 121.747217705815359, 25.131869246532318 ] } },
{ "type": "Feature", "properties": { "NAME": "新竹神社", "TYPE": "神社" }, "geometry": { "type": "Point", "coordinates": [ 120.95234277423684, 24.791629670526895 ] } },
{ "type": "Feature", "properties": { "NAME": "宜蘭神社", "TYPE": "神社" }, "geometry": { "type": "Point", "coordinates": [ 121.721005123441799, 24.744884173431771 ] } },
{ "type": "Feature", "properties": { "NAME": "五間厝神社", "TYPE": "神社" }, "geometry": { "type": "Point", "coordinates": [ 120.433213865867003, 23.704678815852699 ] } },
{ "type": "Feature", "properties": { "NAME": "林內神社", "TYPE": "神社" }, "geometry": { "type": "Point", "coordinates": [ 120.541006547417211, 23.677708416688233 ] } },
{ "type": "Feature", "properties": { "NAME": "大林金刀比羅社", "TYPE": "神社" }, "geometry": { "type": "Point", "coordinates": [ 120.454863967287693, 23.610971355695483 ] } },
{ "type": "Feature", "properties": { "NAME": "嘉義神社", "TYPE": "神社" }, "geometry": { "type": "Point", "coordinates": [ 120.468433165999869, 23.481432464852841 ] } },
{ "type": "Feature", "properties": { "NAME": "南靖神社", "TYPE": "神社" }, "geometry": { "type": "Point", "coordinates": [ 120.384649756780547, 23.417093225553245 ] } },
{ "type": "Feature", "properties": { "NAME": "臺南神社", "TYPE": "神社" }, "geometry": { "type": "Point", "coordinates": [ 120.20122524295553, 22.990127879776271 ] } },
{ "type": "Feature", "properties": { "NAME": "開山神社", "TYPE": "神社" }, "geometry": { "type": "Point", "coordinates": [ 120.207299653239858, 22.987600213389559 ] } },
{ "type": "Feature", "properties": { "NAME": "新町稻荷社", "TYPE": "神社" }, "geometry": { "type": "Point", "coordinates": [ 120.193222001752659, 22.990755339797825 ] } },
{ "type": "Feature", "properties": { "NAME": "橋子頭社", "TYPE": "神社" }, "geometry": { "type": "Point", "coordinates": [ 120.314672159554917, 22.753184488894917 ] } },
{ "type": "Feature", "properties": { "NAME": "岡山神社", "TYPE": "神社" }, "geometry": { "type": "Point", "coordinates": [ 120.291784769148094, 22.797144354368108 ] } },
{ "type": "Feature", "properties": { "NAME": "里港神社", "TYPE": "神社" }, "geometry": { "type": "Point", "coordinates": [ 120.49515998778368, 22.780061080951636 ] } },
{ "type": "Feature", "properties": { "NAME": "阿緱神社", "TYPE": "神社" }, "geometry": { "type": "Point", "coordinates": [ 120.493279707954983, 22.677486016010523 ] } },
{ "type": "Feature", "properties": { "NAME": "海豐產土社", "TYPE": "神社" }, "geometry": { "type": "Point", "coordinates": [ 120.516579668113792, 22.704667685722253 ] } },
{ "type": "Feature", "properties": { "NAME": "高雄神社", "TYPE": "神社" }, "geometry": { "type": "Point", "coordinates": [ 120.273785524377445, 22.626091678140661 ] } },
{ "type": "Feature", "properties": { "NAME": "鳳山神社", "TYPE": "神社" }, "geometry": { "type": "Point", "coordinates": [ 120.363607110190813, 22.628832111536276 ] } },
{ "type": "Feature", "properties": { "NAME": "後壁林社", "TYPE": "神社" }, "geometry": { "type": "Point", "coordinates": [ 120.334953836679801, 22.56089632249137 ] } },
{ "type": "Feature", "properties": { "NAME": "潮州神社", "TYPE": "神社" }, "geometry": { "type": "Point", "coordinates": [ 120.550575694544435, 22.547444949609204 ] } },
{ "type": "Feature", "properties": { "NAME": "東港神社", "TYPE": "神社" }, "geometry": { "type": "Point", "coordinates": [ 120.441856318439932, 22.464561929561576 ] } },
{ "type": "Feature", "properties": { "NAME": "溪州社", "TYPE": "神社" }, "geometry": { "type": "Point", "coordinates": [ 120.514224568685009, 22.495491648800179 ] } },
{ "type": "Feature", "properties": { "NAME": "佳冬神社", "TYPE": "神社" }, "geometry": { "type": "Point", "coordinates": [ 120.562383559223363, 22.411547184805062 ] } },
{ "type": "Feature", "properties": { "NAME": "臺北稻荷神社", "TYPE": "神社" }, "geometry": { "type": "Point", "coordinates": [ 121.50673502926405, 25.042318193994589 ] } },
{ "type": "Feature", "properties": { "NAME": "淡水稻荷社", "TYPE": "神社" }, "geometry": { "type": "Point", "coordinates": [ 121.438459144014359, 25.173154345497498 ] } },
{ "type": "Feature", "properties": { "NAME": "月眉社", "TYPE": "神社" }, "geometry": { "type": "Point", "coordinates": [ 120.691248400181564, 24.317253379971596 ] } },
{ "type": "Feature", "properties": { "NAME": "金瓜石社", "TYPE": "神社" }, "geometry": { "type": "Point", "coordinates": [ 121.843144410995265, 25.106875473608675 ] } },
{ "type": "Feature", "properties": { "NAME": "臺中稻荷社", "TYPE": "神社" }, "geometry": { "type": "Point", "coordinates": [ 120.682931122739859, 24.13896962336381 ] } },
{ "type": "Feature", "properties": { "NAME": "末廣稻荷社", "TYPE": "神社" }, "geometry": { "type": "Point", "coordinates": [ 121.753036072443393, 25.127380472576181 ] } },
{ "type": "Feature", "properties": { "NAME": "瑞芳社", "TYPE": "神社" }, "geometry": { "type": "Point", "coordinates": [ 121.842397563814174, 25.109616055332701 ] } },
{ "type": "Feature", "properties": { "NAME": "臺東神社", "TYPE": "神社" }, "geometry": { "type": "Point", "coordinates": [ 121.143044930852938, 22.753840706366262 ] } },
{ "type": "Feature", "properties": { "NAME": "末廣稻荷社", "TYPE": "神社" }, "geometry": { "type": "Point", "coordinates": [ 120.492593727335432, 22.674617982094954 ] } },
{ "type": "Feature", "properties": { "NAME": "吉野神社", "TYPE": "神社" }, "geometry": { "type": "Point", "coordinates": [ 121.557180753168012, 23.986369941146339 ] } },
{ "type": "Feature", "properties": { "NAME": "豐田神社", "TYPE": "神社" }, "geometry": { "type": "Point", "coordinates": [ 121.500923440021026, 23.838544199836736 ] } },
{ "type": "Feature", "properties": { "NAME": "林田神社", "TYPE": "神社" }, "geometry": { "type": "Point", "coordinates": [ 121.467886482371384, 23.75304837271711 ] } },
{ "type": "Feature", "properties": { "NAME": "六龜天滿祠", "TYPE": "神社" }, "geometry": { "type": "Point", "coordinates": [ 120.634361769537009, 22.995870552288846 ] } },
{ "type": "Feature", "properties": { "NAME": "臺東稻荷社", "TYPE": "神社" }, "geometry": { "type": "Point", "coordinates": [ 121.150628186040066, 22.755559998985593 ] } },
{ "type": "Feature", "properties": { "NAME": "花蓮港神社", "TYPE": "神社" }, "geometry": { "type": "Point", "coordinates": [ 121.611162509150503, 23.985150637994611 ] } },
{ "type": "Feature", "properties": { "NAME": "加羅山社", "TYPE": "神社" }, "geometry": { "type": "Point", "coordinates": [ 121.531764007798188, 24.623778480640588 ] } },
{ "type": "Feature", "properties": { "NAME": "阿里山神社", "TYPE": "神社" }, "geometry": { "type": "Point", "coordinates": [ 120.810111006071011, 23.518126770876318 ] } },
{ "type": "Feature", "properties": { "NAME": "東澳祠", "TYPE": "神社" }, "geometry": { "type": "Point", "coordinates": [ 121.833258355881895, 24.521149180002404 ] } },
{ "type": "Feature", "properties": { "NAME": "二結稻荷社", "TYPE": "神社" }, "geometry": { "type": "Point", "coordinates": [ 121.768176235011467, 24.706274421515413 ] } },
{ "type": "Feature", "properties": { "NAME": "鹿野村社", "TYPE": "神社" }, "geometry": { "type": "Point", "coordinates": [ 121.121107350100161, 22.904393379503578 ] } },
{ "type": "Feature", "properties": { "NAME": "基隆天滿宮", "TYPE": "神社" }, "geometry": { "type": "Point", "coordinates": [ 121.751413294623049, 25.128067582258382 ] } },
{ "type": "Feature", "properties": { "NAME": "惠美須社", "TYPE": "神社" }, "geometry": { "type": "Point", "coordinates": [ 121.761893644429421, 25.144870533497119 ] } },
{ "type": "Feature", "properties": { "NAME": "水天社", "TYPE": "神社" }, "geometry": { "type": "Point", "coordinates": [ 120.480581887511974, 22.889210391456096 ] } },
{ "type": "Feature", "properties": { "NAME": "八仙山社", "TYPE": "神社" }, "geometry": { "type": "Point", "coordinates": [ 121.014773111174151, 24.19191895036429 ] } },
{ "type": "Feature", "properties": { "NAME": "佐久間神社", "TYPE": "神社" }, "geometry": { "type": "Point", "coordinates": [ 121.495164396702378, 24.178858544254588 ] } },
{ "type": "Feature", "properties": { "NAME": "太麻里祠", "TYPE": "神社" }, "geometry": { "type": "Point", "coordinates": [ 121.003343447494032, 22.612632026813852 ] } },
{ "type": "Feature", "properties": { "NAME": "大湳祠", "TYPE": "神社" }, "geometry": { "type": "Point", "coordinates": [ 120.970579034222879, 24.543862539035825 ] } },
{ "type": "Feature", "properties": { "NAME": "豐滿社", "TYPE": "神社" }, "geometry": { "type": "Point", "coordinates": [ 121.315024709907107, 24.979603929189121 ] } },
{ "type": "Feature", "properties": { "NAME": "崁腳山社", "TYPE": "神社" }, "geometry": { "type": "Point", "coordinates": [ 121.64977443515042, 25.160472504569228 ] } },
{ "type": "Feature", "properties": { "NAME": "鼻子頭社", "TYPE": "神社" }, "geometry": { "type": "Point", "coordinates": [ 121.752649477513245, 25.139196278600803 ] } },
{ "type": "Feature", "properties": { "NAME": "新高祠", "TYPE": "神社" }, "geometry": { "type": "Point", "coordinates": [ 120.957264032600406, 23.468980666872977 ] } },
{ "type": "Feature", "properties": { "NAME": "南投神社", "TYPE": "神社" }, "geometry": { "type": "Point", "coordinates": [ 120.675526482156059, 23.912503531145493 ] } },
{ "type": "Feature", "properties": { "NAME": "埔里社", "TYPE": "神社" }, "geometry": { "type": "Point", "coordinates": [ 120.959472648929932, 23.967675824046683 ] } },
{ "type": "Feature", "properties": { "NAME": "大安稻荷社", "TYPE": "神社" }, "geometry": { "type": "Point", "coordinates": [ 121.541465030949794, 25.043094096563379 ] } },
{ "type": "Feature", "properties": { "NAME": "能高神社", "TYPE": "神社" }, "geometry": { "type": "Point", "coordinates": [ 120.982339160966163, 23.973940566623977 ] } },
{ "type": "Feature", "properties": { "NAME": "小濱祠", "TYPE": "神社" }, "geometry": { "type": "Point", "coordinates": [ 121.37949088347311, 23.100832946095256 ] } },
{ "type": "Feature", "properties": { "NAME": "都歷祠", "TYPE": "神社" }, "geometry": { "type": "Point", "coordinates": [ 121.331149920315326, 23.026451078758225 ] } },
{ "type": "Feature", "properties": { "NAME": "高原祠", "TYPE": "神社" }, "geometry": { "type": "Point", "coordinates": [ 121.284374177802789, 22.998641253410309 ] } },
{ "type": "Feature", "properties": { "NAME": "都鑾祠", "TYPE": "神社" }, "geometry": { "type": "Point", "coordinates": [ 121.22418190882226, 22.874382393260625 ] } },
{ "type": "Feature", "properties": { "NAME": "馬武窟祠", "TYPE": "神社" }, "geometry": { "type": "Point", "coordinates": [ 121.303246946978419, 22.971892506199861 ] } },
{ "type": "Feature", "properties": { "NAME": "大濱祠", "TYPE": "神社" }, "geometry": { "type": "Point", "coordinates": [ 121.399220507700591, 23.211800966894312 ] } },
{ "type": "Feature", "properties": { "NAME": "蘇澳金刀比羅社", "TYPE": "神社" }, "geometry": { "type": "Point", "coordinates": [ 121.850113416816598, 24.593802766042938 ] } },
{ "type": "Feature", "properties": { "NAME": "彰化神社", "TYPE": "神社" }, "geometry": { "type": "Point", "coordinates": [ 120.546179653034528, 24.077320800678791 ] } },
{ "type": "Feature", "properties": { "NAME": "新港祠", "TYPE": "神社" }, "geometry": { "type": "Point", "coordinates": [ 121.373550061601648, 23.099509736746704 ] } },
{ "type": "Feature", "properties": { "NAME": "沙汝灣祠", "TYPE": "神社" }, "geometry": { "type": "Point", "coordinates": [ 121.397882559981085, 23.209389983443341 ] } },
{ "type": "Feature", "properties": { "NAME": "石寧埔祠", "TYPE": "神社" }, "geometry": { "type": "Point", "coordinates": [ 121.414552732953595, 23.244160540901486 ] } },
{ "type": "Feature", "properties": { "NAME": "長濱祠", "TYPE": "神社" }, "geometry": { "type": "Point", "coordinates": [ 121.434807110716108, 23.296018577673731 ] } },
{ "type": "Feature", "properties": { "NAME": "加走灣社", "TYPE": "神社" }, "geometry": { "type": "Point", "coordinates": [ 121.451648866830027, 23.315545091385943 ] } },
{ "type": "Feature", "properties": { "NAME": "三間屋祠", "TYPE": "神社" }, "geometry": { "type": "Point", "coordinates": [ 121.46837252728767, 23.355395452949484 ] } },
{ "type": "Feature", "properties": { "NAME": "姑子律祠", "TYPE": "神社" }, "geometry": { "type": "Point", "coordinates": [ 121.482613812209621, 23.412549673966907 ] } },
{ "type": "Feature", "properties": { "NAME": "樟原祠", "TYPE": "神社" }, "geometry": { "type": "Point", "coordinates": [ 121.482605244231223, 23.412395621598233 ] } },
{ "type": "Feature", "properties": { "NAME": "里壟社", "TYPE": "神社" }, "geometry": { "type": "Point", "coordinates": [ 121.161285033610255, 23.044798786974244 ] } },
{ "type": "Feature", "properties": { "NAME": "烏日社", "TYPE": "神社" }, "geometry": { "type": "Point", "coordinates": [ 120.623726464328726, 24.10820458821361 ] } },
{ "type": "Feature", "properties": { "NAME": "十八兒祠", "TYPE": "神社" }, "geometry": { "type": "Point", "coordinates": [ 121.088642981011631, 24.627094213397047 ] } },
{ "type": "Feature", "properties": { "NAME": "大馬祠", "TYPE": "神社" }, "geometry": { "type": "Point", "coordinates": [ 121.268590739053309, 22.928116147818109 ] } },
{ "type": "Feature", "properties": { "NAME": "建功神社", "TYPE": "神社" }, "geometry": { "type": "Point", "coordinates": [ 121.512476402045266, 25.032561347704785 ] } },
{ "type": "Feature", "properties": { "NAME": "苗栗神社", "TYPE": "神社" }, "geometry": { "type": "Point", "coordinates": [ 120.821906907200628, 24.558197596690949 ] } },
{ "type": "Feature", "properties": { "NAME": "玉里社", "TYPE": "神社" }, "geometry": { "type": "Point", "coordinates": [ 121.313291843412614, 23.334929688730028 ] } },
{ "type": "Feature", "properties": { "NAME": "澎湖神社", "TYPE": "神社" }, "geometry": { "type": "Point", "coordinates": [ 119.575234506067389, 23.570595063568359 ] } },
{ "type": "Feature", "properties": { "NAME": "玉井社", "TYPE": "神社" }, "geometry": { "type": "Point", "coordinates": [ 120.458559739514371, 23.121393770284953 ] } },
{ "type": "Feature", "properties": { "NAME": "新化神社", "TYPE": "神社" }, "geometry": { "type": "Point", "coordinates": [ 120.348618708247756, 23.030292561834028 ] } },
{ "type": "Feature", "properties": { "NAME": "斗六神社", "TYPE": "神社" }, "geometry": { "type": "Point", "coordinates": [ 120.545636240739213, 23.713437934262096 ] } },
{ "type": "Feature", "properties": { "NAME": "鵝鑾鼻社", "TYPE": "神社" }, "geometry": { "type": "Point", "coordinates": [ 120.849477648177896, 21.907135637865569 ] } },
{ "type": "Feature", "properties": { "NAME": "射馬干祠", "TYPE": "神社" }, "geometry": { "type": "Point", "coordinates": [ 121.048905998107827, 22.71649753815695 ] } },
{ "type": "Feature", "properties": { "NAME": "知本祠", "TYPE": "神社" }, "geometry": { "type": "Point", "coordinates": [ 121.051634778926015, 22.706610542139533 ] } },
{ "type": "Feature", "properties": { "NAME": "北絲鬮社", "TYPE": "神社" }, "geometry": { "type": "Point", "coordinates": [ 121.091894742983811, 22.859836662931521 ] } },
{ "type": "Feature", "properties": { "NAME": "卑南祠", "TYPE": "神社" }, "geometry": { "type": "Point", "coordinates": [ 121.113311181443677, 22.789126219763403 ] } },
{ "type": "Feature", "properties": { "NAME": "呂家祠", "TYPE": "神社" }, "geometry": { "type": "Point", "coordinates": [ 121.063428286934339, 22.776976772722524 ] } },
{ "type": "Feature", "properties": { "NAME": "大南社", "TYPE": "神社" }, "geometry": { "type": "Point", "coordinates": [ 121.043278568008276, 22.764241587266639 ] } },
{ "type": "Feature", "properties": { "NAME": "加陸蘭祠", "TYPE": "神社" }, "geometry": { "type": "Point", "coordinates": [ 121.547223930435763, 23.707181956010203 ] } },
{ "type": "Feature", "properties": { "NAME": "北投社", "TYPE": "神社" }, "geometry": { "type": "Point", "coordinates": [ 121.506788401243526, 25.137288200813508 ] } },
{ "type": "Feature", "properties": { "NAME": "灣裡社", "TYPE": "神社" }, "geometry": { "type": "Point", "coordinates": [ 120.29083045483263, 23.154677949664059 ] } },
{ "type": "Feature", "properties": { "NAME": "總爺社", "TYPE": "神社" }, "geometry": { "type": "Point", "coordinates": [ 120.269435605195056, 23.185971216523058 ] } },
{ "type": "Feature", "properties": { "NAME": "員林神社", "TYPE": "神社" }, "geometry": { "type": "Point", "coordinates": [ 120.607099465480189, 23.948129479137698 ] } },
{ "type": "Feature", "properties": { "NAME": "臺北天滿宮社", "TYPE": "神社" }, "geometry": { "type": "Point", "coordinates": [ 121.515186252874855, 25.042980530207423 ] } },
{ "type": "Feature", "properties": { "NAME": "三崁店社", "TYPE": "神社" }, "geometry": { "type": "Point", "coordinates": [ 120.243960473528603, 23.05432835998776 ] } },
{ "type": "Feature", "properties": { "NAME": "高砂社", "TYPE": "神社" }, "geometry": { "type": "Point", "coordinates": [ 121.556773629123754, 24.003622078540133 ] } },
{ "type": "Feature", "properties": { "NAME": "瑞穗祠", "TYPE": "神社" }, "geometry": { "type": "Point", "coordinates": [ 121.373677462020339, 23.497076118457031 ] } },
{ "type": "Feature", "properties": { "NAME": "觀音山社", "TYPE": "神社" }, "geometry": { "type": "Point", "coordinates": [ 121.357078285467665, 23.395048722227514 ] } },
{ "type": "Feature", "properties": { "NAME": "織羅社", "TYPE": "神社" }, "geometry": { "type": "Point", "coordinates": [ 121.395913355407345, 23.454104990968016 ] } },
{ "type": "Feature", "properties": { "NAME": "日月潭玉島社", "TYPE": "神社" }, "geometry": { "type": "Point", "coordinates": [ 120.911340231417867, 23.855593813009435 ] } },
{ "type": "Feature", "properties": { "NAME": "大武社", "TYPE": "神社" }, "geometry": { "type": "Point", "coordinates": [ 120.906316132711055, 22.358123410016052 ] } },
{ "type": "Feature", "properties": { "NAME": "新高社", "TYPE": "神社" }, "geometry": { "type": "Point", "coordinates": [ 120.780155378187075, 23.829033779544432 ] } },
{ "type": "Feature", "properties": { "NAME": "大溪社", "TYPE": "神社" }, "geometry": { "type": "Point", "coordinates": [ 121.287778093566104, 24.881814615006341 ] } },
{ "type": "Feature", "properties": { "NAME": "德高祠", "TYPE": "神社" }, "geometry": { "type": "Point", "coordinates": [ 121.17769640751925, 23.07398499539417 ] } },
{ "type": "Feature", "properties": { "NAME": "雷公火祠", "TYPE": "神社" }, "geometry": { "type": "Point", "coordinates": [ 121.17304924308965, 23.006230735995782 ] } },
{ "type": "Feature", "properties": { "NAME": "大南八幡社", "TYPE": "神社" }, "geometry": { "type": "Point", "coordinates": [ 120.800318140914683, 24.230105850933256 ] } },
{ "type": "Feature", "properties": { "NAME": "沙鹿社", "TYPE": "神社" }, "geometry": { "type": "Point", "coordinates": [ 120.555721390220171, 24.227643936563275 ] } },
{ "type": "Feature", "properties": { "NAME": "池上祠", "TYPE": "神社" }, "geometry": { "type": "Point", "coordinates": [ 121.222451552475363, 23.10423380661927 ] } },
{ "type": "Feature", "properties": { "NAME": "拔子社", "TYPE": "神社" }, "geometry": { "type": "Point", "coordinates": [ 121.376114394369068, 23.578420349651807 ] } },
{ "type": "Feature", "properties": { "NAME": "大原祠", "TYPE": "神社" }, "geometry": { "type": "Point", "coordinates": [ 121.156190190205223, 22.973508734913739 ] } },
{ "type": "Feature", "properties": { "NAME": "虎山社(車路墘社)", "TYPE": "神社" }, "geometry": { "type": "Point", "coordinates": [ 120.230299273953122, 22.939871679162174 ] } },
{ "type": "Feature", "properties": { "NAME": "旗尾社", "TYPE": "神社" }, "geometry": { "type": "Point", "coordinates": [ 120.492412732350843, 22.877531972902094 ] } },
{ "type": "Feature", "properties": { "NAME": "大鳥社", "TYPE": "神社" }, "geometry": { "type": "Point", "coordinates": [ 120.890417017333831, 22.393413682190801 ] } },
{ "type": "Feature", "properties": { "NAME": "次高社", "TYPE": "神社" }, "geometry": { "type": "Point", "coordinates": [ 121.239375836343456, 24.371712457366762 ] } },
{ "type": "Feature", "properties": { "NAME": "久良木西社", "TYPE": "神社" }, "geometry": { "type": "Point", "coordinates": [ 121.020144011752691, 24.209163671288259 ] } },
{ "type": "Feature", "properties": { "NAME": "北港神社", "TYPE": "神社" }, "geometry": { "type": "Point", "coordinates": [ 120.302546199356982, 23.570921499474316 ] } },
{ "type": "Feature", "properties": { "NAME": "山神社", "TYPE": "神社" }, "geometry": { "type": "Point", "coordinates": [ 121.088164200550153, 24.738635587722076 ] } },
{ "type": "Feature", "properties": { "NAME": "豐原神社", "TYPE": "神社" }, "geometry": { "type": "Point", "coordinates": [ 120.722664510952995, 24.248494725975974 ] } },
{ "type": "Feature", "properties": { "NAME": "銅門祠", "TYPE": "神社" }, "geometry": { "type": "Point", "coordinates": [ 121.493102167757797, 23.965647867676122 ] } },
{ "type": "Feature", "properties": { "NAME": "瑞芳神社", "TYPE": "神社" }, "geometry": { "type": "Point", "coordinates": [ 121.801903645575962, 25.113068636504426 ] } },
{ "type": "Feature", "properties": { "NAME": "北門神社", "TYPE": "神社" }, "geometry": { "type": "Point", "coordinates": [ 120.178062091733452, 23.168986425474479 ] } },
{ "type": "Feature", "properties": { "NAME": "東石神社", "TYPE": "神社" }, "geometry": { "type": "Point", "coordinates": [ 120.253000984942403, 23.467401739709892 ] } },
{ "type": "Feature", "properties": { "NAME": "南澳祠", "TYPE": "神社" }, "geometry": { "type": "Point", "coordinates": [ 121.799956685562975, 24.466887414183315 ] } },
{ "type": "Feature", "properties": { "NAME": "旗山神社", "TYPE": "神社" }, "geometry": { "type": "Point", "coordinates": [ 120.475413662520239, 22.885392097044804 ] } },
{ "type": "Feature", "properties": { "NAME": "通霄神社", "TYPE": "神社" }, "geometry": { "type": "Point", "coordinates": [ 120.682883255452509, 24.492463798739504 ] } },
{ "type": "Feature", "properties": { "NAME": "大竹高祠", "TYPE": "神社" }, "geometry": { "type": "Point", "coordinates": [ 120.938487155525337, 22.443167207516002 ] } },
{ "type": "Feature", "properties": { "NAME": "成廣澳祠", "TYPE": "神社" }, "geometry": { "type": "Point", "coordinates": [ 121.379605364424776, 23.099512879851275 ] } },
{ "type": "Feature", "properties": { "NAME": "東勢神社", "TYPE": "神社" }, "geometry": { "type": "Point", "coordinates": [ 120.836084872416095, 24.248301928117005 ] } },
{ "type": "Feature", "properties": { "NAME": "新城社", "TYPE": "神社" }, "geometry": { "type": "Point", "coordinates": [ 121.649483311672839, 24.128898468138235 ] } },
{ "type": "Feature", "properties": { "NAME": "大港口祠", "TYPE": "神社" }, "geometry": { "type": "Point", "coordinates": [ 121.496438269795448, 23.46853280551937 ] } },
{ "type": "Feature", "properties": { "NAME": "太巴塱祠", "TYPE": "神社" }, "geometry": { "type": "Point", "coordinates": [ 121.427376766384384, 23.673880046205966 ] } },
{ "type": "Feature", "properties": { "NAME": "羅東神社", "TYPE": "神社" }, "geometry": { "type": "Point", "coordinates": [ 121.761856197831719, 24.675786047114002 ] } },
{ "type": "Feature", "properties": { "NAME": "新莊神社", "TYPE": "神社" }, "geometry": { "type": "Point", "coordinates": [ 121.457007054879611, 25.038783399432749 ] } },
{ "type": "Feature", "properties": { "NAME": "清水神社", "TYPE": "神社" }, "geometry": { "type": "Point", "coordinates": [ 120.580725363718685, 24.268892857382241 ] } },
{ "type": "Feature", "properties": { "NAME": "新營神社", "TYPE": "神社" }, "geometry": { "type": "Point", "coordinates": [ 120.313019231018416, 23.309614960482495 ] } },
{ "type": "Feature", "properties": { "NAME": "汐止神社", "TYPE": "神社" }, "geometry": { "type": "Point", "coordinates": [ 121.658917745427317, 25.068576563639748 ] } },
{ "type": "Feature", "properties": { "NAME": "嘎嘮吧灣祠", "TYPE": "神社" }, "geometry": { "type": "Point", "coordinates": [ 121.296014542785215, 23.030771794231931 ] } },
{ "type": "Feature", "properties": { "NAME": "埋伏坪祠", "TYPE": "神社" }, "geometry": { "type": "Point", "coordinates": [ 120.910869261015492, 24.28844542299472 ] } },
{ "type": "Feature", "properties": { "NAME": "太平祠", "TYPE": "神社" }, "geometry": { "type": "Point", "coordinates": [ 121.312065472331568, 23.400662581920187 ] } },
{ "type": "Feature", "properties": { "NAME": "黃金神社", "TYPE": "神社" }, "geometry": { "type": "Point", "coordinates": [ 121.859592657570133, 25.104446028464952 ] } },
{ "type": "Feature", "properties": { "NAME": "川中島社", "TYPE": "神社" }, "geometry": { "type": "Point", "coordinates": [ 120.969980606889322, 24.063403116842977 ] } },
{ "type": "Feature", "properties": { "NAME": "竹山神社", "TYPE": "神社" }, "geometry": { "type": "Point", "coordinates": [ 120.669775212886918, 23.758758022800649 ] } },
{ "type": "Feature", "properties": { "NAME": "濁水祠", "TYPE": "神社" }, "geometry": { "type": "Point", "coordinates": [ 121.141461138283262, 22.763061070179013 ] } },
{ "type": "Feature", "properties": { "NAME": "虷子崙祠", "TYPE": "神社" }, "geometry": { "type": "Point", "coordinates": [ 120.962049343074639, 22.532430270452853 ] } },
{ "type": "Feature", "properties": { "NAME": "圓山水神社", "TYPE": "神社" }, "geometry": { "type": "Point", "coordinates": [ 121.525308817927367, 25.10318785622507 ] } },
{ "type": "Feature", "properties": { "NAME": "海山神社", "TYPE": "神社" }, "geometry": { "type": "Point", "coordinates": [ 121.480043966819963, 24.997122473278903 ] } },
{ "type": "Feature", "properties": { "NAME": "角板山祠", "TYPE": "神社" }, "geometry": { "type": "Point", "coordinates": [ 121.350948502887078, 24.81621831634315 ] } },
{ "type": "Feature", "properties": { "NAME": "桃園神社", "TYPE": "神社" }, "geometry": { "type": "Point", "coordinates": [ 121.325492387708948, 25.006573268197521 ] } },
{ "type": "Feature", "properties": { "NAME": "北斗神社", "TYPE": "神社" }, "geometry": { "type": "Point", "coordinates": [ 120.523629995273907, 23.875164592078875 ] } },
{ "type": "Feature", "properties": { "NAME": "苗栗神社", "TYPE": "神社" }, "geometry": { "type": "Point", "coordinates": [ 120.811076172422474, 24.555780269515452 ] } },
{ "type": "Feature", "properties": { "NAME": "文山神社", "TYPE": "神社" }, "geometry": { "type": "Point", "coordinates": [ 121.531385592451869, 24.956495323969019 ] } },
{ "type": "Feature", "properties": { "NAME": "淡水神社", "TYPE": "神社" }, "geometry": { "type": "Point", "coordinates": [ 121.428416218626879, 25.178627297569399 ] } },
{ "type": "Feature", "properties": { "NAME": "鹿港神社", "TYPE": "神社" }, "geometry": { "type": "Point", "coordinates": [ 120.440211517415136, 24.051917846893193 ] } },
{ "type": "Feature", "properties": { "NAME": "中壢神社", "TYPE": "神社" }, "geometry": { "type": "Point", "coordinates": [ 121.210259378594799, 24.962819144545737 ] } },
{ "type": "Feature", "properties": { "NAME": "竹南神社", "TYPE": "神社" }, "geometry": { "type": "Point", "coordinates": [ 120.873210961339765, 24.684858754626358 ] } },
{ "type": "Feature", "properties": { "NAME": "林內神社", "TYPE": "神社" }, "geometry": { "type": "Point", "coordinates": [ 120.614448015528296, 23.752624227490198 ] } },
{ "type": "Feature", "properties": { "NAME": "大湖神社", "TYPE": "神社" }, "geometry": { "type": "Point", "coordinates": [ 120.870632912286581, 24.428594449980189 ] } },
{ "type": "Feature", "properties": { "NAME": "臺灣護國神社", "TYPE": "神社" }, "geometry": { "type": "Point", "coordinates": [ 121.532848052302626, 25.079615061050227 ] } },
{ "type": "Feature", "properties": { "NAME": "竹東神社", "TYPE": "神社" }, "geometry": { "type": "Point", "coordinates": [ 121.088272211309885, 24.732527132487103 ] } },
{ "type": "Feature", "properties": { "NAME": "南投神社", "TYPE": "神社" }, "geometry": { "type": "Point", "coordinates": [ 120.680774485827769, 23.908771224481395 ] } },
{ "type": "Feature", "properties": { "NAME": "曾文神社", "TYPE": "神社" }, "geometry": { "type": "Point", "coordinates": [ 120.264135412699147, 23.192730087982198 ] } },
{ "type": "Feature", "properties": { "NAME": "田中神社", "TYPE": "神社" }, "geometry": { "type": "Point", "coordinates": [ 120.604589782242499, 23.852144367801156 ] } },
{ "type": "Feature", "properties": { "NAME": "秀水神社", "TYPE": "神社" }, "geometry": { "type": "Point", "coordinates": [ 120.499128148842402, 24.035140488368661 ] } },
{ "type": "Feature", "properties": { "NAME": "恆春神社", "TYPE": "神社" }, "geometry": { "type": "Point", "coordinates": [ 120.74394862653493, 21.965591280305485 ] } },
{ "type": "Feature", "properties": { "NAME": "魚池神社", "TYPE": "神社" }, "geometry": { "type": "Point", "coordinates": [ 120.932917650560796, 23.899170066176399 ] } },
{ "type": "Feature", "properties": { "NAME": "蘇澳神社", "TYPE": "神社" }, "geometry": { "type": "Point", "coordinates": [ 121.820529905717564, 24.60492330735854 ] } },
{ "type": "Feature", "properties": { "NAME": "頭份神社", "TYPE": "神社" }, "geometry": { "type": "Point", "coordinates": [ 120.937647331598541, 24.694046651556455 ] } },
{ "type": "Feature", "properties": { "NAME": "北大武山社", "TYPE": "神社" }, "geometry": { "type": "Point", "coordinates": [ 120.761530176672963, 22.622070304151627 ] } },
{ "type": "Feature", "properties": { "NAME": "尖石祠", "TYPE": "神社" }, "geometry": { "type": "Point", "coordinates": [ 121.178681306291097, 24.689637695532952 ] } },
{ "type": "Feature", "properties": { "NAME": "鹽濱祠", "TYPE": "神社" }, "geometry": { "type": "Point", "coordinates": [ 121.346931275767815, 23.065611957578604 ] } },
{ "type": "Feature", "properties": { "NAME": "恆春祠", "TYPE": "神社" }, "geometry": { "type": "Point", "coordinates": [ 120.749121916717769, 22.022880725690179 ] } },
{ "type": "Feature", "properties": { "NAME": "西山神祠", "TYPE": "神社" }, "geometry": { "type": "Point", "coordinates": [ 120.941340607199862, 23.470505057402594 ] } },
{ "type": "Feature", "properties": { "NAME": "侯硐神社", "TYPE": "神社" }, "geometry": { "type": "Point", "coordinates": [ 121.83310366999838, 25.092681773913892 ] } },
{ "type": "Feature", "properties": { "NAME": "士林芝山岩社", "TYPE": "神社" }, "geometry": { "type": "Point", "coordinates": [ 121.529985070080613, 25.095483819779957 ] } },
{ "type": "Feature", "properties": { "NAME": "七星稻荷社", "TYPE": "神社" }, "geometry": { "type": "Point", "coordinates": [ 121.512124116036233, 25.138632709169375 ] } },
{ "type": "Feature", "properties": { "NAME": "新竹州刑務所神社", "TYPE": "神社" }, "geometry": { "type": "Point", "coordinates": [ 120.958490829693687, 24.805011051449881 ] } },
{ "type": "Feature", "properties": { "NAME": "臺南州刑務所神社", "TYPE": "神社" }, "geometry": { "type": "Point", "coordinates": [ 120.19864393966553, 22.987027334115087 ] } },
{ "type": "Feature", "properties": { "NAME": "旭社", "TYPE": "神社" }, "geometry": { "type": "Point", "coordinates": [ 121.121669400350982, 22.737031843725696 ] } },
{ "type": "Feature", "properties": { "NAME": "基隆病院", "TYPE": "病院" }, "geometry": { "type": "Point", "coordinates": [ 121.748546791227923, 25.131140144591765 ] } },
{ "type": "Feature", "properties": { "NAME": "馬偕醫院", "TYPE": "病院" }, "geometry": { "type": "Point", "coordinates": [ 121.522213317589603, 25.058647521597898 ] } },
{ "type": "Feature", "properties": { "NAME": "台北醫院", "TYPE": "病院" }, "geometry": { "type": "Point", "coordinates": [ 121.517861946210701, 25.043008291850366 ] } },
{ "type": "Feature", "properties": { "NAME": "赤十字醫院", "TYPE": "病院" }, "geometry": { "type": "Point", "coordinates": [ 121.519263959679918, 25.040635329050968 ] } },
{ "type": "Feature", "properties": { "NAME": "養生院", "TYPE": "病院" }, "geometry": { "type": "Point", "coordinates": [ 121.594873904464279, 25.048684570754702 ] } },
{ "type": "Feature", "properties": { "NAME": "台北衛戍病院", "TYPE": "病院" }, "geometry": { "type": "Point", "coordinates": [ 121.459632678917913, 25.013494585237204 ] } },
{ "type": "Feature", "properties": { "NAME": "新竹病院", "TYPE": "病院" }, "geometry": { "type": "Point", "coordinates": [ 120.964873292408683, 24.801433824058687 ] } },
{ "type": "Feature", "properties": { "NAME": "台中病院", "TYPE": "病院" }, "geometry": { "type": "Point", "coordinates": [ 120.67531346426243, 24.140370049981485 ] } },
{ "type": "Feature", "properties": { "NAME": "台中衛戍病院", "TYPE": "病院" }, "geometry": { "type": "Point", "coordinates": [ 120.686777376157366, 24.142672404043189 ] } },
{ "type": "Feature", "properties": { "NAME": "嘉義保生院", "TYPE": "病院" }, "geometry": { "type": "Point", "coordinates": [ 120.460412782959523, 23.475319654724814 ] } },
{ "type": "Feature", "properties": { "NAME": "嘉義醫院", "TYPE": "病院" }, "geometry": { "type": "Point", "coordinates": [ 120.449837777317569, 23.481865877847948 ] } },
{ "type": "Feature", "properties": { "NAME": "保生院", "TYPE": "病院" }, "geometry": { "type": "Point", "coordinates": [ 120.3130228143132, 23.299903168426681 ] } },
{ "type": "Feature", "properties": { "NAME": "台南衛戍醫院", "TYPE": "病院" }, "geometry": { "type": "Point", "coordinates": [ 120.215843954824408, 23.003011065707632 ] } },
{ "type": "Feature", "properties": { "NAME": "新樓醫院", "TYPE": "病院" }, "geometry": { "type": "Point", "coordinates": [ 120.212923656558658, 22.988915766828185 ] } },
{ "type": "Feature", "properties": { "NAME": "台南病院", "TYPE": "病院" }, "geometry": { "type": "Point", "coordinates": [ 120.208021188384961, 22.99634239879709 ] } },
{ "type": "Feature", "properties": { "NAME": "高雄海軍病院", "TYPE": "病院" }, "geometry": { "type": "Point", "coordinates": [ 120.291498766122203, 22.702494981652155 ] } },
{ "type": "Feature", "properties": { "NAME": "屏東陸軍病院", "TYPE": "病院" }, "geometry": { "type": "Point", "coordinates": [ 120.46803926120846, 22.679806912064954 ] } },
{ "type": "Feature", "properties": { "NAME": "屏東病院", "TYPE": "病院" }, "geometry": { "type": "Point", "coordinates": [ 120.494746796605568, 22.683653735571379 ] } },
{ "type": "Feature", "properties": { "NAME": "高雄病院", "TYPE": "病院" }, "geometry": { "type": "Point", "coordinates": [ 120.279368242122004, 22.631167828594695 ] } },
{ "type": "Feature", "properties": { "NAME": "高雄陸軍病院", "TYPE": "病院" }, "geometry": { "type": "Point", "coordinates": [ 120.308369553373424, 22.633858940106403 ] } },
{ "type": "Feature", "properties": { "NAME": "台南衛戍醫院鳳山分院", "TYPE": "病院" }, "geometry": { "type": "Point", "coordinates": [ 120.366933334377975, 22.620626236499085 ] } },
{ "type": "Feature", "properties": { "NAME": "馬公衛戍醫院", "TYPE": "病院" }, "geometry": { "type": "Point", "coordinates": [ 119.564995741137324, 23.570301422528956 ] } },
{ "type": "Feature", "properties": { "NAME": "馬公醫院", "TYPE": "病院" }, "geometry": { "type": "Point", "coordinates": [ 119.566672352178486, 23.562970269468547 ] } },
{ "type": "Feature", "properties": { "NAME": "養浩堂醫院", "TYPE": "病院" }, "geometry": { "type": "Point", "coordinates": [ 121.543208320116193, 25.015719288636003 ] } },
{ "type": "Feature", "properties": { "NAME": "台北婦人病院", "TYPE": "病院" }, "geometry": { "type": "Point", "coordinates": [ 121.496575117141447, 25.036244716972917 ] } },
{ "type": "Feature", "properties": { "NAME": "台北市診療所", "TYPE": "病院" }, "geometry": { "type": "Point", "coordinates": [ 121.50197531625102, 25.043777428617471 ] } },
{ "type": "Feature", "properties": { "NAME": "台北市健康相談所", "TYPE": "病院" }, "geometry": { "type": "Point", "coordinates": [ 121.502126736726424, 25.043861538865539 ] } },
{ "type": "Feature", "properties": { "NAME": "養神院", "TYPE": "病院" }, "geometry": { "type": "Point", "coordinates": [ 121.574545155439438, 25.043737929640535 ] } },
{ "type": "Feature", "properties": { "NAME": "樂生院", "TYPE": "病院" }, "geometry": { "type": "Point", "coordinates": [ 121.415924327049126, 25.024888735096031 ] } },
{ "type": "Feature", "properties": { "NAME": "嘉義婦人病院", "TYPE": "病院" }, "geometry": { "type": "Point", "coordinates": [ 120.443996509980352, 23.478666374413955 ] } },
{ "type": "Feature", "properties": { "NAME": "高雄婦人醫院", "TYPE": "病院" }, "geometry": { "type": "Point", "coordinates": [ 120.287116130582774, 22.622047642128738 ] } },
{ "type": "Feature", "properties": { "NAME": "平安醫院", "TYPE": "病院" }, "geometry": { "type": "Point", "coordinates": [ 120.671267852678795, 24.147952097833766 ] } },
{ "type": "Feature", "properties": { "NAME": "台中婦人醫院", "TYPE": "病院" }, "geometry": { "type": "Point", "coordinates": [ 120.678597862308138, 24.143894378882383 ] } },
{ "type": "Feature", "properties": { "NAME": "基隆仁寮院", "TYPE": "病院" }, "geometry": { "type": "Point", "coordinates": [ 121.749381715684507, 25.130309300006807 ] } },
{ "type": "Feature", "properties": { "NAME": "基隆婦人病院", "TYPE": "病院" }, "geometry": { "type": "Point", "coordinates": [ 121.75230828535814, 25.128403329371384 ] } },
{ "type": "Feature", "properties": { "NAME": "馬公婦人醫院", "TYPE": "病院" }, "geometry": { "type": "Point", "coordinates": [ 119.568903702538123, 23.570240928625719 ] } },
{ "type": "Feature", "properties": { "NAME": "台南婦人病院", "TYPE": "病院" }, "geometry": { "type": "Point", "coordinates": [ 120.194045216781404, 22.99231261368497 ] } },
{ "type": "Feature", "properties": { "NAME": "彰化避病舍", "TYPE": "病院" }, "geometry": { "type": "Point", "coordinates": [ 120.538860517029164, 24.081087843794549 ] } },
{ "type": "Feature", "properties": { "NAME": "宜蘭醫院", "TYPE": "病院" }, "geometry": { "type": "Point", "coordinates": [ 121.755093903808657, 24.752444714905938 ] } },
{ "type": "Feature", "properties": { "NAME": "超峰寺", "TYPE": "寺院" }, "geometry": { "type": "Point", "coordinates": [ 120.342777182056309, 22.85504257792557 ] } },
{ "type": "Feature", "properties": { "NAME": "碧雲寺", "TYPE": "寺院" }, "geometry": { "type": "Point", "coordinates": [ 120.481215359803386, 23.325764787010471 ] } },
{ "type": "Feature", "properties": { "NAME": "開元寺", "TYPE": "寺院" }, "geometry": { "type": "Point", "coordinates": [ 120.222648259078156, 23.011024394582822 ] } },
{ "type": "Feature", "properties": { "NAME": "法化寺", "TYPE": "寺院" }, "geometry": { "type": "Point", "coordinates": [ 120.20949813411535, 22.984324899443259 ] } },
{ "type": "Feature", "properties": { "NAME": "竹溪寺", "TYPE": "寺院" }, "geometry": { "type": "Point", "coordinates": [ 120.208740014204821, 22.977902271503233 ] } },
{ "type": "Feature", "properties": { "NAME": "金華寺", "TYPE": "寺院" }, "geometry": { "type": "Point", "coordinates": [ 120.631458311841214, 24.349371133318947 ] } },
{ "type": "Feature", "properties": { "NAME": "龍山寺", "TYPE": "寺院" }, "geometry": { "type": "Point", "coordinates": [ 120.435620482271162, 24.050557099958777 ] } },
{ "type": "Feature", "properties": { "NAME": "劍潭寺", "TYPE": "寺院" }, "geometry": { "type": "Point", "coordinates": [ 121.527547934339637, 25.075453841467638 ] } },
{ "type": "Feature", "properties": { "NAME": "鄞山寺", "TYPE": "寺院" }, "geometry": { "type": "Point", "coordinates": [ 121.449040752591699, 25.169258678454273 ] } },
{ "type": "Feature", "properties": { "NAME": "龍山寺", "TYPE": "寺院" }, "geometry": { "type": "Point", "coordinates": [ 121.500377667916297, 25.037138755822806 ] } },
{ "type": "Feature", "properties": { "NAME": "海墘公學校", "TYPE": "學校" }, "geometry": { "type": "Point", "coordinates": [ 120.588580637968747, 24.379503598678408 ] } },
{ "type": "Feature", "properties": { "NAME": "中庄公學校", "TYPE": "學校" }, "geometry": { "type": "Point", "coordinates": [ 120.587747284730938, 24.345426078886092 ] } },
{ "type": "Feature", "properties": { "NAME": "大甲公學校", "TYPE": "學校" }, "geometry": { "type": "Point", "coordinates": [ 120.622464717702343, 24.345972777816616 ] } },
{ "type": "Feature", "properties": { "NAME": "大甲女子公學校", "TYPE": "學校" }, "geometry": { "type": "Point", "coordinates": [ 120.6241881435284, 24.344653467935633 ] } },
{ "type": "Feature", "properties": { "NAME": "日南公學校", "TYPE": "學校" }, "geometry": { "type": "Point", "coordinates": [ 120.639834599336169, 24.401072117412347 ] } },
{ "type": "Feature", "properties": { "NAME": "外埔公學校", "TYPE": "學校" }, "geometry": { "type": "Point", "coordinates": [ 120.653154086137562, 24.332516038000779 ] } },
{ "type": "Feature", "properties": { "NAME": "三叉公學校", "TYPE": "學校" }, "geometry": { "type": "Point", "coordinates": [ 120.769494924850974, 24.413891846570014 ] } },
{ "type": "Feature", "properties": { "NAME": "三叉公學校魚騰坪分教場", "TYPE": "學校" }, "geometry": { "type": "Point", "coordinates": [ 120.774915645532417, 24.355346472502397 ] } },
{ "type": "Feature", "properties": { "NAME": "南湖公學校", "TYPE": "學校" }, "geometry": { "type": "Point", "coordinates": [ 120.866088425607899, 24.398349525371426 ] } },
{ "type": "Feature", "properties": { "NAME": "四塊厝公學校高美分教場", "TYPE": "學校" }, "geometry": { "type": "Point", "coordinates": [ 120.562936073129109, 24.311324945071735 ] } },
{ "type": "Feature", "properties": { "NAME": "大秀公學校", "TYPE": "學校" }, "geometry": { "type": "Point", "coordinates": [ 120.556974228792598, 24.279254162981346 ] } },
{ "type": "Feature", "properties": { "NAME": "梧棲公學校", "TYPE": "學校" }, "geometry": { "type": "Point", "coordinates": [ 120.528116959421567, 24.25468787332926 ] } },
{ "type": "Feature", "properties": { "NAME": "清水第一公學校", "TYPE": "學校" }, "geometry": { "type": "Point", "coordinates": [ 120.576083568129235, 24.269926793707153 ] } },
{ "type": "Feature", "properties": { "NAME": "四塊厝公學校", "TYPE": "學校" }, "geometry": { "type": "Point", "coordinates": [ 120.580502772727215, 24.289326999800988 ] } },
{ "type": "Feature", "properties": { "NAME": "沙鹿公學校公館分教場", "TYPE": "學校" }, "geometry": { "type": "Point", "coordinates": [ 120.611206832983271, 24.255216796749213 ] } },
{ "type": "Feature", "properties": { "NAME": "月眉公學校", "TYPE": "學校" }, "geometry": { "type": "Point", "coordinates": [ 120.690829210112582, 24.314645055185419 ] } },
{ "type": "Feature", "properties": { "NAME": "月眉尋常小學校", "TYPE": "學校" }, "geometry": { "type": "Point", "coordinates": [ 120.692682089166567, 24.315779315851099 ] } },
{ "type": "Feature", "properties": { "NAME": "內埔公學校", "TYPE": "學校" }, "geometry": { "type": "Point", "coordinates": [ 120.718356082941071, 24.306249311412856 ] } },
{ "type": "Feature", "properties": { "NAME": "神岡公學校", "TYPE": "學校" }, "geometry": { "type": "Point", "coordinates": [ 120.660643133261885, 24.258661355494461 ] } },
{ "type": "Feature", "properties": { "NAME": "岸裡公學校下溪洲分教場", "TYPE": "學校" }, "geometry": { "type": "Point", "coordinates": [ 120.703653843990907, 24.263040088827541 ] } },
{ "type": "Feature", "properties": { "NAME": "岸裡公學校", "TYPE": "學校" }, "geometry": { "type": "Point", "coordinates": [ 120.697418370453875, 24.249602429079012 ] } },
{ "type": "Feature", "properties": { "NAME": "豐原公學校", "TYPE": "學校" }, "geometry": { "type": "Point", "coordinates": [ 120.719703215204561, 24.254361401825104 ] } },
{ "type": "Feature", "properties": { "NAME": "豐原公學校翁子分教場", "TYPE": "學校" }, "geometry": { "type": "Point", "coordinates": [ 120.742704460527747, 24.263248621876969 ] } },
{ "type": "Feature", "properties": { "NAME": "卓蘭公學校", "TYPE": "學校" }, "geometry": { "type": "Point", "coordinates": [ 120.824541138256095, 24.312021733402297 ] } },
{ "type": "Feature", "properties": { "NAME": "石圍墻公學校", "TYPE": "學校" }, "geometry": { "type": "Point", "coordinates": [ 120.792143518214274, 24.28674565147336 ] } },
{ "type": "Feature", "properties": { "NAME": "石岡公學校", "TYPE": "學校" }, "geometry": { "type": "Point", "coordinates": [ 120.773928796581984, 24.276157171463272 ] } },
{ "type": "Feature", "properties": { "NAME": "東勢尋常小學校", "TYPE": "學校" }, "geometry": { "type": "Point", "coordinates": [ 120.827376182321828, 24.260250865472816 ] } },
{ "type": "Feature", "properties": { "NAME": "東勢公學校", "TYPE": "學校" }, "geometry": { "type": "Point", "coordinates": [ 120.829031822610503, 24.257401250275219 ] } },
{ "type": "Feature", "properties": { "NAME": "東勢女子公學校", "TYPE": "學校" }, "geometry": { "type": "Point", "coordinates": [ 120.829955823055812, 24.254590181447757 ] } },
{ "type": "Feature", "properties": { "NAME": "梧棲公學校鴨母寮分教場", "TYPE": "學校" }, "geometry": { "type": "Point", "coordinates": [ 120.533046120957508, 24.22935617135839 ] } },
{ "type": "Feature", "properties": { "NAME": "龍井公學校三塊厝分教場", "TYPE": "學校" }, "geometry": { "type": "Point", "coordinates": [ 120.522147217685642, 24.201360799051493 ] } },
{ "type": "Feature", "properties": { "NAME": "龍井公學校", "TYPE": "學校" }, "geometry": { "type": "Point", "coordinates": [ 120.529680405146038, 24.184362524437546 ] } },
{ "type": "Feature", "properties": { "NAME": "沙鹿公學校", "TYPE": "學校" }, "geometry": { "type": "Point", "coordinates": [ 120.56142861070775, 24.234940979876207 ] } },
{ "type": "Feature", "properties": { "NAME": "沙鹿公學北勢坑分教場", "TYPE": "學校" }, "geometry": { "type": "Point", "coordinates": [ 120.571672226401176, 24.216885936037414 ] } },
{ "type": "Feature", "properties": { "NAME": "龍泉公學校", "TYPE": "學校" }, "geometry": { "type": "Point", "coordinates": [ 120.548563034199404, 24.20044058304002 ] } },
{ "type": "Feature", "properties": { "NAME": "西屯公學校水堀頭分教場", "TYPE": "學校" }, "geometry": { "type": "Point", "coordinates": [ 120.625145098897562, 24.184816825563544 ] } },
{ "type": "Feature", "properties": { "NAME": "大雅公學校", "TYPE": "學校" }, "geometry": { "type": "Point", "coordinates": [ 120.649150621570428, 24.224638675398673 ] } },
{ "type": "Feature", "properties": { "NAME": "西屯公學校", "TYPE": "學校" }, "geometry": { "type": "Point", "coordinates": [ 120.640730470839557, 24.180205241108037 ] } },
{ "type": "Feature", "properties": { "NAME": "北屯公學校", "TYPE": "學校" }, "geometry": { "type": "Point", "coordinates": [ 120.691019377146546, 24.181898045974446 ] } },
{ "type": "Feature", "properties": { "NAME": "潭子公學校", "TYPE": "學校" }, "geometry": { "type": "Point", "coordinates": [ 120.704447703228354, 24.214081627154936 ] } },
{ "type": "Feature", "properties": { "NAME": "軍功寮公學校", "TYPE": "學校" }, "geometry": { "type": "Point", "coordinates": [ 120.72242376721853, 24.17664399631791 ] } },
{ "type": "Feature", "properties": { "NAME": "新社公學校", "TYPE": "學校" }, "geometry": { "type": "Point", "coordinates": [ 120.807828298516895, 24.24406260898623 ] } },
{ "type": "Feature", "properties": { "NAME": "大茅埔公學校", "TYPE": "學校" }, "geometry": { "type": "Point", "coordinates": [ 120.84004590191293, 24.208422266008988 ] } },
{ "type": "Feature", "properties": { "NAME": "埤仔墘公學校", "TYPE": "學校" }, "geometry": { "type": "Point", "coordinates": [ 120.486087488012458, 24.148434277620204 ] } },
{ "type": "Feature", "properties": { "NAME": "線西公學校", "TYPE": "學校" }, "geometry": { "type": "Point", "coordinates": [ 120.469713239956107, 24.131017623414767 ] } },
{ "type": "Feature", "properties": { "NAME": "頂番婆公學校草港尾分教場", "TYPE": "學校" }, "geometry": { "type": "Point", "coordinates": [ 120.461170939959288, 24.106400890510123 ] } },
{ "type": "Feature", "properties": { "NAME": "和美公學校", "TYPE": "學校" }, "geometry": { "type": "Point", "coordinates": [ 120.495190702532568, 24.111674190209573 ] } },
{ "type": "Feature", "properties": { "NAME": "頂番婆公學校", "TYPE": "學校" }, "geometry": { "type": "Point", "coordinates": [ 120.480081453683553, 24.088493212720728 ] } },
{ "type": "Feature", "properties": { "NAME": "和美公學校嘉犁分教場", "TYPE": "學校" }, "geometry": { "type": "Point", "coordinates": [ 120.517241744740986, 24.102762878509733 ] } },
{ "type": "Feature", "properties": { "NAME": "新庄子公學校", "TYPE": "學校" }, "geometry": { "type": "Point", "coordinates": [ 120.533701364118741, 24.104714155105647 ] } },
{ "type": "Feature", "properties": { "NAME": "番社口公學校阿夷分教場", "TYPE": "學校" }, "geometry": { "type": "Point", "coordinates": [ 120.552303671691149, 24.092847136117118 ] } },
{ "type": "Feature", "properties": { "NAME": "彰化女子公學校", "TYPE": "學校" }, "geometry": { "type": "Point", "coordinates": [ 120.542886724373716, 24.083584479840148 ] } },
{ "type": "Feature", "properties": { "NAME": "彰化第一公學校", "TYPE": "學校" }, "geometry": { "type": "Point", "coordinates": [ 120.546867514348804, 24.081823502528156 ] } },
{ "type": "Feature", "properties": { "NAME": "大竹公學校", "TYPE": "學校" }, "geometry": { "type": "Point", "coordinates": [ 120.580131088717437, 24.083161445142718 ] } },
{ "type": "Feature", "properties": { "NAME": "大肚公學校", "TYPE": "學校" }, "geometry": { "type": "Point", "coordinates": [ 120.540015730967411, 24.150276185068975 ] } },
{ "type": "Feature", "properties": { "NAME": "社腳公學校", "TYPE": "學校" }, "geometry": { "type": "Point", "coordinates": [ 120.56812882761092, 24.122677830475808 ] } },
{ "type": "Feature", "properties": { "NAME": "烏日公學校", "TYPE": "學校" }, "geometry": { "type": "Point", "coordinates": [ 120.623324271508523, 24.108033745054776 ] } },
{ "type": "Feature", "properties": { "NAME": "南屯公學校", "TYPE": "學校" }, "geometry": { "type": "Point", "coordinates": [ 120.638562374893695, 24.137373498087733 ] } },
{ "type": "Feature", "properties": { "NAME": "樹子腳公學校", "TYPE": "學校" }, "geometry": { "type": "Point", "coordinates": [ 120.659721090635884, 24.121007406561578 ] } },
{ "type": "Feature", "properties": { "NAME": "大里公學校", "TYPE": "學校" }, "geometry": { "type": "Point", "coordinates": [ 120.677947290426729, 24.100441264846758 ] } },
{ "type": "Feature", "properties": { "NAME": "大里公學校塗城分教場", "TYPE": "學校" }, "geometry": { "type": "Point", "coordinates": [ 120.702117746116983, 24.087878978227053 ] } },
{ "type": "Feature", "properties": { "NAME": "大平公學校", "TYPE": "學校" }, "geometry": { "type": "Point", "coordinates": [ 120.717970274258221, 24.127859357040062 ] } },
{ "type": "Feature", "properties": { "NAME": "臺中商業學校", "TYPE": "學校" }, "geometry": { "type": "Point", "coordinates": [ 120.683144310306432, 24.151167982746127 ] } },
{ "type": "Feature", "properties": { "NAME": "臺中第一中學校", "TYPE": "學校" }, "geometry": { "type": "Point", "coordinates": [ 120.686880263229199, 24.151065429288362 ] } },
{ "type": "Feature", "properties": { "NAME": "臺中師範學校", "TYPE": "學校" }, "geometry": { "type": "Point", "coordinates": [ 120.672089484338059, 24.143594374130728 ] } },
{ "type": "Feature", "properties": { "NAME": "臺中公學校", "TYPE": "學校" }, "geometry": { "type": "Point", "coordinates": [ 120.673522085434385, 24.137760117660854 ] } },
{ "type": "Feature", "properties": { "NAME": "臺中高等女學校", "TYPE": "學校" }, "geometry": { "type": "Point", "coordinates": [ 120.676694972168903, 24.135866398750196 ] } },
{ "type": "Feature", "properties": { "NAME": "臺中第一尋常小學校", "TYPE": "學校" }, "geometry": { "type": "Point", "coordinates": [ 120.678025536000689, 24.13504749549729 ] } },
{ "type": "Feature", "properties": { "NAME": "臺中女子公學校", "TYPE": "學校" }, "geometry": { "type": "Point", "coordinates": [ 120.678179207989047, 24.137248099030774 ] } },
{ "type": "Feature", "properties": { "NAME": "曙公學校", "TYPE": "學校" }, "geometry": { "type": "Point", "coordinates": [ 120.684627245662654, 24.132027699370351 ] } },
{ "type": "Feature", "properties": { "NAME": "臺中第二中學校", "TYPE": "學校" }, "geometry": { "type": "Point", "coordinates": [ 120.684928756510956, 24.127978232002064 ] } },
{ "type": "Feature", "properties": { "NAME": "管嶼厝公學校", "TYPE": "學校" }, "geometry": { "type": "Point", "coordinates": [ 120.413504649822769, 24.028369189788883 ] } },
{ "type": "Feature", "properties": { "NAME": "鹿港第二公學校", "TYPE": "學校" }, "geometry": { "type": "Point", "coordinates": [ 120.429519568182755, 24.057500642040257 ] } },
{ "type": "Feature", "properties": { "NAME": "鹿港尋常小學校", "TYPE": "學校" }, "geometry": { "type": "Point", "coordinates": [ 120.433655528440113, 24.057655035646448 ] } },
{ "type": "Feature", "properties": { "NAME": "鹿港女子公學校", "TYPE": "學校" }, "geometry": { "type": "Point", "coordinates": [ 120.430331126265401, 24.054794864312278 ] } },
{ "type": "Feature", "properties": { "NAME": "鹿港第一公學校", "TYPE": "學校" }, "geometry": { "type": "Point", "coordinates": [ 120.433693751036685, 24.050813390475874 ] } },
{ "type": "Feature", "properties": { "NAME": "好修公學校", "TYPE": "學校" }, "geometry": { "type": "Point", "coordinates": [ 120.459588996827634, 24.006940464706261 ] } },
{ "type": "Feature", "properties": { "NAME": "馬興公學校", "TYPE": "學校" }, "geometry": { "type": "Point", "coordinates": [ 120.497898312118693, 24.061903489258714 ] } },
{ "type": "Feature", "properties": { "NAME": "埔姜崙公學校", "TYPE": "學校" }, "geometry": { "type": "Point", "coordinates": [ 120.492871108031324, 24.026690558392396 ] } },
{ "type": "Feature", "properties": { "NAME": "彰化高等女學校", "TYPE": "學校" }, "geometry": { "type": "Point", "coordinates": [ 120.543332900419387, 24.08069902813574 ] } },
{ "type": "Feature", "properties": { "NAME": "白沙公學校", "TYPE": "學校" }, "geometry": { "type": "Point", "coordinates": [ 120.544718790449878, 24.046600476757693 ] } },
{ "type": "Feature", "properties": { "NAME": "馬興公學校秀水分教場", "TYPE": "學校" }, "geometry": { "type": "Point", "coordinates": [ 120.510482849208543, 24.039461432050285 ] } },
{ "type": "Feature", "properties": { "NAME": "花壇公學校", "TYPE": "學校" }, "geometry": { "type": "Point", "coordinates": [ 120.538940305980447, 24.02448819202128 ] } },
{ "type": "Feature", "properties": { "NAME": "三家春公學校", "TYPE": "學校" }, "geometry": { "type": "Point", "coordinates": [ 120.566223410687726, 24.016276333399883 ] } },
{ "type": "Feature", "properties": { "NAME": "快官公學校", "TYPE": "學校" }, "geometry": { "type": "Point", "coordinates": [ 120.612233345113978, 24.067829248288266 ] } },
{ "type": "Feature", "properties": { "NAME": "社口公學校", "TYPE": "學校" }, "geometry": { "type": "Point", "coordinates": [ 120.627393345731591, 24.012401595234909 ] } },
{ "type": "Feature", "properties": { "NAME": "喀哩公學校", "TYPE": "學校" }, "geometry": { "type": "Point", "coordinates": [ 120.642510040859548, 24.062490814601134 ] } },
{ "type": "Feature", "properties": { "NAME": "霧峰公學校吳厝分教場", "TYPE": "學校" }, "geometry": { "type": "Point", "coordinates": [ 120.667637971300891, 24.060983962407736 ] } },
{ "type": "Feature", "properties": { "NAME": "霧峰公學校", "TYPE": "學校" }, "geometry": { "type": "Point", "coordinates": [ 120.700652042292575, 24.059942683687424 ] } },
{ "type": "Feature", "properties": { "NAME": "霧峰公學校萬斗六分離教室", "TYPE": "學校" }, "geometry": { "type": "Point", "coordinates": [ 120.697513380556941, 24.025997060925146 ] } },
{ "type": "Feature", "properties": { "NAME": "沙山公學校王功分教場", "TYPE": "學校" }, "geometry": { "type": "Point", "coordinates": [ 120.341470059524852, 23.965109552622653 ] } },
{ "type": "Feature", "properties": { "NAME": "沙山公學校", "TYPE": "學校" }, "geometry": { "type": "Point", "coordinates": [ 120.319231760049277, 23.92581081946804 ] } },
{ "type": "Feature", "properties": { "NAME": "好修公學校浸水分教場", "TYPE": "學校" }, "geometry": { "type": "Point", "coordinates": [ 120.443679729249183, 23.984306276095449 ] } },
{ "type": "Feature", "properties": { "NAME": "萬興公學校", "TYPE": "學校" }, "geometry": { "type": "Point", "coordinates": [ 120.419345859355104, 23.954689331759713 ] } },
{ "type": "Feature", "properties": { "NAME": "好修公學校埔鹽分教場", "TYPE": "學校" }, "geometry": { "type": "Point", "coordinates": [ 120.477447501119286, 23.992951889623829 ] } },
{ "type": "Feature", "properties": { "NAME": "溪湖公學校", "TYPE": "學校" }, "geometry": { "type": "Point", "coordinates": [ 120.478723242421466, 23.95906240470466 ] } },
{ "type": "Feature", "properties": { "NAME": "溪湖尋常小學校", "TYPE": "學校" }, "geometry": { "type": "Point", "coordinates": [ 120.480088106844534, 23.950624988064202 ] } },
{ "type": "Feature", "properties": { "NAME": "海豐崙公學校", "TYPE": "學校" }, "geometry": { "type": "Point", "coordinates": [ 120.504313065798996, 23.918379748911025 ] } },
{ "type": "Feature", "properties": { "NAME": "大村公學校", "TYPE": "學校" }, "geometry": { "type": "Point", "coordinates": [ 120.545234801944588, 23.993356572465807 ] } },
{ "type": "Feature", "properties": { "NAME": "舊館公學校", "TYPE": "學校" }, "geometry": { "type": "Point", "coordinates": [ 120.525024116309751, 23.947975139269285 ] } },
{ "type": "Feature", "properties": { "NAME": "坡心公學校", "TYPE": "學校" }, "geometry": { "type": "Point", "coordinates": [ 120.54673742687271, 23.951699419156231 ] } },
{ "type": "Feature", "properties": { "NAME": "福興公學校", "TYPE": "學校" }, "geometry": { "type": "Point", "coordinates": [ 120.522726894253736, 23.920316770023046 ] } },
{ "type": "Feature", "properties": { "NAME": "永靖公學校", "TYPE": "學校" }, "geometry": { "type": "Point", "coordinates": [ 120.548052642095911, 23.921858285375645 ] } },
{ "type": "Feature", "properties": { "NAME": "永興公學校", "TYPE": "學校" }, "geometry": { "type": "Point", "coordinates": [ 120.567282322831772, 23.925846111609808 ] } },
{ "type": "Feature", "properties": { "NAME": "大村公學校蓮花池分教場", "TYPE": "學校" }, "geometry": { "type": "Point", "coordinates": [ 120.566109206433566, 23.988900565359234 ] } },
{ "type": "Feature", "properties": { "NAME": "員林小學校", "TYPE": "學校" }, "geometry": { "type": "Point", "coordinates": [ 120.571737993157342, 23.962047517596336 ] } },
{ "type": "Feature", "properties": { "NAME": "員林公學校女子部", "TYPE": "學校" }, "geometry": { "type": "Point", "coordinates": [ 120.572722143893316, 23.958897582908609 ] } },
{ "type": "Feature", "properties": { "NAME": "員林公學校", "TYPE": "學校" }, "geometry": { "type": "Point", "coordinates": [ 120.575871999186788, 23.957952451323901 ] } },
{ "type": "Feature", "properties": { "NAME": "東山公學校", "TYPE": "學校" }, "geometry": { "type": "Point", "coordinates": [ 120.601623172255444, 23.967873216945272 ] } },
{ "type": "Feature", "properties": { "NAME": "員林公學校柴頭井分教場", "TYPE": "學校" }, "geometry": { "type": "Point", "coordinates": [ 120.602369854590549, 23.945194024454022 ] } },
{ "type": "Feature", "properties": { "NAME": "芬園公學校同安寮分教場", "TYPE": "學校" }, "geometry": { "type": "Point", "coordinates": [ 120.62083827466661, 23.977833701512605 ] } },
{ "type": "Feature", "properties": { "NAME": "新庄公學校", "TYPE": "學校" }, "geometry": { "type": "Point", "coordinates": [ 120.667773427992586, 23.995310641313811 ] } },
{ "type": "Feature", "properties": { "NAME": "草屯公學校", "TYPE": "學校" }, "geometry": { "type": "Point", "coordinates": [ 120.687098822251684, 23.981900365975722 ] } },
{ "type": "Feature", "properties": { "NAME": "碧峰公學校", "TYPE": "學校" }, "geometry": { "type": "Point", "coordinates": [ 120.665167115178548, 23.969649911647238 ] } },
{ "type": "Feature", "properties": { "NAME": "營盤公學校", "TYPE": "學校" }, "geometry": { "type": "Point", "coordinates": [ 120.675423565177226, 23.944631630847816 ] } },
{ "type": "Feature", "properties": { "NAME": "土城公學校", "TYPE": "學校" }, "geometry": { "type": "Point", "coordinates": [ 120.742955352619603, 23.984662860192234 ] } },
{ "type": "Feature", "properties": { "NAME": "龍眼林公學校", "TYPE": "學校" }, "geometry": { "type": "Point", "coordinates": [ 120.762210763508065, 23.936345478423252 ] } },
{ "type": "Feature", "properties": { "NAME": "老梅公學校", "TYPE": "學校" }, "geometry": { "type": "Point", "coordinates": [ 121.545206972692299, 25.288683523961293 ] } },
{ "type": "Feature", "properties": { "NAME": "金山公學校", "TYPE": "學校" }, "geometry": { "type": "Point", "coordinates": [ 121.637440138168614, 25.224348268903427 ] } },
{ "type": "Feature", "properties": { "NAME": "瑪鋉公學校大坪分教場", "TYPE": "學校" }, "geometry": { "type": "Point", "coordinates": [ 121.638843559602364, 25.167401857408098 ] } },
{ "type": "Feature", "properties": { "NAME": "瑪鋉公學校", "TYPE": "學校" }, "geometry": { "type": "Point", "coordinates": [ 121.68947823709064, 25.180368536801911 ] } },
{ "type": "Feature", "properties": { "NAME": "草山公學校坪頂分教場", "TYPE": "學校" }, "geometry": { "type": "Point", "coordinates": [ 121.574848835560701, 25.130975637049445 ] } },
{ "type": "Feature", "properties": { "NAME": "士林公學校", "TYPE": "學校" }, "geometry": { "type": "Point", "coordinates": [ 121.524113961012844, 25.093631864920066 ] } },
{ "type": "Feature", "properties": { "NAME": "北投公學校石牌分教場", "TYPE": "學校" }, "geometry": { "type": "Point", "coordinates": [ 121.513018101023221, 25.114963747294411 ] } },
{ "type": "Feature", "properties": { "NAME": "草山公學校", "TYPE": "學校" }, "geometry": { "type": "Point", "coordinates": [ 121.55229046336099, 25.119379893127281 ] } },
{ "type": "Feature", "properties": { "NAME": "北港公學校", "TYPE": "學校" }, "geometry": { "type": "Point", "coordinates": [ 121.644796047287187, 25.088358836691572 ] } },
{ "type": "Feature", "properties": { "NAME": "友蚋公學校", "TYPE": "學校" }, "geometry": { "type": "Point", "coordinates": [ 121.665447838898146, 25.107973289516863 ] } },
{ "type": "Feature", "properties": { "NAME": "瑪陵坑公學校", "TYPE": "學校" }, "geometry": { "type": "Point", "coordinates": [ 121.689581491677004, 25.110026778315966 ] } },
{ "type": "Feature", "properties": { "NAME": "基隆第三尋常小學校", "TYPE": "學校" }, "geometry": { "type": "Point", "coordinates": [ 121.746493028544648, 25.147287420988704 ] } },
{ "type": "Feature", "properties": { "NAME": "基隆第二公學校", "TYPE": "學校" }, "geometry": { "type": "Point", "coordinates": [ 121.73113166983218, 25.132088373739194 ] } },
{ "type": "Feature", "properties": { "NAME": "基隆第一公學校", "TYPE": "學校" }, "geometry": { "type": "Point", "coordinates": [ 121.751316014936691, 25.135348016891204 ] } },
{ "type": "Feature", "properties": { "NAME": "大龍峒公學校", "TYPE": "學校" }, "geometry": { "type": "Point", "coordinates": [ 121.516965203971651, 25.074251330544882 ] } },
{ "type": "Feature", "properties": { "NAME": "太平公學校", "TYPE": "學校" }, "geometry": { "type": "Point", "coordinates": [ 121.512721875859611, 25.06138046065502 ] } },
{ "type": "Feature", "properties": { "NAME": "靜修女學校", "TYPE": "學校" }, "geometry": { "type": "Point", "coordinates": [ 121.51595743601608, 25.058072623194771 ] } },
{ "type": "Feature", "properties": { "NAME": "蓬萊公學校", "TYPE": "學校" }, "geometry": { "type": "Point", "coordinates": [ 121.5163168544331, 25.056382821371383 ] } },
{ "type": "Feature", "properties": { "NAME": "日新公學校", "TYPE": "學校" }, "geometry": { "type": "Point", "coordinates": [ 121.517287444734805, 25.054225599221674 ] } },
{ "type": "Feature", "properties": { "NAME": "建成小學校", "TYPE": "學校" }, "geometry": { "type": "Point", "coordinates": [ 121.51912084758699, 25.051133556343594 ] } },
{ "type": "Feature", "properties": { "NAME": "樺山小學校", "TYPE": "學校" }, "geometry": { "type": "Point", "coordinates": [ 121.521061980293382, 25.046100056011966 ] } },
{ "type": "Feature", "properties": { "NAME": "末廣高等小學校", "TYPE": "學校" }, "geometry": { "type": "Point", "coordinates": [ 121.50865818919462, 25.04664003481691 ] } },
{ "type": "Feature", "properties": { "NAME": "第二高等女學校", "TYPE": "學校" }, "geometry": { "type": "Point", "coordinates": [ 121.520234914590006, 25.043942933444047 ] } },
{ "type": "Feature", "properties": { "NAME": "商工學校", "TYPE": "學校" }, "geometry": { "type": "Point", "coordinates": [ 121.521924569799197, 25.04182162436825 ] } },
{ "type": "Feature", "properties": { "NAME": "醫學專門學校", "TYPE": "學校" }, "geometry": { "type": "Point", "coordinates": [ 121.518868420191751, 25.039808436410027 ] } },
{ "type": "Feature", "properties": { "NAME": "旭小學校", "TYPE": "學校" }, "geometry": { "type": "Point", "coordinates": [ 121.520845738770035, 25.038262356321756 ] } },
{ "type": "Feature", "properties": { "NAME": "第一高等女學校", "TYPE": "學校" }, "geometry": { "type": "Point", "coordinates": [ 121.513978709312198, 25.038514406030981 ] } },
{ "type": "Feature", "properties": { "NAME": "第二中學校", "TYPE": "學校" }, "geometry": { "type": "Point", "coordinates": [ 121.525843500770392, 25.042432605128411 ] } },
{ "type": "Feature", "properties": { "NAME": "商業學校", "TYPE": "學校" }, "geometry": { "type": "Point", "coordinates": [ 121.524549109276037, 25.041246234199647 ] } },
{ "type": "Feature", "properties": { "NAME": "師範學校", "TYPE": "學校" }, "geometry": { "type": "Point", "coordinates": [ 121.514230258893193, 25.036680798997729 ] } },
{ "type": "Feature", "properties": { "NAME": "附屬小學校", "TYPE": "學校" }, "geometry": { "type": "Point", "coordinates": [ 121.515920017263795, 25.036105460586857 ] } },
{ "type": "Feature", "properties": { "NAME": "南門小學校", "TYPE": "學校" }, "geometry": { "type": "Point", "coordinates": [ 121.509124805269295, 25.03502725245103 ] } },
{ "type": "Feature", "properties": { "NAME": "第一中學校", "TYPE": "學校" }, "geometry": { "type": "Point", "coordinates": [ 121.512611922569775, 25.029993666636503 ] } },
{ "type": "Feature", "properties": { "NAME": "朱厝崙公學校", "TYPE": "學校" }, "geometry": { "type": "Point", "coordinates": [ 121.539398340480645, 25.050125754946301 ] } },
{ "type": "Feature", "properties": { "NAME": "漳和公學校溪洲分教場", "TYPE": "學校" }, "geometry": { "type": "Point", "coordinates": [ 121.516349251141492, 25.003028856034518 ] } },
{ "type": "Feature", "properties": { "NAME": "高等農林學校", "TYPE": "學校" }, "geometry": { "type": "Point", "coordinates": [ 121.537131069393951, 25.016761678167367 ] } },
{ "type": "Feature", "properties": { "NAME": "大安公學校", "TYPE": "學校" }, "geometry": { "type": "Point", "coordinates": [ 121.540151641682257, 25.024419458256848 ] } },
{ "type": "Feature", "properties": { "NAME": "工業學校", "TYPE": "學校" }, "geometry": { "type": "Point", "coordinates": [ 121.534903715926575, 25.04286353723792 ] } },
{ "type": "Feature", "properties": { "NAME": "內湖公學校", "TYPE": "學校" }, "geometry": { "type": "Point", "coordinates": [ 121.581034049064598, 25.080036180729557 ] } },
{ "type": "Feature", "properties": { "NAME": "南港公學校", "TYPE": "學校" }, "geometry": { "type": "Point", "coordinates": [ 121.615439572803012, 25.055981850027877 ] } },
{ "type": "Feature", "properties": { "NAME": "成德學院", "TYPE": "學校" }, "geometry": { "type": "Point", "coordinates": [ 121.587251656918113, 25.045880674387387 ] } },
{ "type": "Feature", "properties": { "NAME": "松山公學校", "TYPE": "學校" }, "geometry": { "type": "Point", "coordinates": [ 121.578371566012947, 25.050806699943074 ] } },
{ "type": "Feature", "properties": { "NAME": "深坑公學校", "TYPE": "學校" }, "geometry": { "type": "Point", "coordinates": [ 121.61719764856943, 25.001585169089196 ] } },
{ "type": "Feature", "properties": { "NAME": "新莊公學校西聖分教場", "TYPE": "學校" }, "geometry": { "type": "Point", "coordinates": [ 121.428388896826519, 25.0224829114436 ] } },
{ "type": "Feature", "properties": { "NAME": "山腳公學校", "TYPE": "學校" }, "geometry": { "type": "Point", "coordinates": [ 121.431500244021322, 25.061224386126806 ] } },
{ "type": "Feature", "properties": { "NAME": "板橋公學校", "TYPE": "學校" }, "geometry": { "type": "Point", "coordinates": [ 121.457620985167281, 25.011378666035203 ] } },
{ "type": "Feature", "properties": { "NAME": "江子翠公學校", "TYPE": "學校" }, "geometry": { "type": "Point", "coordinates": [ 121.473976040663516, 25.032276827279244 ] } },
{ "type": "Feature", "properties": { "NAME": "漳和公學校", "TYPE": "學校" }, "geometry": { "type": "Point", "coordinates": [ 121.501404171750494, 25.000247493976943 ] } },
{ "type": "Feature", "properties": { "NAME": "東園公學校", "TYPE": "學校" }, "geometry": { "type": "Point", "coordinates": [ 121.498401456521009, 25.023550116413958 ] } },
{ "type": "Feature", "properties": { "NAME": "龍山公學校", "TYPE": "學校" }, "geometry": { "type": "Point", "coordinates": [ 121.49636460862601, 25.035985172528012 ] } },
{ "type": "Feature", "properties": { "NAME": "老松公學校", "TYPE": "學校" }, "geometry": { "type": "Point", "coordinates": [ 121.502503855169422, 25.037369395812568 ] } },
{ "type": "Feature", "properties": { "NAME": "壽小學校", "TYPE": "學校" }, "geometry": { "type": "Point", "coordinates": [ 121.503464264807675, 25.04275088570876 ] } },
{ "type": "Feature", "properties": { "NAME": "三重埔公學校", "TYPE": "學校" }, "geometry": { "type": "Point", "coordinates": [ 121.496706550675725, 25.070886592420383 ] } },
{ "type": "Feature", "properties": { "NAME": "二重埔公學校分教室", "TYPE": "學校" }, "geometry": { "type": "Point", "coordinates": [ 121.476223765726374, 25.048107745209968 ] } },
{ "type": "Feature", "properties": { "NAME": "二重埔公學校", "TYPE": "學校" }, "geometry": { "type": "Point", "coordinates": [ 121.47834101965654, 25.066159196285952 ] } },
{ "type": "Feature", "properties": { "NAME": "新莊公學校頭前分教場", "TYPE": "學校" }, "geometry": { "type": "Point", "coordinates": [ 121.467054552746717, 25.053097904909528 ] } },
{ "type": "Feature", "properties": { "NAME": "新莊公學校", "TYPE": "學校" }, "geometry": { "type": "Point", "coordinates": [ 121.456185917912563, 25.037737692650825 ] } },
{ "type": "Feature", "properties": { "NAME": "新莊尋常高等小學校", "TYPE": "學校" }, "geometry": { "type": "Point", "coordinates": [ 121.453965217512589, 25.035412794374746 ] } },
{ "type": "Feature", "properties": { "NAME": "紅毛公學校", "TYPE": "學校" }, "geometry": { "type": "Point", "coordinates": [ 120.988068467041458, 24.901382364350042 ] } },
{ "type": "Feature", "properties": { "NAME": "新社公學校", "TYPE": "學校" }, "geometry": { "type": "Point", "coordinates": [ 120.998066822398002, 24.842737958210918 ] } },
{ "type": "Feature", "properties": { "NAME": "舊港公學校", "TYPE": "學校" }, "geometry": { "type": "Point", "coordinates": [ 120.939245458983351, 24.837795317031734 ] } },
{ "type": "Feature", "properties": { "NAME": "中崙公學校", "TYPE": "學校" }, "geometry": { "type": "Point", "coordinates": [ 121.019530008828227, 24.893702208868945 ] } },
{ "type": "Feature", "properties": { "NAME": "照門公學校", "TYPE": "學校" }, "geometry": { "type": "Point", "coordinates": [ 121.116714602034563, 24.846157192666602 ] } },
{ "type": "Feature", "properties": { "NAME": "楊梅公學校", "TYPE": "學校" }, "geometry": { "type": "Point", "coordinates": [ 121.145342675287736, 24.90665776865886 ] } },
{ "type": "Feature", "properties": { "NAME": "龍潭公學校", "TYPE": "學校" }, "geometry": { "type": "Point", "coordinates": [ 121.214077437932005, 24.863256230137242 ] } },
{ "type": "Feature", "properties": { "NAME": "南勢公學校", "TYPE": "學校" }, "geometry": { "type": "Point", "coordinates": [ 121.211371998554753, 24.914121187155882 ] } },
{ "type": "Feature", "properties": { "NAME": "三坑子公學校", "TYPE": "學校" }, "geometry": { "type": "Point", "coordinates": [ 121.241980950738508, 24.841441163632876 ] } },
{ "type": "Feature", "properties": { "NAME": "員樹林公學校", "TYPE": "學校" }, "geometry": { "type": "Point", "coordinates": [ 121.266013723122569, 24.883864424823031 ] } },
{ "type": "Feature", "properties": { "NAME": "大溪公學校", "TYPE": "學校" }, "geometry": { "type": "Point", "coordinates": [ 121.286022239678701, 24.884509274716873 ] } },
{ "type": "Feature", "properties": { "NAME": "內柵公學校", "TYPE": "學校" }, "geometry": { "type": "Point", "coordinates": [ 121.281958114985571, 24.855974300857593 ] } },
{ "type": "Feature", "properties": { "NAME": "三峽公學校大埔分教場", "TYPE": "學校" }, "geometry": { "type": "Point", "coordinates": [ 121.365826251271884, 24.905461056094619 ] } },
{ "type": "Feature", "properties": { "NAME": "二圍公學校", "TYPE": "學校" }, "geometry": { "type": "Point", "coordinates": [ 121.79290977744607, 24.838035505259491 ] } },
{ "type": "Feature", "properties": { "NAME": "頭圍公學校", "TYPE": "學校" }, "geometry": { "type": "Point", "coordinates": [ 121.82154995285596, 24.855346159904762 ] } },
{ "type": "Feature", "properties": { "NAME": "香山公學校", "TYPE": "學校" }, "geometry": { "type": "Point", "coordinates": [ 120.943584353384011, 24.796593394067788 ] } },
{ "type": "Feature", "properties": { "NAME": "新竹第一公學校", "TYPE": "學校" }, "geometry": { "type": "Point", "coordinates": [ 120.968547157579323, 24.802309489401345 ] } },
{ "type": "Feature", "properties": { "NAME": "新竹小學校", "TYPE": "學校" }, "geometry": { "type": "Point", "coordinates": [ 120.972391502841518, 24.805788415429461 ] } },
{ "type": "Feature", "properties": { "NAME": "新竹州立新竹中學校", "TYPE": "學校" }, "geometry": { "type": "Point", "coordinates": [ 120.975797666008489, 24.805544932576268 ] } },
{ "type": "Feature", "properties": { "NAME": "新竹第二公學校", "TYPE": "學校" }, "geometry": { "type": "Point", "coordinates": [ 120.965871616266782, 24.813598582846879 ] } },
{ "type": "Feature", "properties": { "NAME": "新竹第一公學校埔頂分教場", "TYPE": "學校" }, "geometry": { "type": "Point", "coordinates": [ 121.007157827294165, 24.790093902973677 ] } },
{ "type": "Feature", "properties": { "NAME": "六家公學校", "TYPE": "學校" }, "geometry": { "type": "Point", "coordinates": [ 121.025148251760811, 24.814221232426437 ] } },
{ "type": "Feature", "properties": { "NAME": "二重公學校", "TYPE": "學校" }, "geometry": { "type": "Point", "coordinates": [ 121.057537671299386, 24.768027779903861 ] } },
{ "type": "Feature", "properties": { "NAME": "芎林公學校", "TYPE": "學校" }, "geometry": { "type": "Point", "coordinates": [ 121.083719345688763, 24.774380307324812 ] } },
{ "type": "Feature", "properties": { "NAME": "新埔公學校", "TYPE": "學校" }, "geometry": { "type": "Point", "coordinates": [ 121.08007565242697, 24.829160954112318 ] } },
{ "type": "Feature", "properties": { "NAME": "石光公學校", "TYPE": "學校" }, "geometry": { "type": "Point", "coordinates": [ 121.129158210081229, 24.814259316402868 ] } },
{ "type": "Feature", "properties": { "NAME": "石光公學校坪林分教場", "TYPE": "學校" }, "geometry": { "type": "Point", "coordinates": [ 121.14038517776531, 24.801100970325731 ] } },
{ "type": "Feature", "properties": { "NAME": "四結公學校大坡分教場", "TYPE": "學校" }, "geometry": { "type": "Point", "coordinates": [ 121.741814503658773, 24.779530441191554 ] } },
{ "type": "Feature", "properties": { "NAME": "宜蘭尋常高等小學校", "TYPE": "學校" }, "geometry": { "type": "Point", "coordinates": [ 121.751304253439272, 24.758764781174683 ] } },
{ "type": "Feature", "properties": { "NAME": "宜蘭農林學校", "TYPE": "學校" }, "geometry": { "type": "Point", "coordinates": [ 121.756403349901206, 24.754147603138374 ] } },
{ "type": "Feature", "properties": { "NAME": "宜蘭公學校", "TYPE": "學校" }, "geometry": { "type": "Point", "coordinates": [ 121.755893854489955, 24.753298572628648 ] } },
{ "type": "Feature", "properties": { "NAME": "宜蘭女子公學校", "TYPE": "學校" }, "geometry": { "type": "Point", "coordinates": [ 121.755516412460324, 24.752091043546049 ] } },
{ "type": "Feature", "properties": { "NAME": "員山公學校", "TYPE": "學校" }, "geometry": { "type": "Point", "coordinates": [ 121.71453472820636, 24.750640455483989 ] } },
{ "type": "Feature", "properties": { "NAME": "大福公學校", "TYPE": "學校" }, "geometry": { "type": "Point", "coordinates": [ 121.816125242249669, 24.801130504625444 ] } },
{ "type": "Feature", "properties": { "NAME": "過嶺公學校", "TYPE": "學校" }, "geometry": { "type": "Point", "coordinates": [ 121.817033471377499, 24.759026763099438 ] } },
{ "type": "Feature", "properties": { "NAME": "四結公學校", "TYPE": "學校" }, "geometry": { "type": "Point", "coordinates": [ 121.760196795830481, 24.786953778595542 ] } },
{ "type": "Feature", "properties": { "NAME": "礁溪公學校", "TYPE": "學校" }, "geometry": { "type": "Point", "coordinates": [ 121.768041358551486, 24.817847876549148 ] } },
{ "type": "Feature", "properties": { "NAME": "竹南公學校", "TYPE": "學校" }, "geometry": { "type": "Point", "coordinates": [ 120.870525643182361, 24.684381966839066 ] } },
{ "type": "Feature", "properties": { "NAME": "頭份公學校", "TYPE": "學校" }, "geometry": { "type": "Point", "coordinates": [ 120.912493136352509, 24.688641648744291 ] } },
{ "type": "Feature", "properties": { "NAME": "寶山公學校新城分教場", "TYPE": "學校" }, "geometry": { "type": "Point", "coordinates": [ 120.967764233664326, 24.733598253675748 ] } },
{ "type": "Feature", "properties": { "NAME": "斗煥坪公學校", "TYPE": "學校" }, "geometry": { "type": "Point", "coordinates": [ 120.947311233363237, 24.682121750564818 ] } },
{ "type": "Feature", "properties": { "NAME": "峨眉公學校富興分教場", "TYPE": "學校" }, "geometry": { "type": "Point", "coordinates": [ 120.988539017960647, 24.686775196545469 ] } },
{ "type": "Feature", "properties": { "NAME": "寶山公學校", "TYPE": "學校" }, "geometry": { "type": "Point", "coordinates": [ 121.02548683200969, 24.736887128162891 ] } },
{ "type": "Feature", "properties": { "NAME": "峨眉公學校", "TYPE": "學校" }, "geometry": { "type": "Point", "coordinates": [ 121.020814420029211, 24.689843823048875 ] } },
{ "type": "Feature", "properties": { "NAME": "北埔公學校", "TYPE": "學校" }, "geometry": { "type": "Point", "coordinates": [ 121.053002192697534, 24.701266139908295 ] } },
{ "type": "Feature", "properties": { "NAME": "竹東公學校", "TYPE": "學校" }, "geometry": { "type": "Point", "coordinates": [ 121.087830630862044, 24.735278075914483 ] } },
{ "type": "Feature", "properties": { "NAME": "橫山公學校", "TYPE": "學校" }, "geometry": { "type": "Point", "coordinates": [ 121.114719748671689, 24.71892486555641 ] } },
{ "type": "Feature", "properties": { "NAME": "芎林公學校鹿寮坑分教場", "TYPE": "學校" }, "geometry": { "type": "Point", "coordinates": [ 121.124142138411273, 24.737628664897571 ] } },
{ "type": "Feature", "properties": { "NAME": "員山第二公學校", "TYPE": "學校" }, "geometry": { "type": "Point", "coordinates": [ 121.739005293543485, 24.733182682707955 ] } },
{ "type": "Feature", "properties": { "NAME": "大洲公學校", "TYPE": "學校" }, "geometry": { "type": "Point", "coordinates": [ 121.728382119762969, 24.693221540573273 ] } },
{ "type": "Feature", "properties": { "NAME": "三星尋常小學校", "TYPE": "學校" }, "geometry": { "type": "Point", "coordinates": [ 121.653856608565619, 24.668474543665351 ] } },
{ "type": "Feature", "properties": { "NAME": "三星公學校", "TYPE": "學校" }, "geometry": { "type": "Point", "coordinates": [ 121.650976360790992, 24.666989636717908 ] } },
{ "type": "Feature", "properties": { "NAME": "利澤公學校", "TYPE": "學校" }, "geometry": { "type": "Point", "coordinates": [ 121.823399931855434, 24.665898215704736 ] } },
{ "type": "Feature", "properties": { "NAME": "壯二公學校", "TYPE": "學校" }, "geometry": { "type": "Point", "coordinates": [ 121.773931327826006, 24.745153693953736 ] } },
{ "type": "Feature", "properties": { "NAME": "二結公學校", "TYPE": "學校" }, "geometry": { "type": "Point", "coordinates": [ 121.770226226790271, 24.706810907427027 ] } },
{ "type": "Feature", "properties": { "NAME": "羅東尋常高等小學校", "TYPE": "學校" }, "geometry": { "type": "Point", "coordinates": [ 121.770860295614213, 24.676917879740575 ] } },
{ "type": "Feature", "properties": { "NAME": "羅東女子公學校", "TYPE": "學校" }, "geometry": { "type": "Point", "coordinates": [ 121.769837815286536, 24.672420357710742 ] } },
{ "type": "Feature", "properties": { "NAME": "羅東公學校", "TYPE": "學校" }, "geometry": { "type": "Point", "coordinates": [ 121.772927152449839, 24.673396935646142 ] } },
{ "type": "Feature", "properties": { "NAME": "茅子寮公學校", "TYPE": "學校" }, "geometry": { "type": "Point", "coordinates": [ 121.811862619016438, 24.696904872900774 ] } },
{ "type": "Feature", "properties": { "NAME": "五結公學校", "TYPE": "學校" }, "geometry": { "type": "Point", "coordinates": [ 121.798937020985306, 24.687365263387104 ] } },
{ "type": "Feature", "properties": { "NAME": "外埔公學校", "TYPE": "學校" }, "geometry": { "type": "Point", "coordinates": [ 120.775976517829932, 24.649905426545455 ] } },
{ "type": "Feature", "properties": { "NAME": "後龍公學校", "TYPE": "學校" }, "geometry": { "type": "Point", "coordinates": [ 120.796513468460503, 24.615084262438494 ] } },
{ "type": "Feature", "properties": { "NAME": "造橋公學校", "TYPE": "學校" }, "geometry": { "type": "Point", "coordinates": [ 120.865233527450414, 24.638400343439105 ] } },
{ "type": "Feature", "properties": { "NAME": "尖山公學校", "TYPE": "學校" }, "geometry": { "type": "Point", "coordinates": [ 120.88397319116217, 24.655270220913216 ] } },
{ "type": "Feature", "properties": { "NAME": "三灣公學校大河底分教場", "TYPE": "學校" }, "geometry": { "type": "Point", "coordinates": [ 120.938951330398112, 24.618606010816638 ] } },
{ "type": "Feature", "properties": { "NAME": "南庄公學校大南埔分教場", "TYPE": "學校" }, "geometry": { "type": "Point", "coordinates": [ 120.972842951233034, 24.635205861674827 ] } },
{ "type": "Feature", "properties": { "NAME": "三灣公學校", "TYPE": "學校" }, "geometry": { "type": "Point", "coordinates": [ 120.95488841632087, 24.656184631048152 ] } },
{ "type": "Feature", "properties": { "NAME": "順安公學校", "TYPE": "學校" }, "geometry": { "type": "Point", "coordinates": [ 121.763101088246842, 24.65446254995183 ] } },
{ "type": "Feature", "properties": { "NAME": "冬山公學校", "TYPE": "學校" }, "geometry": { "type": "Point", "coordinates": [ 121.793041216939599, 24.634903480400585 ] } },
{ "type": "Feature", "properties": { "NAME": "武淵公學校", "TYPE": "學校" }, "geometry": { "type": "Point", "coordinates": [ 121.79827891870822, 24.662534396221009 ] } },
{ "type": "Feature", "properties": { "NAME": "馬賽公學校", "TYPE": "學校" }, "geometry": { "type": "Point", "coordinates": [ 121.835719505210804, 24.621701534646121 ] } },
{ "type": "Feature", "properties": { "NAME": "蘇澳公學校北方澳分教場", "TYPE": "學校" }, "geometry": { "type": "Point", "coordinates": [ 121.879783468821472, 24.604011646258108 ] } },
{ "type": "Feature", "properties": { "NAME": "蘇澳尋常高等小學", "TYPE": "學校" }, "geometry": { "type": "Point", "coordinates": [ 121.851095346997639, 24.593321520556255 ] } },
{ "type": "Feature", "properties": { "NAME": "蘇澳公學校", "TYPE": "學校" }, "geometry": { "type": "Point", "coordinates": [ 121.840865775269194, 24.596753978165363 ] } },
{ "type": "Feature", "properties": { "NAME": "烏眉公學校", "TYPE": "學校" }, "geometry": { "type": "Point", "coordinates": [ 120.724087456282248, 24.508721551119152 ] } },
{ "type": "Feature", "properties": { "NAME": "四湖公學校", "TYPE": "學校" }, "geometry": { "type": "Point", "coordinates": [ 120.757784575524894, 24.55763599630658 ] } },
{ "type": "Feature", "properties": { "NAME": "五湖公學校", "TYPE": "學校" }, "geometry": { "type": "Point", "coordinates": [ 120.776808849695513, 24.522147520292602 ] } },
{ "type": "Feature", "properties": { "NAME": "苗栗公學校", "TYPE": "學校" }, "geometry": { "type": "Point", "coordinates": [ 120.825005148697912, 24.564095396176729 ] } },
{ "type": "Feature", "properties": { "NAME": "苗栗小學校", "TYPE": "學校" }, "geometry": { "type": "Point", "coordinates": [ 120.823301048669137, 24.560819942865592 ] } },
{ "type": "Feature", "properties": { "NAME": "公館公學校", "TYPE": "學校" }, "geometry": { "type": "Point", "coordinates": [ 120.827336451160733, 24.499260030143986 ] } },
{ "type": "Feature", "properties": { "NAME": "鶴崗公學校", "TYPE": "學校" }, "geometry": { "type": "Point", "coordinates": [ 120.832259448527211, 24.534615091620591 ] } },
{ "type": "Feature", "properties": { "NAME": "頭屋公學校", "TYPE": "學校" }, "geometry": { "type": "Point", "coordinates": [ 120.850887385388845, 24.576006402106799 ] } },
{ "type": "Feature", "properties": { "NAME": "鶴崗公學校南河子分教場", "TYPE": "學校" }, "geometry": { "type": "Point", "coordinates": [ 120.85382220801857, 24.531059295140398 ] } },
{ "type": "Feature", "properties": { "NAME": "通霄公學校", "TYPE": "學校" }, "geometry": { "type": "Point", "coordinates": [ 120.683686206403848, 24.491413472203419 ] } },
{ "type": "Feature", "properties": { "NAME": "苑裡公學校", "TYPE": "學校" }, "geometry": { "type": "Point", "coordinates": [ 120.654424127291534, 24.448950817182048 ] } },
{ "type": "Feature", "properties": { "NAME": "山腳公學校", "TYPE": "學校" }, "geometry": { "type": "Point", "coordinates": [ 120.685198956984905, 24.417027766533817 ] } },
{ "type": "Feature", "properties": { "NAME": "南和公學校", "TYPE": "學校" }, "geometry": { "type": "Point", "coordinates": [ 120.720823358999965, 24.448468011731784 ] } },
{ "type": "Feature", "properties": { "NAME": "富士公學校", "TYPE": "學校" }, "geometry": { "type": "Point", "coordinates": [ 120.79113885413301, 24.49137222278727 ] } },
{ "type": "Feature", "properties": { "NAME": "雞隆公學校", "TYPE": "學校" }, "geometry": { "type": "Point", "coordinates": [ 120.811467996374219, 24.463163282960313 ] } },
{ "type": "Feature", "properties": { "NAME": "大湖公學校", "TYPE": "學校" }, "geometry": { "type": "Point", "coordinates": [ 120.870235927339905, 24.422366559727539 ] } },
{ "type": "Feature", "properties": { "NAME": "小基隆公學校", "TYPE": "學校" }, "geometry": { "type": "Point", "coordinates": [ 121.502270292864452, 25.257837345033334 ] } },
{ "type": "Feature", "properties": { "NAME": "興化店公學校", "TYPE": "學校" }, "geometry": { "type": "Point", "coordinates": [ 121.450725505011064, 25.217576499035943 ] } },
{ "type": "Feature", "properties": { "NAME": "理學堂大書院", "TYPE": "學校" }, "geometry": { "type": "Point", "coordinates": [ 121.434589409956047, 25.176791844927429 ] } },
{ "type": "Feature", "properties": { "NAME": "淡水女子公學校", "TYPE": "學校" }, "geometry": { "type": "Point", "coordinates": [ 121.437288065419466, 25.174918176996481 ] } },
{ "type": "Feature", "properties": { "NAME": "淡水公學校", "TYPE": "學校" }, "geometry": { "type": "Point", "coordinates": [ 121.441347305438299, 25.173668939362354 ] } },
{ "type": "Feature", "properties": { "NAME": "北新庄公學校", "TYPE": "學校" }, "geometry": { "type": "Point", "coordinates": [ 121.501748545282993, 25.204511709247594 ] } },
{ "type": "Feature", "properties": { "NAME": "大園公學校竹圍分教場", "TYPE": "學校" }, "geometry": { "type": "Point", "coordinates": [ 121.244550095385534, 25.104663249854067 ] } },
{ "type": "Feature", "properties": { "NAME": "大南灣公學校", "TYPE": "學校" }, "geometry": { "type": "Point", "coordinates": [ 121.339357899250757, 25.107904045451356 ] } },
{ "type": "Feature", "properties": { "NAME": "外社公學校", "TYPE": "學校" }, "geometry": { "type": "Point", "coordinates": [ 121.307007500083813, 25.082461050586904 ] } },
{ "type": "Feature", "properties": { "NAME": "北投公學校", "TYPE": "學校" }, "geometry": { "type": "Point", "coordinates": [ 121.500404644818317, 25.13419907101736 ] } },
{ "type": "Feature", "properties": { "NAME": "社子公學校", "TYPE": "學校" }, "geometry": { "type": "Point", "coordinates": [ 121.503011831559348, 25.090391059495051 ] } },
{ "type": "Feature", "properties": { "NAME": "社子公學校溪洲底分教場", "TYPE": "學校" }, "geometry": { "type": "Point", "coordinates": [ 121.482946215756201, 25.105113119135886 ] } },
{ "type": "Feature", "properties": { "NAME": "關渡公學校", "TYPE": "學校" }, "geometry": { "type": "Point", "coordinates": [ 121.466368153427169, 25.126308027519855 ] } },
{ "type": "Feature", "properties": { "NAME": "海漧公學校蛇子形分教場", "TYPE": "學校" }, "geometry": { "type": "Point", "coordinates": [ 121.445091864567587, 25.14733615261439 ] } },
{ "type": "Feature", "properties": { "NAME": "五股公學校成子寮分教場", "TYPE": "學校" }, "geometry": { "type": "Point", "coordinates": [ 121.447761470834436, 25.100208088328877 ] } },
{ "type": "Feature", "properties": { "NAME": "海墘厝公學校", "TYPE": "學校" }, "geometry": { "type": "Point", "coordinates": [ 121.402906635441539, 25.149996240158718 ] } },
{ "type": "Feature", "properties": { "NAME": "和尚洲公學校", "TYPE": "學校" }, "geometry": { "type": "Point", "coordinates": [ 121.471076481242122, 25.08435301123799 ] } },
{ "type": "Feature", "properties": { "NAME": "觀音公學校", "TYPE": "學校" }, "geometry": { "type": "Point", "coordinates": [ 121.082880832271613, 25.034835291976915 ] } },
{ "type": "Feature", "properties": { "NAME": "新坡公學校", "TYPE": "學校" }, "geometry": { "type": "Point", "coordinates": [ 121.138521053130958, 25.014351768931224 ] } },
{ "type": "Feature", "properties": { "NAME": "大園公學校", "TYPE": "學校" }, "geometry": { "type": "Point", "coordinates": [ 121.196876249997459, 25.065414477126126 ] } },
{ "type": "Feature", "properties": { "NAME": "南崁公學校", "TYPE": "學校" }, "geometry": { "type": "Point", "coordinates": [ 121.297085086737837, 25.052753848330365 ] } },
{ "type": "Feature", "properties": { "NAME": "南崁公學校蘆竹分校", "TYPE": "學校" }, "geometry": { "type": "Point", "coordinates": [ 121.259040648304889, 25.025383259507162 ] } },
{ "type": "Feature", "properties": { "NAME": "埔子公學校", "TYPE": "學校" }, "geometry": { "type": "Point", "coordinates": [ 121.28698928770207, 25.009809891364824 ] } },
{ "type": "Feature", "properties": { "NAME": "菁埔公學校", "TYPE": "學校" }, "geometry": { "type": "Point", "coordinates": [ 121.378297780567223, 25.072427944282737 ] } },
{ "type": "Feature", "properties": { "NAME": "大坡公學校崁頭厝分教場", "TYPE": "學校" }, "geometry": { "type": "Point", "coordinates": [ 121.046273475333635, 24.988158810498494 ] } },
{ "type": "Feature", "properties": { "NAME": "大坡公學校", "TYPE": "學校" }, "geometry": { "type": "Point", "coordinates": [ 121.040744282890614, 24.957233218141329 ] } },
{ "type": "Feature", "properties": { "NAME": "新屋公學校", "TYPE": "學校" }, "geometry": { "type": "Point", "coordinates": [ 121.101651499334153, 24.974520833989377 ] } },
{ "type": "Feature", "properties": { "NAME": "南勢公學校大崙分教場", "TYPE": "學校" }, "geometry": { "type": "Point", "coordinates": [ 121.180597646865067, 24.990206230226313 ] } },
{ "type": "Feature", "properties": { "NAME": "中壢公學校", "TYPE": "學校" }, "geometry": { "type": "Point", "coordinates": [ 121.221278307321896, 24.954471039409313 ] } },
{ "type": "Feature", "properties": { "NAME": "八塊公學校", "TYPE": "學校" }, "geometry": { "type": "Point", "coordinates": [ 121.283824482597495, 24.929181455445367 ] } },
{ "type": "Feature", "properties": { "NAME": "桃園公學校", "TYPE": "學校" }, "geometry": { "type": "Point", "coordinates": [ 121.310794725922236, 24.992055642908337 ] } },
{ "type": "Feature", "properties": { "NAME": "八塊公校大湳分教場", "TYPE": "學校" }, "geometry": { "type": "Point", "coordinates": [ 121.298503919263808, 24.958497146294739 ] } },
{ "type": "Feature", "properties": { "NAME": "三峽公學校", "TYPE": "學校" }, "geometry": { "type": "Point", "coordinates": [ 121.369118727288594, 24.935770101129012 ] } },
{ "type": "Feature", "properties": { "NAME": "尖山公學校", "TYPE": "學校" }, "geometry": { "type": "Point", "coordinates": [ 121.346549340977958, 24.952015818260385 ] } },
{ "type": "Feature", "properties": { "NAME": "龜山公學校", "TYPE": "學校" }, "geometry": { "type": "Point", "coordinates": [ 121.339901387917337, 24.993946039107481 ] } },
{ "type": "Feature", "properties": { "NAME": "樹林公學校山子腳分教場", "TYPE": "學校" }, "geometry": { "type": "Point", "coordinates": [ 121.402125528715828, 24.975315087462167 ] } },
{ "type": "Feature", "properties": { "NAME": "樹林公學校", "TYPE": "學校" }, "geometry": { "type": "Point", "coordinates": [ 121.418192664581824, 24.990222292476375 ] } },
{ "type": "Feature", "properties": { "NAME": "沙崙公學校", "TYPE": "學校" }, "geometry": { "type": "Point", "coordinates": [ 121.430226784270616, 24.990511105306251 ] } },
{ "type": "Feature", "properties": { "NAME": "土城公學校頂埔分教場", "TYPE": "學校" }, "geometry": { "type": "Point", "coordinates": [ 121.414220388158327, 24.956146873286279 ] } },
{ "type": "Feature", "properties": { "NAME": "柑園公學校", "TYPE": "學校" }, "geometry": { "type": "Point", "coordinates": [ 121.38990404658567, 24.955941444895267 ] } },
{ "type": "Feature", "properties": { "NAME": "土城公學校", "TYPE": "學校" }, "geometry": { "type": "Point", "coordinates": [ 121.4422597050973, 24.972769605414143 ] } },
{ "type": "Feature", "properties": { "NAME": "土城公學校清水分教場", "TYPE": "學校" }, "geometry": { "type": "Point", "coordinates": [ 121.46184172053276, 24.984161531214781 ] } },
{ "type": "Feature", "properties": { "NAME": "安坑公學校", "TYPE": "學校" }, "geometry": { "type": "Point", "coordinates": [ 121.513321236116084, 24.961506043939025 ] } },
{ "type": "Feature", "properties": { "NAME": "新店公學校", "TYPE": "學校" }, "geometry": { "type": "Point", "coordinates": [ 121.538785058676623, 24.953867750146937 ] } },
{ "type": "Feature", "properties": { "NAME": "新店尋常高等小學校", "TYPE": "學校" }, "geometry": { "type": "Point", "coordinates": [ 121.538902398325732, 24.957006832782398 ] } },
{ "type": "Feature", "properties": { "NAME": "景美公學校", "TYPE": "學校" }, "geometry": { "type": "Point", "coordinates": [ 121.540005622422868, 24.989967208145178 ] } },
{ "type": "Feature", "properties": { "NAME": "木柵公學校", "TYPE": "學校" }, "geometry": { "type": "Point", "coordinates": [ 121.569967890671762, 24.991488245084945 ] } },
{ "type": "Feature", "properties": { "NAME": "石碇公學校", "TYPE": "學校" }, "geometry": { "type": "Point", "coordinates": [ 121.658913736785024, 24.990003963571567 ] } },
{ "type": "Feature", "properties": { "NAME": "坪林公學校", "TYPE": "學校" }, "geometry": { "type": "Point", "coordinates": [ 121.711052781587654, 24.937066047991074 ] } },
{ "type": "Feature", "properties": { "NAME": "坪林公學校楣子寮分教場", "TYPE": "學校" }, "geometry": { "type": "Point", "coordinates": [ 121.770135905252275, 24.966199889257698 ] } },
{ "type": "Feature", "properties": { "NAME": "大谷公學校", "TYPE": "學校" }, "geometry": { "type": "Point", "coordinates": [ 121.892340000919248, 24.939528801432665 ] } },
{ "type": "Feature", "properties": { "NAME": "二林公學校", "TYPE": "學校" }, "geometry": { "type": "Point", "coordinates": [ 120.372040074279738, 23.900643216957718 ] } },
{ "type": "Feature", "properties": { "NAME": "大城公學校", "TYPE": "學校" }, "geometry": { "type": "Point", "coordinates": [ 120.320178006388431, 23.852693742485478 ] } },
{ "type": "Feature", "properties": { "NAME": "二林公學校丈八斗分教場", "TYPE": "學校" }, "geometry": { "type": "Point", "coordinates": [ 120.426851846504988, 23.896471566989867 ] } },
{ "type": "Feature", "properties": { "NAME": "竹塘公學校", "TYPE": "學校" }, "geometry": { "type": "Point", "coordinates": [ 120.42852370421771, 23.861746941132925 ] } },
{ "type": "Feature", "properties": { "NAME": "埤頭公學校路口厝分教場", "TYPE": "學校" }, "geometry": { "type": "Point", "coordinates": [ 120.460079982996248, 23.847171424850664 ] } },
{ "type": "Feature", "properties": { "NAME": "埤頭公學校", "TYPE": "學校" }, "geometry": { "type": "Point", "coordinates": [ 120.458725474706782, 23.893600197768453 ] } },
{ "type": "Feature", "properties": { "NAME": "溪州公學校", "TYPE": "學校" }, "geometry": { "type": "Point", "coordinates": [ 120.497743242516847, 23.853328755705597 ] } },
{ "type": "Feature", "properties": { "NAME": "林本源製糖會社", "TYPE": "學校" }, "geometry": { "type": "Point", "coordinates": [ 120.491376355480071, 23.852922700187378 ] } },
{ "type": "Feature", "properties": { "NAME": "海豐崙公學校田尾分教場", "TYPE": "學校" }, "geometry": { "type": "Point", "coordinates": [ 120.527434020201341, 23.891709331432153 ] } },
{ "type": "Feature", "properties": { "NAME": "田中公學校", "TYPE": "學校" }, "geometry": { "type": "Point", "coordinates": [ 120.587055599312976, 23.857186835129365 ] } },
{ "type": "Feature", "properties": { "NAME": "北斗公學校", "TYPE": "學校" }, "geometry": { "type": "Point", "coordinates": [ 120.523319392989492, 23.876497353540739 ] } },
{ "type": "Feature", "properties": { "NAME": "社頭公學校", "TYPE": "學校" }, "geometry": { "type": "Point", "coordinates": [ 120.58698952562311, 23.898043469841681 ] } },
{ "type": "Feature", "properties": { "NAME": "湳雅公學校", "TYPE": "學校" }, "geometry": { "type": "Point", "coordinates": [ 120.606895449507789, 23.908659290871942 ] } },
{ "type": "Feature", "properties": { "NAME": "南投公學校施厝坪分教場", "TYPE": "學校" }, "geometry": { "type": "Point", "coordinates": [ 120.638311357542278, 23.913335328529431 ] } },
{ "type": "Feature", "properties": { "NAME": "皮子寮公學校", "TYPE": "學校" }, "geometry": { "type": "Point", "coordinates": [ 120.634706871356244, 23.876366202651468 ] } },
{ "type": "Feature", "properties": { "NAME": "頂新厝公學校", "TYPE": "學校" }, "geometry": { "type": "Point", "coordinates": [ 120.661602541634011, 23.835860438923323 ] } },
{ "type": "Feature", "properties": { "NAME": "名間公學校", "TYPE": "學校" }, "geometry": { "type": "Point", "coordinates": [ 120.697316995919934, 23.844860590262019 ] } },
{ "type": "Feature", "properties": { "NAME": "名間公學校新街分教場", "TYPE": "學校" }, "geometry": { "type": "Point", "coordinates": [ 120.694204147524772, 23.876339588224084 ] } },
{ "type": "Feature", "properties": { "NAME": "南投公學校", "TYPE": "學校" }, "geometry": { "type": "Point", "coordinates": [ 120.684392596965623, 23.906520543935343 ] } },
{ "type": "Feature", "properties": { "NAME": "南投女子公學校", "TYPE": "學校" }, "geometry": { "type": "Point", "coordinates": [ 120.683197297702378, 23.908147187926964 ] } },
{ "type": "Feature", "properties": { "NAME": "魚池公學校", "TYPE": "學校" }, "geometry": { "type": "Point", "coordinates": [ 120.938016514083003, 23.897323072245023 ] } },
{ "type": "Feature", "properties": { "NAME": "頭社公學校", "TYPE": "學校" }, "geometry": { "type": "Point", "coordinates": [ 120.902656436179157, 23.83664718614823 ] } },
{ "type": "Feature", "properties": { "NAME": "第三高等女學校", "TYPE": "學校" }, "geometry": { "type": "Point", "coordinates": [ 121.503035537934323, 25.042009922910957 ] } },
{ "type": "Feature", "properties": { "NAME": "中崙公學校大湖口分教場", "TYPE": "學校" }, "geometry": { "type": "Point", "coordinates": [ 121.060779088618929, 24.878175004620367 ] } },
{ "type": "Feature", "properties": { "NAME": "關西公學校", "TYPE": "學校" }, "geometry": { "type": "Point", "coordinates": [ 121.174559909485794, 24.791998050954646 ] } },
{ "type": "Feature", "properties": { "NAME": "麥寮公學校", "TYPE": "學校" }, "geometry": { "type": "Point", "coordinates": [ 120.25442133786801, 23.749737022639192 ] } },
{ "type": "Feature", "properties": { "NAME": "崙背公學校貓兒干分教場", "TYPE": "學校" }, "geometry": { "type": "Point", "coordinates": [ 120.311693910176274, 23.791836169308919 ] } },
{ "type": "Feature", "properties": { "NAME": "崙背公學校", "TYPE": "學校" }, "geometry": { "type": "Point", "coordinates": [ 120.353884731684957, 23.760133607236995 ] } },
{ "type": "Feature", "properties": { "NAME": "油車公學校", "TYPE": "學校" }, "geometry": { "type": "Point", "coordinates": [ 120.392096697568192, 23.795484771273735 ] } },
{ "type": "Feature", "properties": { "NAME": "二崙公學校", "TYPE": "學校" }, "geometry": { "type": "Point", "coordinates": [ 120.413113535789208, 23.771809223654021 ] } },
{ "type": "Feature", "properties": { "NAME": "埤頭埧公學校", "TYPE": "學校" }, "geometry": { "type": "Point", "coordinates": [ 120.458339945812952, 23.766610571094223 ] } },
{ "type": "Feature", "properties": { "NAME": "莿桐公學校", "TYPE": "學校" }, "geometry": { "type": "Point", "coordinates": [ 120.498697795733207, 23.757027344855821 ] } },
{ "type": "Feature", "properties": { "NAME": "西螺公學校", "TYPE": "學校" }, "geometry": { "type": "Point", "coordinates": [ 120.460368320103058, 23.80215124179567 ] } },
{ "type": "Feature", "properties": { "NAME": "西螺公學校分離教室", "TYPE": "學校" }, "geometry": { "type": "Point", "coordinates": [ 120.452158274794627, 23.800213239368851 ] } },
{ "type": "Feature", "properties": { "NAME": "樹仔腳公學校", "TYPE": "學校" }, "geometry": { "type": "Point", "coordinates": [ 120.518649000546077, 23.778487770215367 ] } },
{ "type": "Feature", "properties": { "NAME": "林內公學校", "TYPE": "學校" }, "geometry": { "type": "Point", "coordinates": [ 120.617675516075252, 23.759267698979667 ] } },
{ "type": "Feature", "properties": { "NAME": "西州公學校下霸分教場", "TYPE": "學校" }, "geometry": { "type": "Point", "coordinates": [ 120.544438875130695, 23.825400248300532 ] } },
{ "type": "Feature", "properties": { "NAME": "二水公學校", "TYPE": "學校" }, "geometry": { "type": "Point", "coordinates": [ 120.61622431341334, 23.80996297880726 ] } },
{ "type": "Feature", "properties": { "NAME": "二水公學校鼻子頭分教場", "TYPE": "學校" }, "geometry": { "type": "Point", "coordinates": [ 120.642467711496835, 23.800162235826573 ] } },
{ "type": "Feature", "properties": { "NAME": "竹山公學校", "TYPE": "學校" }, "geometry": { "type": "Point", "coordinates": [ 120.682072648744992, 23.752814696347169 ] } },
{ "type": "Feature", "properties": { "NAME": "東埔蚋公學校", "TYPE": "學校" }, "geometry": { "type": "Point", "coordinates": [ 120.707243357429704, 23.768102342228936 ] } },
{ "type": "Feature", "properties": { "NAME": "社寮公學校", "TYPE": "學校" }, "geometry": { "type": "Point", "coordinates": [ 120.721565388987003, 23.814368751704563 ] } },
{ "type": "Feature", "properties": { "NAME": "鹿谷公學校", "TYPE": "學校" }, "geometry": { "type": "Point", "coordinates": [ 120.751486088834838, 23.749088616385915 ] } },
{ "type": "Feature", "properties": { "NAME": "海口厝公學校", "TYPE": "學校" }, "geometry": { "type": "Point", "coordinates": [ 120.19921594916741, 23.702004139223153 ] } },
{ "type": "Feature", "properties": { "NAME": "東勢厝公學校", "TYPE": "學校" }, "geometry": { "type": "Point", "coordinates": [ 120.257151892522884, 23.674641172221431 ] } },
{ "type": "Feature", "properties": { "NAME": "埔姜崙公學校", "TYPE": "學校" }, "geometry": { "type": "Point", "coordinates": [ 120.308646600281037, 23.693476238779517 ] } },
{ "type": "Feature", "properties": { "NAME": "土庫公學校埤腳分教場", "TYPE": "學校" }, "geometry": { "type": "Point", "coordinates": [ 120.349236392902696, 23.670036434513715 ] } },
{ "type": "Feature", "properties": { "NAME": "馬公厝公學校", "TYPE": "學校" }, "geometry": { "type": "Point", "coordinates": [ 120.352345530593624, 23.705829068748578 ] } },
{ "type": "Feature", "properties": { "NAME": "斗南公學校", "TYPE": "學校" }, "geometry": { "type": "Point", "coordinates": [ 120.476843314276962, 23.674744223525025 ] } },
{ "type": "Feature", "properties": { "NAME": "斗南公學校新崙分教場", "TYPE": "學校" }, "geometry": { "type": "Point", "coordinates": [ 120.438252372743165, 23.679802702248164 ] } },
{ "type": "Feature", "properties": { "NAME": "土庫公學校", "TYPE": "學校" }, "geometry": { "type": "Point", "coordinates": [ 120.389627287268297, 23.675835368226327 ] } },
{ "type": "Feature", "properties": { "NAME": "大屯公學校", "TYPE": "學校" }, "geometry": { "type": "Point", "coordinates": [ 120.3881394123961, 23.702178099517191 ] } },
{ "type": "Feature", "properties": { "NAME": "斗六公學校", "TYPE": "學校" }, "geometry": { "type": "Point", "coordinates": [ 120.53897042979834, 23.707677769968438 ] } },
{ "type": "Feature", "properties": { "NAME": "斗六公學校溝子埧分教場", "TYPE": "學校" }, "geometry": { "type": "Point", "coordinates": [ 120.537641114288647, 23.674300076760627 ] } },
{ "type": "Feature", "properties": { "NAME": "溪邊厝公學校", "TYPE": "學校" }, "geometry": { "type": "Point", "coordinates": [ 120.568506172904549, 23.684593815519388 ] } },
{ "type": "Feature", "properties": { "NAME": "內林公學校", "TYPE": "學校" }, "geometry": { "type": "Point", "coordinates": [ 120.601456085352027, 23.703017471801353 ] } },
{ "type": "Feature", "properties": { "NAME": "牛挑灣公學校", "TYPE": "學校" }, "geometry": { "type": "Point", "coordinates": [ 120.23993295782202, 23.604995065978624 ] } },
{ "type": "Feature", "properties": { "NAME": "口湖公學校", "TYPE": "學校" }, "geometry": { "type": "Point", "coordinates": [ 120.182876698214244, 23.586211453359905 ] } },
{ "type": "Feature", "properties": { "NAME": "好收公學校", "TYPE": "學校" }, "geometry": { "type": "Point", "coordinates": [ 120.280180678996643, 23.599057167306039 ] } },
{ "type": "Feature", "properties": { "NAME": "元長公學校", "TYPE": "學校" }, "geometry": { "type": "Point", "coordinates": [ 120.314362485297096, 23.650386506772026 ] } },
{ "type": "Feature", "properties": { "NAME": "大埤公學校舊庄分教場", "TYPE": "學校" }, "geometry": { "type": "Point", "coordinates": [ 120.401754504101973, 23.634645682315032 ] } },
{ "type": "Feature", "properties": { "NAME": "溪口公學校", "TYPE": "學校" }, "geometry": { "type": "Point", "coordinates": [ 120.393498632346876, 23.604062375867478 ] } },
{ "type": "Feature", "properties": { "NAME": "大埤公學校", "TYPE": "學校" }, "geometry": { "type": "Point", "coordinates": [ 120.431279026473163, 23.646156643961952 ] } },
{ "type": "Feature", "properties": { "NAME": "大林公學校", "TYPE": "學校" }, "geometry": { "type": "Point", "coordinates": [ 120.453495486445149, 23.6027696549253 ] } },
{ "type": "Feature", "properties": { "NAME": "大林公學校林子前分教場", "TYPE": "學校" }, "geometry": { "type": "Point", "coordinates": [ 120.490308452972116, 23.601104863696133 ] } },
{ "type": "Feature", "properties": { "NAME": "石龜溪公學校", "TYPE": "學校" }, "geometry": { "type": "Point", "coordinates": [ 120.482598437290292, 23.642243087721639 ] } },
{ "type": "Feature", "properties": { "NAME": "斗南公學校溫厝角分教場", "TYPE": "學校" }, "geometry": { "type": "Point", "coordinates": [ 120.511393018519584, 23.657735576988816 ] } },
{ "type": "Feature", "properties": { "NAME": "崁頭厝公學校", "TYPE": "學校" }, "geometry": { "type": "Point", "coordinates": [ 120.553907052692054, 23.626575558749568 ] } },
{ "type": "Feature", "properties": { "NAME": "崁頭厝公學校大湖底分教場", "TYPE": "學校" }, "geometry": { "type": "Point", "coordinates": [ 120.596929997390163, 23.595205996888293 ] } },
{ "type": "Feature", "properties": { "NAME": "蔦松公學校", "TYPE": "學校" }, "geometry": { "type": "Point", "coordinates": [ 120.230037760965587, 23.513892971546149 ] } },
{ "type": "Feature", "properties": { "NAME": "六腳公學校", "TYPE": "學校" }, "geometry": { "type": "Point", "coordinates": [ 120.252170731744187, 23.508944436471502 ] } },
{ "type": "Feature", "properties": { "NAME": "蒜頭公學校灣內分教場", "TYPE": "學校" }, "geometry": { "type": "Point", "coordinates": [ 120.312591375463882, 23.500549916232217 ] } },
{ "type": "Feature", "properties": { "NAME": "新巷公學校", "TYPE": "學校" }, "geometry": { "type": "Point", "coordinates": [ 120.345644949210381, 23.556713390573677 ] } },
{ "type": "Feature", "properties": { "NAME": "月眉潭公學校", "TYPE": "學校" }, "geometry": { "type": "Point", "coordinates": [ 120.351839927203102, 23.519977260289128 ] } },
{ "type": "Feature", "properties": { "NAME": "江厝店公學校", "TYPE": "學校" }, "geometry": { "type": "Point", "coordinates": [ 120.419917225629405, 23.526781566709797 ] } },
{ "type": "Feature", "properties": { "NAME": "民雄公學校", "TYPE": "學校" }, "geometry": { "type": "Point", "coordinates": [ 120.429385924367196, 23.554761525532758 ] } },
{ "type": "Feature", "properties": { "NAME": "小梅公學校", "TYPE": "學校" }, "geometry": { "type": "Point", "coordinates": [ 120.559463403203694, 23.579843055448695 ] } },
{ "type": "Feature", "properties": { "NAME": "竹崎公學校", "TYPE": "學校" }, "geometry": { "type": "Point", "coordinates": [ 120.552858885893798, 23.520143911462771 ] } },
{ "type": "Feature", "properties": { "NAME": "鹿麻產？", "TYPE": "學校" }, "geometry": { "type": "Point", "coordinates": [ 120.535035016369108, 23.498430289822913 ] } },
{ "type": "Feature", "properties": { "NAME": "港墘公學校", "TYPE": "學校" }, "geometry": { "type": "Point", "coordinates": [ 120.213807490241791, 23.463420967135736 ] } },
{ "type": "Feature", "properties": { "NAME": "朴子公學校", "TYPE": "學校" }, "geometry": { "type": "Point", "coordinates": [ 120.247839633869617, 23.466595895184856 ] } },
{ "type": "Feature", "properties": { "NAME": "水上公學校大崙分教場", "TYPE": "學校" }, "geometry": { "type": "Point", "coordinates": [ 120.358233091171883, 23.444293147163265 ] } },
{ "type": "Feature", "properties": { "NAME": "太保公學校", "TYPE": "學校" }, "geometry": { "type": "Point", "coordinates": [ 120.33366274422994, 23.462490090447968 ] } },
{ "type": "Feature", "properties": { "NAME": "蒜頭公學校", "TYPE": "學校" }, "geometry": { "type": "Point", "coordinates": [ 120.292663122548419, 23.493505472889716 ] } },
{ "type": "Feature", "properties": { "NAME": "中埔公學校頂六分教場", "TYPE": "學校" }, "geometry": { "type": "Point", "coordinates": [ 120.491997402414313, 23.446255129213576 ] } },
{ "type": "Feature", "properties": { "NAME": "嘉義中學校", "TYPE": "學校" }, "geometry": { "type": "Point", "coordinates": [ 120.464934105745328, 23.479231098737856 ] } },
{ "type": "Feature", "properties": { "NAME": "嘉義第二公學校", "TYPE": "學校" }, "geometry": { "type": "Point", "coordinates": [ 120.455341312106825, 23.475418201523297 ] } },
{ "type": "Feature", "properties": { "NAME": "嘉義公學校", "TYPE": "學校" }, "geometry": { "type": "Point", "coordinates": [ 120.452943027883151, 23.473059524719243 ] } },
{ "type": "Feature", "properties": { "NAME": "嘉義高等女子學校", "TYPE": "學校" }, "geometry": { "type": "Point", "coordinates": [ 120.451213224200529, 23.473098927910428 ] } },
{ "type": "Feature", "properties": { "NAME": "水虞厝公學校", "TYPE": "學校" }, "geometry": { "type": "Point", "coordinates": [ 120.383852332608569, 23.497110695232266 ] } },
{ "type": "Feature", "properties": { "NAME": "水上公學校", "TYPE": "學校" }, "geometry": { "type": "Point", "coordinates": [ 120.397241984427467, 23.428828981427042 ] } },
{ "type": "Feature", "properties": { "NAME": "番路公學校", "TYPE": "學校" }, "geometry": { "type": "Point", "coordinates": [ 120.552914155610111, 23.463906824041239 ] } },
{ "type": "Feature", "properties": { "NAME": "中埔公學校", "TYPE": "學校" }, "geometry": { "type": "Point", "coordinates": [ 120.52396812244794, 23.423392324786203 ] } },
{ "type": "Feature", "properties": { "NAME": "牛挑灣公學校", "TYPE": "學校" }, "geometry": { "type": "Point", "coordinates": [ 120.250420437845904, 23.411315623323723 ] } },
{ "type": "Feature", "properties": { "NAME": "牛挑灣公學校東後寮分教場", "TYPE": "學校" }, "geometry": { "type": "Point", "coordinates": [ 120.247048947201662, 23.379154663358289 ] } },
{ "type": "Feature", "properties": { "NAME": "後壁公學校", "TYPE": "學校" }, "geometry": { "type": "Point", "coordinates": [ 120.36612512070387, 23.36678294203028 ] } },
{ "type": "Feature", "properties": { "NAME": "安溪寮公學校", "TYPE": "學校" }, "geometry": { "type": "Point", "coordinates": [ 120.360913323069994, 23.332533860000183 ] } },
{ "type": "Feature", "properties": { "NAME": "菁寮公學校", "TYPE": "學校" }, "geometry": { "type": "Point", "coordinates": [ 120.339027671088374, 23.37876803058094 ] } },
{ "type": "Feature", "properties": { "NAME": "鹿草公學校", "TYPE": "學校" }, "geometry": { "type": "Point", "coordinates": [ 120.307620113676947, 23.411823315899039 ] } },
{ "type": "Feature", "properties": { "NAME": "下潭公學校", "TYPE": "學校" }, "geometry": { "type": "Point", "coordinates": [ 120.286178139942649, 23.374196741354734 ] } },
{ "type": "Feature", "properties": { "NAME": "仙草埔公學校關子嶺分教場", "TYPE": "學校" }, "geometry": { "type": "Point", "coordinates": [ 120.503733262400686, 23.334672337882214 ] } },
{ "type": "Feature", "properties": { "NAME": "仙草埔公學校", "TYPE": "學校" }, "geometry": { "type": "Point", "coordinates": [ 120.473984256533811, 23.343747782207906 ] } },
{ "type": "Feature", "properties": { "NAME": "內角公學校", "TYPE": "學校" }, "geometry": { "type": "Point", "coordinates": [ 120.440765602526398, 23.397569593053547 ] } },
{ "type": "Feature", "properties": { "NAME": "白河公學校", "TYPE": "學校" }, "geometry": { "type": "Point", "coordinates": [ 120.413764117876383, 23.352397441023768 ] } },
{ "type": "Feature", "properties": { "NAME": "北門公學校", "TYPE": "學校" }, "geometry": { "type": "Point", "coordinates": [ 120.124612832223221, 23.265336691138607 ] } },
{ "type": "Feature", "properties": { "NAME": "北門公學校蚵寮分教場", "TYPE": "學校" }, "geometry": { "type": "Point", "coordinates": [ 120.137726858572435, 23.286384234191626 ] } },
{ "type": "Feature", "properties": { "NAME": "番子厝公學校", "TYPE": "學校" }, "geometry": { "type": "Point", "coordinates": [ 120.243304367875055, 23.29206116310214 ] } },
{ "type": "Feature", "properties": { "NAME": "義竹公學校過路子分教場", "TYPE": "學校" }, "geometry": { "type": "Point", "coordinates": [ 120.208183231252832, 23.306009415760858 ] } },
{ "type": "Feature", "properties": { "NAME": "溪洲公學校", "TYPE": "學校" }, "geometry": { "type": "Point", "coordinates": [ 120.201027824190135, 23.287011226674167 ] } },
{ "type": "Feature", "properties": { "NAME": "鹽水公學校", "TYPE": "學校" }, "geometry": { "type": "Point", "coordinates": [ 120.270857433884657, 23.322719928735072 ] } },
{ "type": "Feature", "properties": { "NAME": "鹽水小學校", "TYPE": "學校" }, "geometry": { "type": "Point", "coordinates": [ 120.263313819329127, 23.321305921555798 ] } },
{ "type": "Feature", "properties": { "NAME": "小腳腿公學校", "TYPE": "學校" }, "geometry": { "type": "Point", "coordinates": [ 120.368056718934383, 23.289527853087094 ] } },
{ "type": "Feature", "properties": { "NAME": "果毅後公學校", "TYPE": "學校" }, "geometry": { "type": "Point", "coordinates": [ 120.37201191698361, 23.257727859959012 ] } },
{ "type": "Feature", "properties": { "NAME": "柳營公學校", "TYPE": "學校" }, "geometry": { "type": "Point", "coordinates": [ 120.312287182784658, 23.27484844354932 ] } },
{ "type": "Feature", "properties": { "NAME": "麻豆寮公學校", "TYPE": "學校" }, "geometry": { "type": "Point", "coordinates": [ 120.296415041915452, 23.254204753335198 ] } },
{ "type": "Feature", "properties": { "NAME": "新營公學校", "TYPE": "學校" }, "geometry": { "type": "Point", "coordinates": [ 120.317044299479051, 23.305474805873288 ] } },
{ "type": "Feature", "properties": { "NAME": "番社公學校", "TYPE": "學校" }, "geometry": { "type": "Point", "coordinates": [ 120.404382956559346, 23.323343437740021 ] } },
{ "type": "Feature", "properties": { "NAME": "前大埔公學校", "TYPE": "學校" }, "geometry": { "type": "Point", "coordinates": [ 120.446328028259657, 23.265246196653987 ] } },
{ "type": "Feature", "properties": { "NAME": "北門公學校溪底寮分教場", "TYPE": "學校" }, "geometry": { "type": "Point", "coordinates": [ 120.125974054902827, 23.240824115614064 ] } },
{ "type": "Feature", "properties": { "NAME": "大山腳公學校", "TYPE": "學校" }, "geometry": { "type": "Point", "coordinates": [ 120.22042217740551, 23.192136550167895 ] } },
{ "type": "Feature", "properties": { "NAME": "麻豆公學校", "TYPE": "學校" }, "geometry": { "type": "Point", "coordinates": [ 120.253437938157688, 23.18597650152191 ] } },
{ "type": "Feature", "properties": { "NAME": "佳里興公學校", "TYPE": "學校" }, "geometry": { "type": "Point", "coordinates": [ 120.192308987460549, 23.190124202683446 ] } },
{ "type": "Feature", "properties": { "NAME": "學甲公學校", "TYPE": "學校" }, "geometry": { "type": "Point", "coordinates": [ 120.179660817315366, 23.237511723436814 ] } },
{ "type": "Feature", "properties": { "NAME": "蕭壟糖廠員工子弟學校", "TYPE": "學校" }, "geometry": { "type": "Point", "coordinates": [ 120.17818411556658, 23.172209291994783 ] } },
{ "type": "Feature", "properties": { "NAME": "番子寮公學校", "TYPE": "學校" }, "geometry": { "type": "Point", "coordinates": [ 120.152757260779708, 23.179020769204751 ] } },
{ "type": "Feature", "properties": { "NAME": "中洲公學校", "TYPE": "學校" }, "geometry": { "type": "Point", "coordinates": [ 120.16002005826337, 23.24608707295819 ] } },
{ "type": "Feature", "properties": { "NAME": "下營公學校", "TYPE": "學校" }, "geometry": { "type": "Point", "coordinates": [ 120.261213819234897, 23.231344329444671 ] } },
{ "type": "Feature", "properties": { "NAME": "六甲公學校林鳳營分教場", "TYPE": "學校" }, "geometry": { "type": "Point", "coordinates": [ 120.319696266064767, 23.24290387005383 ] } },
{ "type": "Feature", "properties": { "NAME": "六甲公學校", "TYPE": "學校" }, "geometry": { "type": "Point", "coordinates": [ 120.350226273085838, 23.225917881051451 ] } },
{ "type": "Feature", "properties": { "NAME": "六甲尋常高等小學校？", "TYPE": "學校" }, "geometry": { "type": "Point", "coordinates": [ 120.364184763271197, 23.217344731260614 ] } },
{ "type": "Feature", "properties": { "NAME": "官田公學校渡拔分教場", "TYPE": "學校" }, "geometry": { "type": "Point", "coordinates": [ 120.325552637318722, 23.169289139013106 ] } },
{ "type": "Feature", "properties": { "NAME": "官田公學校", "TYPE": "學校" }, "geometry": { "type": "Point", "coordinates": [ 120.341490460923069, 23.188747195312086 ] } },
{ "type": "Feature", "properties": { "NAME": "佳里公學校", "TYPE": "學校" }, "geometry": { "type": "Point", "coordinates": [ 120.175886196519983, 23.162961681366603 ] } },
{ "type": "Feature", "properties": { "NAME": "安業公學校", "TYPE": "學校" }, "geometry": { "type": "Point", "coordinates": [ 120.245999803523787, 23.160004435413025 ] } },
{ "type": "Feature", "properties": { "NAME": "安定公學校", "TYPE": "學校" }, "geometry": { "type": "Point", "coordinates": [ 120.237287534564203, 23.1203673567388 ] } },
{ "type": "Feature", "properties": { "NAME": "南安公學校", "TYPE": "學校" }, "geometry": { "type": "Point", "coordinates": [ 120.224389682439224, 23.098386127817108 ] } },
{ "type": "Feature", "properties": { "NAME": "西港公學校", "TYPE": "學校" }, "geometry": { "type": "Point", "coordinates": [ 120.202400885582904, 23.120200173485671 ] } },
{ "type": "Feature", "properties": { "NAME": "後營公學校", "TYPE": "學校" }, "geometry": { "type": "Point", "coordinates": [ 120.216368699694542, 23.140303510208099 ] } },
{ "type": "Feature", "properties": { "NAME": "七十二分公學校", "TYPE": "學校" }, "geometry": { "type": "Point", "coordinates": [ 120.158957036852811, 23.101899322247636 ] } },
{ "type": "Feature", "properties": { "NAME": "七股公學校", "TYPE": "學校" }, "geometry": { "type": "Point", "coordinates": [ 120.139220300946477, 23.139796839292657 ] } },
{ "type": "Feature", "properties": { "NAME": "茄拔公學校", "TYPE": "學校" }, "geometry": { "type": "Point", "coordinates": [ 120.32479290350949, 23.138048265310438 ] } },
{ "type": "Feature", "properties": { "NAME": "大內公學校", "TYPE": "學校" }, "geometry": { "type": "Point", "coordinates": [ 120.360523427131113, 23.118745937068255 ] } },
{ "type": "Feature", "properties": { "NAME": "善化公學校", "TYPE": "學校" }, "geometry": { "type": "Point", "coordinates": [ 120.288221468819955, 23.135389443698614 ] } },
{ "type": "Feature", "properties": { "NAME": "七十二分公學校土城分教場", "TYPE": "學校" }, "geometry": { "type": "Point", "coordinates": [ 120.130346794703016, 23.06067327342107 ] } },
{ "type": "Feature", "properties": { "NAME": "安順公學校", "TYPE": "學校" }, "geometry": { "type": "Point", "coordinates": [ 120.202880226077383, 23.051707830940408 ] } },
{ "type": "Feature", "properties": { "NAME": "台灣製糖工場員工子弟學校？", "TYPE": "學校" }, "geometry": { "type": "Point", "coordinates": [ 120.242951322363893, 23.053874403060661 ] } },
{ "type": "Feature", "properties": { "NAME": "永康公學校三崁店分教場", "TYPE": "學校" }, "geometry": { "type": "Point", "coordinates": [ 120.236925911986731, 23.042191128818459 ] } },
{ "type": "Feature", "properties": { "NAME": "永康公學校", "TYPE": "學校" }, "geometry": { "type": "Point", "coordinates": [ 120.256949700979007, 23.025393565884137 ] } },
{ "type": "Feature", "properties": { "NAME": "第一中學校", "TYPE": "學校" }, "geometry": { "type": "Point", "coordinates": [ 120.213110805177052, 23.004820523945916 ] } },
{ "type": "Feature", "properties": { "NAME": "台南花園尋常高等小學校", "TYPE": "學校" }, "geometry": { "type": "Point", "coordinates": [ 120.209267281433398, 23.000076832866426 ] } },
{ "type": "Feature", "properties": { "NAME": "台南第二公學校", "TYPE": "學校" }, "geometry": { "type": "Point", "coordinates": [ 120.201588192071, 23.001118453026905 ] } },
{ "type": "Feature", "properties": { "NAME": "安順公學校媽祖宮分教場", "TYPE": "學校" }, "geometry": { "type": "Point", "coordinates": [ 120.1744860996629, 23.049239414925641 ] } },
{ "type": "Feature", "properties": { "NAME": "安平尋常高等小學校", "TYPE": "學校" }, "geometry": { "type": "Point", "coordinates": [ 120.16028967131065, 23.000107361105592 ] } },
{ "type": "Feature", "properties": { "NAME": "安平公學校", "TYPE": "學校" }, "geometry": { "type": "Point", "coordinates": [ 120.165792549712833, 22.999813596509014 ] } },
{ "type": "Feature", "properties": { "NAME": "新市公學校", "TYPE": "學校" }, "geometry": { "type": "Point", "coordinates": [ 120.295877205716394, 23.078011973044184 ] } },
{ "type": "Feature", "properties": { "NAME": "新化公學校", "TYPE": "學校" }, "geometry": { "type": "Point", "coordinates": [ 120.311216650861027, 23.037453156211654 ] } },
{ "type": "Feature", "properties": { "NAME": "大灣公學校", "TYPE": "學校" }, "geometry": { "type": "Point", "coordinates": [ 120.267714059885236, 23.004962582567217 ] } },
{ "type": "Feature", "properties": { "NAME": "鹽埕公學校下鯤魚身分教場", "TYPE": "學校" }, "geometry": { "type": "Point", "coordinates": [ 120.169009235658351, 22.961287200604289 ] } },
{ "type": "Feature", "properties": { "NAME": "永寧公學校", "TYPE": "學校" }, "geometry": { "type": "Point", "coordinates": [ 120.179621597990135, 22.932623231925138 ] } },
{ "type": "Feature", "properties": { "NAME": "車路墘公學校", "TYPE": "學校" }, "geometry": { "type": "Point", "coordinates": [ 120.235303617220936, 22.922754817102827 ] } },
{ "type": "Feature", "properties": { "NAME": "車路墘尋常小學校", "TYPE": "學校" }, "geometry": { "type": "Point", "coordinates": [ 120.230467422976787, 22.945298169851252 ] } },
{ "type": "Feature", "properties": { "NAME": "仁德公學校", "TYPE": "學校" }, "geometry": { "type": "Point", "coordinates": [ 120.253743166914859, 22.961721289033697 ] } },
{ "type": "Feature", "properties": { "NAME": "鹽埕公學校", "TYPE": "學校" }, "geometry": { "type": "Point", "coordinates": [ 120.18975998330852, 22.971522626789238 ] } },
{ "type": "Feature", "properties": { "NAME": "台南第二高等女學校", "TYPE": "學校" }, "geometry": { "type": "Point", "coordinates": [ 120.202775052781774, 22.98381515153844 ] } },
{ "type": "Feature", "properties": { "NAME": "師範學校", "TYPE": "學校" }, "geometry": { "type": "Point", "coordinates": [ 120.207191280429726, 22.983887027670853 ] } },
{ "type": "Feature", "properties": { "NAME": "附屬公學校", "TYPE": "學校" }, "geometry": { "type": "Point", "coordinates": [ 120.208939826740774, 22.985274879120876 ] } },
{ "type": "Feature", "properties": { "NAME": "台南第一高等女學校", "TYPE": "學校" }, "geometry": { "type": "Point", "coordinates": [ 120.206218059604552, 22.986428630408305 ] } },
{ "type": "Feature", "properties": { "NAME": "台南南門尋常小學校", "TYPE": "學校" }, "geometry": { "type": "Point", "coordinates": [ 120.202577022651951, 22.988015033291198 ] } },
{ "type": "Feature", "properties": { "NAME": "台南神學院", "TYPE": "學校" }, "geometry": { "type": "Point", "coordinates": [ 120.213698737037006, 22.988717450188247 ] } },
{ "type": "Feature", "properties": { "NAME": "長老教中學校", "TYPE": "學校" }, "geometry": { "type": "Point", "coordinates": [ 120.221269443969518, 22.989365972137271 ] } },
{ "type": "Feature", "properties": { "NAME": "台南第二中學校", "TYPE": "學校" }, "geometry": { "type": "Point", "coordinates": [ 120.216366804636024, 22.993908572000564 ] } },
{ "type": "Feature", "properties": { "NAME": "長老教女學校", "TYPE": "學校" }, "geometry": { "type": "Point", "coordinates": [ 120.218475624560313, 22.991348886287966 ] } },
{ "type": "Feature", "properties": { "NAME": "盲啞學校", "TYPE": "學校" }, "geometry": { "type": "Point", "coordinates": [ 120.210490503518201, 22.993566392275795 ] } },
{ "type": "Feature", "properties": { "NAME": "西門尋常小學校", "TYPE": "學校" }, "geometry": { "type": "Point", "coordinates": [ 120.201405620890085, 22.992214964601477 ] } },
{ "type": "Feature", "properties": { "NAME": "明治公學校", "TYPE": "學校" }, "geometry": { "type": "Point", "coordinates": [ 120.203424785938324, 22.997604396788212 ] } },
{ "type": "Feature", "properties": { "NAME": "台南女子公學校", "TYPE": "學校" }, "geometry": { "type": "Point", "coordinates": [ 120.198233283971661, 22.994468276121992 ] } },
{ "type": "Feature", "properties": { "NAME": "媽祖廟公學校", "TYPE": "學校" }, "geometry": { "type": "Point", "coordinates": [ 120.294519187405569, 22.99292444196178 ] } },
{ "type": "Feature", "properties": { "NAME": "關廟公學校埤子頭分教場", "TYPE": "學校" }, "geometry": { "type": "Point", "coordinates": [ 120.309896420835031, 22.989920509093679 ] } },
{ "type": "Feature", "properties": { "NAME": "關廟公學校", "TYPE": "學校" }, "geometry": { "type": "Point", "coordinates": [ 120.325342570634746, 22.963913202535149 ] } },
{ "type": "Feature", "properties": { "NAME": "歸仁公學校", "TYPE": "學校" }, "geometry": { "type": "Point", "coordinates": [ 120.297065007441176, 22.971126111836107 ] } },
{ "type": "Feature", "properties": { "NAME": "頂茄萣公學校", "TYPE": "學校" }, "geometry": { "type": "Point", "coordinates": [ 120.181255266370258, 22.904148533827577 ] } },
{ "type": "Feature", "properties": { "NAME": "湖內第一公學校竹滬分教場", "TYPE": "學校" }, "geometry": { "type": "Point", "coordinates": [ 120.230360685781832, 22.86188811943352 ] } },
{ "type": "Feature", "properties": { "NAME": "湖內第一公學校", "TYPE": "學校" }, "geometry": { "type": "Point", "coordinates": [ 120.243908000963202, 22.887752866425242 ] } },
{ "type": "Feature", "properties": { "NAME": "湖內第一公學校圍子內分教場", "TYPE": "學校" }, "geometry": { "type": "Point", "coordinates": [ 120.213535967884525, 22.908276154503376 ] } },
{ "type": "Feature", "properties": { "NAME": "阿蓮公學校中路分教場", "TYPE": "學校" }, "geometry": { "type": "Point", "coordinates": [ 120.298294394008821, 22.894940143030698 ] } },
{ "type": "Feature", "properties": { "NAME": "路竹公學校新園分教場", "TYPE": "學校" }, "geometry": { "type": "Point", "coordinates": [ 120.289745541329196, 22.868765283060426 ] } },
{ "type": "Feature", "properties": { "NAME": "路竹公學校", "TYPE": "學校" }, "geometry": { "type": "Point", "coordinates": [ 120.26530009933424, 22.8666291606241 ] } },
{ "type": "Feature", "properties": { "NAME": "路竹公學校三爺埤分教場", "TYPE": "學校" }, "geometry": { "type": "Point", "coordinates": [ 120.280324240695606, 22.836520477694773 ] } },
{ "type": "Feature", "properties": { "NAME": "阿蓮公學校", "TYPE": "學校" }, "geometry": { "type": "Point", "coordinates": [ 120.329345252169588, 22.883313875334334 ] } },
{ "type": "Feature", "properties": { "NAME": "田寮公學校狗氳氤分教場", "TYPE": "學校" }, "geometry": { "type": "Point", "coordinates": [ 120.379225964884327, 22.877791930062635 ] } },
{ "type": "Feature", "properties": { "NAME": "田寮公學校", "TYPE": "學校" }, "geometry": { "type": "Point", "coordinates": [ 120.405998800300125, 22.837169550730014 ] } },
{ "type": "Feature", "properties": { "NAME": "旗山第二公學校", "TYPE": "學校" }, "geometry": { "type": "Point", "coordinates": [ 120.464819985156979, 22.847801246481456 ] } },
{ "type": "Feature", "properties": { "NAME": "旗山第一公學校", "TYPE": "學校" }, "geometry": { "type": "Point", "coordinates": [ 120.480768194229299, 22.888133554626265 ] } },
{ "type": "Feature", "properties": { "NAME": "美濃公學校", "TYPE": "學校" }, "geometry": { "type": "Point", "coordinates": [ 120.542465400226078, 22.900238367090861 ] } },
{ "type": "Feature", "properties": { "NAME": "龍肚公學校", "TYPE": "學校" }, "geometry": { "type": "Point", "coordinates": [ 120.580319588482709, 22.885511898689813 ] } },
{ "type": "Feature", "properties": { "NAME": "手巾寮公學校", "TYPE": "學校" }, "geometry": { "type": "Point", "coordinates": [ 120.521104702512261, 22.861629883293034 ] } },
{ "type": "Feature", "properties": { "NAME": "新厝公學校", "TYPE": "學校" }, "geometry": { "type": "Point", "coordinates": [ 120.224748607586776, 22.815367976755375 ] } },
{ "type": "Feature", "properties": { "NAME": "彌陀公學校", "TYPE": "學校" }, "geometry": { "type": "Point", "coordinates": [ 120.247352390037918, 22.783288243544291 ] } },
{ "type": "Feature", "properties": { "NAME": "岡山公學校五甲尾分教場", "TYPE": "學校" }, "geometry": { "type": "Point", "coordinates": [ 120.305243474507478, 22.820845862584694 ] } },
{ "type": "Feature", "properties": { "NAME": "燕巢公學校", "TYPE": "學校" }, "geometry": { "type": "Point", "coordinates": [ 120.366220420696067, 22.794772618856005 ] } },
{ "type": "Feature", "properties": { "NAME": "仕隆公學校", "TYPE": "學校" }, "geometry": { "type": "Point", "coordinates": [ 120.311505363563555, 22.751277252162158 ] } },
{ "type": "Feature", "properties": { "NAME": "彌陀第一公學校", "TYPE": "學校" }, "geometry": { "type": "Point", "coordinates": [ 120.26569583154091, 22.759726174343637 ] } },
{ "type": "Feature", "properties": { "NAME": "岡山公學校", "TYPE": "學校" }, "geometry": { "type": "Point", "coordinates": [ 120.293558168608143, 22.791143138540935 ] } },
{ "type": "Feature", "properties": { "NAME": "里港公學校土庫分教場", "TYPE": "學校" }, "geometry": { "type": "Point", "coordinates": [ 120.507884228127381, 22.818218198755236 ] } },
{ "type": "Feature", "properties": { "NAME": "千歲國民學校", "TYPE": "學校" }, "geometry": { "type": "Point", "coordinates": [ 120.49208125188143, 22.807032683448391 ] } },
{ "type": "Feature", "properties": { "NAME": "里港公學校", "TYPE": "學校" }, "geometry": { "type": "Point", "coordinates": [ 120.494720999398979, 22.780926258868124 ] } },
{ "type": "Feature", "properties": { "NAME": "九塊厝公學校", "TYPE": "學校" }, "geometry": { "type": "Point", "coordinates": [ 120.50083098086715, 22.755047605179083 ] } },
{ "type": "Feature", "properties": { "NAME": "蚵子寮公學校", "TYPE": "學校" }, "geometry": { "type": "Point", "coordinates": [ 120.248554469227059, 22.732867214087246 ] } },
{ "type": "Feature", "properties": { "NAME": "田子國民學校", "TYPE": "學校" }, "geometry": { "type": "Point", "coordinates": [ 120.577336165169015, 22.803634819202461 ] } },
{ "type": "Feature", "properties": { "NAME": "高樹公學校", "TYPE": "學校" }, "geometry": { "type": "Point", "coordinates": [ 120.599283837783574, 22.826078968500656 ] } },
{ "type": "Feature", "properties": { "NAME": "日出公學校", "TYPE": "學校" }, "geometry": { "type": "Point", "coordinates": [ 120.614272994892289, 22.787892985878287 ] } },
{ "type": "Feature", "properties": { "NAME": "鹽埔公學校", "TYPE": "學校" }, "geometry": { "type": "Point", "coordinates": [ 120.575802459742661, 22.75338679985034 ] } },
{ "type": "Feature", "properties": { "NAME": "楠梓公學校", "TYPE": "學校" }, "geometry": { "type": "Point", "coordinates": [ 120.328917529671145, 22.733862796848104 ] } },
{ "type": "Feature", "properties": { "NAME": "大社公學校", "TYPE": "學校" }, "geometry": { "type": "Point", "coordinates": [ 120.345410411547405, 22.730670451841775 ] } },
{ "type": "Feature", "properties": { "NAME": "左營尋常小學", "TYPE": "學校" }, "geometry": { "type": "Point", "coordinates": [ 120.293474259694293, 22.691054075236163 ] } },
{ "type": "Feature", "properties": { "NAME": "左營第一公學校", "TYPE": "學校" }, "geometry": { "type": "Point", "coordinates": [ 120.292225723253878, 22.683617613480958 ] } },
{ "type": "Feature", "properties": { "NAME": "大樹公學校", "TYPE": "學校" }, "geometry": { "type": "Point", "coordinates": [ 120.434437127020104, 22.688681069943801 ] } },
{ "type": "Feature", "properties": { "NAME": "溪埔公學校", "TYPE": "學校" }, "geometry": { "type": "Point", "coordinates": [ 120.442863922830298, 22.722930125616124 ] } },
{ "type": "Feature", "properties": { "NAME": "九塊公學校", "TYPE": "學校" }, "geometry": { "type": "Point", "coordinates": [ 120.489672458286918, 22.735201143539761 ] } },
{ "type": "Feature", "properties": { "NAME": "屏東公學校海豐分教場", "TYPE": "學校" }, "geometry": { "type": "Point", "coordinates": [ 120.507241845290736, 22.698150359020083 ] } },
{ "type": "Feature", "properties": { "NAME": "屏東中學校", "TYPE": "學校" }, "geometry": { "type": "Point", "coordinates": [ 120.488175545649952, 22.687506456808467 ] } },
{ "type": "Feature", "properties": { "NAME": "屏東商業學校", "TYPE": "學校" }, "geometry": { "type": "Point", "coordinates": [ 120.485726840181215, 22.680605814605514 ] } },
{ "type": "Feature", "properties": { "NAME": "屏東高等女學校", "TYPE": "學校" }, "geometry": { "type": "Point", "coordinates": [ 120.494072166855673, 22.674513638193435 ] } },
{ "type": "Feature", "properties": { "NAME": "大宮國民學校", "TYPE": "學校" }, "geometry": { "type": "Point", "coordinates": [ 120.494600717673805, 22.676726352108528 ] } },
{ "type": "Feature", "properties": { "NAME": "屏東師範學校", "TYPE": "學校" }, "geometry": { "type": "Point", "coordinates": [ 120.499091858055905, 22.669130151586323 ] } },
{ "type": "Feature", "properties": { "NAME": "榮國民學校", "TYPE": "學校" }, "geometry": { "type": "Point", "coordinates": [ 120.487532889387211, 22.673490161629459 ] } },
{ "type": "Feature", "properties": { "NAME": "黑金國民學校", "TYPE": "學校" }, "geometry": { "type": "Point", "coordinates": [ 120.485419110299361, 22.671905020947847 ] } },
{ "type": "Feature", "properties": { "NAME": "林內國民學校", "TYPE": "學校" }, "geometry": { "type": "Point", "coordinates": [ 120.476740067105254, 22.666830495402653 ] } },
{ "type": "Feature", "properties": { "NAME": "屏東農業學校", "TYPE": "學校" }, "geometry": { "type": "Point", "coordinates": [ 120.504386339160234, 22.66575946830433 ] } },
{ "type": "Feature", "properties": { "NAME": "番子寮國民學校", "TYPE": "學校" }, "geometry": { "type": "Point", "coordinates": [ 120.572589595772541, 22.702326585598637 ] } },
{ "type": "Feature", "properties": { "NAME": "長興國民學校", "TYPE": "學校" }, "geometry": { "type": "Point", "coordinates": [ 120.525506356997525, 22.676859999992821 ] } },
{ "type": "Feature", "properties": { "NAME": "高雄第三公學校內惟分教場", "TYPE": "學校" }, "geometry": { "type": "Point", "coordinates": [ 120.276325606262773, 22.657647740137133 ] } },
{ "type": "Feature", "properties": { "NAME": "高雄第一尋常高等小學", "TYPE": "學校" }, "geometry": { "type": "Point", "coordinates": [ 120.274301577118024, 22.6526057114026 ] } },
{ "type": "Feature", "properties": { "NAME": "打狗第一小學校", "TYPE": "學校" }, "geometry": { "type": "Point", "coordinates": [ 120.271898871733754, 22.624033760400163 ] } },
{ "type": "Feature", "properties": { "NAME": "千歲公學校", "TYPE": "學校" }, "geometry": { "type": "Point", "coordinates": [ 120.286897408968414, 22.63435737005361 ] } },
{ "type": "Feature", "properties": { "NAME": "旭公學校", "TYPE": "學校" }, "geometry": { "type": "Point", "coordinates": [ 120.291219418990934, 22.636672417080693 ] } },
{ "type": "Feature", "properties": { "NAME": "高雄中學校", "TYPE": "學校" }, "geometry": { "type": "Point", "coordinates": [ 120.298422656127485, 22.638592867176957 ] } },
{ "type": "Feature", "properties": { "NAME": "高雄商業學校", "TYPE": "學校" }, "geometry": { "type": "Point", "coordinates": [ 120.309535255601276, 22.624957978964364 ] } },
{ "type": "Feature", "properties": { "NAME": "大和尋常小學", "TYPE": "學校" }, "geometry": { "type": "Point", "coordinates": [ 120.294871774770314, 22.625370316624412 ] } },
{ "type": "Feature", "properties": { "NAME": "高雄高等女學校", "TYPE": "學校" }, "geometry": { "type": "Point", "coordinates": [ 120.293070729054932, 22.620825629906196 ] } },
{ "type": "Feature", "properties": { "NAME": "高雄第二公學校", "TYPE": "學校" }, "geometry": { "type": "Point", "coordinates": [ 120.300153450124512, 22.614771288983725 ] } },
{ "type": "Feature", "properties": { "NAME": "高雄高等工業學校", "TYPE": "學校" }, "geometry": { "type": "Point", "coordinates": [ 120.307990544040834, 22.604583736101624 ] } },
{ "type": "Feature", "properties": { "NAME": "五甲公學校", "TYPE": "學校" }, "geometry": { "type": "Point", "coordinates": [ 120.334079381466964, 22.598216451571613 ] } },
{ "type": "Feature", "properties": { "NAME": "鳥松公學校", "TYPE": "學校" }, "geometry": { "type": "Point", "coordinates": [ 120.361026141790305, 22.662957860432542 ] } },
{ "type": "Feature", "properties": { "NAME": "鳳山園藝專修學校", "TYPE": "學校" }, "geometry": { "type": "Point", "coordinates": [ 120.345997572317145, 22.631160559738348 ] } },
{ "type": "Feature", "properties": { "NAME": "鳳山西國民學校", "TYPE": "學校" }, "geometry": { "type": "Point", "coordinates": [ 120.356059891005387, 22.62470995816718 ] } },
{ "type": "Feature", "properties": { "NAME": "鳳山小學校", "TYPE": "學校" }, "geometry": { "type": "Point", "coordinates": [ 120.35756981240705, 22.627661176598856 ] } },
{ "type": "Feature", "properties": { "NAME": "大東公學校", "TYPE": "學校" }, "geometry": { "type": "Point", "coordinates": [ 120.362877933224539, 22.62460017131907 ] } },
{ "type": "Feature", "properties": { "NAME": "平和國民學校", "TYPE": "學校" }, "geometry": { "type": "Point", "coordinates": [ 120.271384233219464, 22.60815936291603 ] } },
{ "type": "Feature", "properties": { "NAME": "屏東公學校公館分教場", "TYPE": "學校" }, "geometry": { "type": "Point", "coordinates": [ 120.481567247466828, 22.637308731059804 ] } },
{ "type": "Feature", "properties": { "NAME": "社皮公學校", "TYPE": "學校" }, "geometry": { "type": "Point", "coordinates": [ 120.468365634112573, 22.614586438586084 ] } },
{ "type": "Feature", "properties": { "NAME": "萬丹農業專修學校", "TYPE": "學校" }, "geometry": { "type": "Point", "coordinates": [ 120.487804101569722, 22.596379411537349 ] } },
{ "type": "Feature", "properties": { "NAME": "萬丹公學校", "TYPE": "學校" }, "geometry": { "type": "Point", "coordinates": [ 120.488465191043318, 22.582733077833936 ] } },
{ "type": "Feature", "properties": { "NAME": "大寮公學校中庄分教場", "TYPE": "學校" }, "geometry": { "type": "Point", "coordinates": [ 120.397565359374539, 22.6342772469898 ] } },
{ "type": "Feature", "properties": { "NAME": "九曲堂公學校", "TYPE": "學校" }, "geometry": { "type": "Point", "coordinates": [ 120.423517494608035, 22.655823313202621 ] } },
{ "type": "Feature", "properties": { "NAME": "鳥松公學校田草埔分教場", "TYPE": "學校" }, "geometry": { "type": "Point", "coordinates": [ 120.394085896875779, 22.658997595529748 ] } },
{ "type": "Feature", "properties": { "NAME": "屏東市錦國民學校", "TYPE": "學校" }, "geometry": { "type": "Point", "coordinates": [ 120.509605503513669, 22.658899297857214 ] } },
{ "type": "Feature", "properties": { "NAME": "長興公學校", "TYPE": "學校" }, "geometry": { "type": "Point", "coordinates": [ 120.522101820720223, 22.64771939966672 ] } },
{ "type": "Feature", "properties": { "NAME": "西勢公學校", "TYPE": "學校" }, "geometry": { "type": "Point", "coordinates": [ 120.525866671803044, 22.62126621174334 ] } },
{ "type": "Feature", "properties": { "NAME": "竹田公學校", "TYPE": "學校" }, "geometry": { "type": "Point", "coordinates": [ 120.544145293653784, 22.581672049699577 ] } },
{ "type": "Feature", "properties": { "NAME": "內埔農業專修學校", "TYPE": "學校" }, "geometry": { "type": "Point", "coordinates": [ 120.57061540563754, 22.611887726342061 ] } },
{ "type": "Feature", "properties": { "NAME": "內埔第一公學校", "TYPE": "學校" }, "geometry": { "type": "Point", "coordinates": [ 120.566613069533517, 22.609486636524164 ] } },
{ "type": "Feature", "properties": { "NAME": "新北勢公學校", "TYPE": "學校" }, "geometry": { "type": "Point", "coordinates": [ 120.540748063077004, 22.626648802326166 ] } },
{ "type": "Feature", "properties": { "NAME": "內埔第二公學校", "TYPE": "學校" }, "geometry": { "type": "Point", "coordinates": [ 120.574341305124065, 22.636609424836013 ] } },
{ "type": "Feature", "properties": { "NAME": "五溝水公學校", "TYPE": "學校" }, "geometry": { "type": "Point", "coordinates": [ 120.594049709976886, 22.590185295786323 ] } },
{ "type": "Feature", "properties": { "NAME": "大林蒲公學校", "TYPE": "學校" }, "geometry": { "type": "Point", "coordinates": [ 120.342402008692019, 22.526152170787231 ] } },
{ "type": "Feature", "properties": { "NAME": "大林蒲公學校紅毛港分教場", "TYPE": "學校" }, "geometry": { "type": "Point", "coordinates": [ 120.325809963895182, 22.542511747504246 ] } },
{ "type": "Feature", "properties": { "NAME": "林園農業專修學校", "TYPE": "學校" }, "geometry": { "type": "Point", "coordinates": [ 120.394266129852909, 22.513293098525686 ] } },
{ "type": "Feature", "properties": { "NAME": "林園公學校", "TYPE": "學校" }, "geometry": { "type": "Point", "coordinates": [ 120.393579621060198, 22.507101863625337 ] } },
{ "type": "Feature", "properties": { "NAME": "赤崁公學校", "TYPE": "學校" }, "geometry": { "type": "Point", "coordinates": [ 120.408546893780382, 22.541850406718424 ] } },
{ "type": "Feature", "properties": { "NAME": "東港公學校新園分教場", "TYPE": "學校" }, "geometry": { "type": "Point", "coordinates": [ 120.461050743567284, 22.54381587540815 ] } },
{ "type": "Feature", "properties": { "NAME": "新庄子公學校", "TYPE": "學校" }, "geometry": { "type": "Point", "coordinates": [ 120.480478020102751, 22.561829501803029 ] } },
{ "type": "Feature", "properties": { "NAME": "潮州淑德女學校", "TYPE": "學校" }, "geometry": { "type": "Point", "coordinates": [ 120.545220882803363, 22.549002411512578 ] } },
{ "type": "Feature", "properties": { "NAME": "潮州尋常高等小學校", "TYPE": "學校" }, "geometry": { "type": "Point", "coordinates": [ 120.543695375220835, 22.547699529501916 ] } },
{ "type": "Feature", "properties": { "NAME": "潮州公學校", "TYPE": "學校" }, "geometry": { "type": "Point", "coordinates": [ 120.541280127153598, 22.548033334749732 ] } },
{ "type": "Feature", "properties": { "NAME": "萬巒公學校", "TYPE": "學校" }, "geometry": { "type": "Point", "coordinates": [ 120.572780816858128, 22.571724270386852 ] } },
{ "type": "Feature", "properties": { "NAME": "崁頂公學校", "TYPE": "學校" }, "geometry": { "type": "Point", "coordinates": [ 120.51187720254643, 22.513620081040191 ] } },
{ "type": "Feature", "properties": { "NAME": "東港公學校", "TYPE": "學校" }, "geometry": { "type": "Point", "coordinates": [ 120.454769949228549, 22.469936486371793 ] } },
{ "type": "Feature", "properties": { "NAME": "烏龍公學校", "TYPE": "學校" }, "geometry": { "type": "Point", "coordinates": [ 120.457593361562033, 22.487812408082057 ] } },
{ "type": "Feature", "properties": { "NAME": "東港公學校大潭新分教場", "TYPE": "學校" }, "geometry": { "type": "Point", "coordinates": [ 120.495548730756425, 22.456851455312712 ] } },
{ "type": "Feature", "properties": { "NAME": "竹子腳公學校", "TYPE": "學校" }, "geometry": { "type": "Point", "coordinates": [ 120.53351512000782, 22.463895798247634 ] } },
{ "type": "Feature", "properties": { "NAME": "佳冬公學校昌隆分教場", "TYPE": "學校" }, "geometry": { "type": "Point", "coordinates": [ 120.560734445326972, 22.446439174899876 ] } },
{ "type": "Feature", "properties": { "NAME": "佳冬公學校", "TYPE": "學校" }, "geometry": { "type": "Point", "coordinates": [ 120.549950849921757, 22.41605962287273 ] } },
{ "type": "Feature", "properties": { "NAME": "佳冬農業專修學校", "TYPE": "學校" }, "geometry": { "type": "Point", "coordinates": [ 120.563995003250497, 22.413896902915798 ] } },
{ "type": "Feature", "properties": { "NAME": "枋寮公學校", "TYPE": "學校" }, "geometry": { "type": "Point", "coordinates": [ 120.590648453691486, 22.367261164926145 ] } },
{ "type": "Feature", "properties": { "NAME": "白沙島公學校吉貝分教室", "TYPE": "學校" }, "geometry": { "type": "Point", "coordinates": [ 119.610535106160057, 23.740799166308513 ] } },
{ "type": "Feature", "properties": { "NAME": "小池角公學校", "TYPE": "學校" }, "geometry": { "type": "Point", "coordinates": [ 119.50677676582059, 23.600815164280327 ] } },
{ "type": "Feature", "properties": { "NAME": "通梁公學校", "TYPE": "學校" }, "geometry": { "type": "Point", "coordinates": [ 119.559770069300185, 23.656227233694114 ] } },
{ "type": "Feature", "properties": { "NAME": "白沙島公學校港尾分教場", "TYPE": "學校" }, "geometry": { "type": "Point", "coordinates": [ 119.59930706741298, 23.631914808855676 ] } },
{ "type": "Feature", "properties": { "NAME": "白沙公學校", "TYPE": "學校" }, "geometry": { "type": "Point", "coordinates": [ 119.592024270347309, 23.654666810307937 ] } },
{ "type": "Feature", "properties": { "NAME": "湖西公學校", "TYPE": "學校" }, "geometry": { "type": "Point", "coordinates": [ 119.662437246176893, 23.582982899206048 ] } },
{ "type": "Feature", "properties": { "NAME": "馬公公學校", "TYPE": "學校" }, "geometry": { "type": "Point", "coordinates": [ 119.566433019911855, 23.567019138561108 ] } },
{ "type": "Feature", "properties": { "NAME": "文石書院", "TYPE": "學校" }, "geometry": { "type": "Point", "coordinates": [ 119.58083169430455, 23.56572467267835 ] } },
{ "type": "Feature", "properties": { "NAME": "湖西公學校隘門分教場", "TYPE": "學校" }, "geometry": { "type": "Point", "coordinates": [ 119.635770344099058, 23.561896378784034 ] } },
{ "type": "Feature", "properties": { "NAME": "望安公學校", "TYPE": "學校" }, "geometry": { "type": "Point", "coordinates": [ 119.497274071945981, 23.35973274972682 ] } },
{ "type": "Feature", "properties": { "NAME": "關廟公學校龜洞分教場", "TYPE": "學校" }, "geometry": { "type": "Point", "coordinates": [ 120.351526103998367, 22.902439380487529 ] } },
{ "type": "Feature", "properties": { "NAME": "溪洲公學校", "TYPE": "學校" }, "geometry": { "type": "Point", "coordinates": [ 120.507639805055732, 22.488365927156213 ] } },
{ "type": "Feature", "properties": { "NAME": "琉球公學校", "TYPE": "學校" }, "geometry": { "type": "Point", "coordinates": [ 120.368351245726188, 22.337101856877606 ] } },
{ "type": "Feature", "properties": { "NAME": "臺中州廳", "TYPE": "官署" }, "geometry": { "type": "Point", "coordinates": [ 120.677053477488329, 24.140011718020165 ] } },
{ "type": "Feature", "properties": { "NAME": "新竹州廳", "TYPE": "官署" }, "geometry": { "type": "Point", "coordinates": [ 120.969082763040603, 24.807613318686307 ] } },
{ "type": "Feature", "properties": { "NAME": "臺南州廳", "TYPE": "官署" }, "geometry": { "type": "Point", "coordinates": [ 120.20456000409915, 22.991169342451698 ] } },
{ "type": "Feature", "properties": { "NAME": "高雄州廳", "TYPE": "官署" }, "geometry": { "type": "Point", "coordinates": [ 120.289915377448196, 22.626039419112921 ] } },
{ "type": "Feature", "properties": { "NAME": "臺北州廳", "TYPE": "官署" }, "geometry": { "type": "Point", "coordinates": [ 121.520300431663955, 25.04511926175627 ] } },
{ "type": "Feature", "properties": { "NAME": "臺中市役所", "TYPE": "官署" }, "geometry": { "type": "Point", "coordinates": [ 120.679049264853361, 24.137862176817308 ] } },
{ "type": "Feature", "properties": { "NAME": "基隆市役所", "TYPE": "官署" }, "geometry": { "type": "Point", "coordinates": [ 121.740822852909474, 25.130411911277374 ] } },
{ "type": "Feature", "properties": { "NAME": "臺南市役所", "TYPE": "官署" }, "geometry": { "type": "Point", "coordinates": [ 120.204523920119556, 22.990610563076835 ] } },
{ "type": "Feature", "properties": { "NAME": "屏東市役所", "TYPE": "官署" }, "geometry": { "type": "Point", "coordinates": [ 120.489514499438968, 22.673985451678426 ] } },
{ "type": "Feature", "properties": { "NAME": "高雄市役所", "TYPE": "官署" }, "geometry": { "type": "Point", "coordinates": [ 120.286879805534937, 22.626571224483392 ] } },
{ "type": "Feature", "properties": { "NAME": "臺北市役所", "TYPE": "官署" }, "geometry": { "type": "Point", "coordinates": [ 121.520399637683809, 25.04590381724503 ] } },
{ "type": "Feature", "properties": { "NAME": "臺中地方法院大甲出張所", "TYPE": "官署" }, "geometry": { "type": "Point", "coordinates": [ 120.626209590884002, 24.345376800933945 ] } },
{ "type": "Feature", "properties": { "NAME": "臺中地方法院東勢出張所", "TYPE": "官署" }, "geometry": { "type": "Point", "coordinates": [ 120.82799195331603, 24.254782822313118 ] } },
{ "type": "Feature", "properties": { "NAME": "臺中地方法院", "TYPE": "官署" }, "geometry": { "type": "Point", "coordinates": [ 120.675364291624788, 24.134842929392192 ] } },
{ "type": "Feature", "properties": { "NAME": "臺北地方法院", "TYPE": "官署" }, "geometry": { "type": "Point", "coordinates": [ 121.511742238002356, 25.036745091394479 ] } },
{ "type": "Feature", "properties": { "NAME": "新竹地方法院", "TYPE": "官署" }, "geometry": { "type": "Point", "coordinates": [ 120.967890649913684, 24.808367602425694 ] } },
{ "type": "Feature", "properties": { "NAME": "臺北地方法院宜蘭支部", "TYPE": "官署" }, "geometry": { "type": "Point", "coordinates": [ 121.752139047485116, 24.752562927730004 ] } },
{ "type": "Feature", "properties": { "NAME": "臺北地方法院新店出張所", "TYPE": "官署" }, "geometry": { "type": "Point", "coordinates": [ 121.537543802088464, 24.958904416852246 ] } },
{ "type": "Feature", "properties": { "NAME": "臺中地方法院北斗出張所", "TYPE": "官署" }, "geometry": { "type": "Point", "coordinates": [ 120.524997575873158, 23.874646219508296 ] } },
{ "type": "Feature", "properties": { "NAME": "臺中地方法院南投出張所", "TYPE": "官署" }, "geometry": { "type": "Point", "coordinates": [ 120.683649136811127, 23.909934414690685 ] } },
{ "type": "Feature", "properties": { "NAME": "臺南地方法院北港出張所", "TYPE": "官署" }, "geometry": { "type": "Point", "coordinates": [ 120.305089468946292, 23.569160417332593 ] } },
{ "type": "Feature", "properties": { "NAME": "臺南地方法院朴子出張所", "TYPE": "官署" }, "geometry": { "type": "Point", "coordinates": [ 120.247216691779869, 23.467184289274218 ] } },
{ "type": "Feature", "properties": { "NAME": "臺南地方法院嘉義支部", "TYPE": "官署" }, "geometry": { "type": "Point", "coordinates": [ 120.457877464607677, 23.482199623694815 ] } },
{ "type": "Feature", "properties": { "NAME": "臺南地方法院鹽水出張所", "TYPE": "官署" }, "geometry": { "type": "Point", "coordinates": [ 120.265220146995119, 23.320424387809876 ] } },
{ "type": "Feature", "properties": { "NAME": "臺南地方法院麻豆出張所", "TYPE": "官署" }, "geometry": { "type": "Point", "coordinates": [ 120.247394551977123, 23.182306188125636 ] } },
{ "type": "Feature", "properties": { "NAME": "臺南地方法院新化出張所", "TYPE": "官署" }, "geometry": { "type": "Point", "coordinates": [ 120.30737711950475, 23.037957288883764 ] } },
{ "type": "Feature", "properties": { "NAME": "臺南地方法院", "TYPE": "官署" }, "geometry": { "type": "Point", "coordinates": [ 120.200792571020401, 22.989078610913616 ] } },
{ "type": "Feature", "properties": { "NAME": "臺南地方法院旗山出張所", "TYPE": "官署" }, "geometry": { "type": "Point", "coordinates": [ 120.481218487025629, 22.889109030419785 ] } },
{ "type": "Feature", "properties": { "NAME": "臺南地方法院岡山出張所", "TYPE": "官署" }, "geometry": { "type": "Point", "coordinates": [ 120.295284056007134, 22.794903133001405 ] } },
{ "type": "Feature", "properties": { "NAME": "臺南地方法院屏東出張所", "TYPE": "官署" }, "geometry": { "type": "Point", "coordinates": [ 120.488754879843484, 22.67375430802144 ] } },
{ "type": "Feature", "properties": { "NAME": "臺南地方法院高雄支部", "TYPE": "官署" }, "geometry": { "type": "Point", "coordinates": [ 120.278956597019189, 22.630516145338802 ] } },
{ "type": "Feature", "properties": { "NAME": "臺南地方法院東港出張所", "TYPE": "官署" }, "geometry": { "type": "Point", "coordinates": [ 120.450629113595554, 22.468683286945772 ] } },
{ "type": "Feature", "properties": { "NAME": "高等法院", "TYPE": "官署" }, "geometry": { "type": "Point", "coordinates": [ 121.511771595836791, 25.038348262339351 ] } },
{ "type": "Feature", "properties": { "NAME": "大甲郡役所", "TYPE": "官署" }, "geometry": { "type": "Point", "coordinates": [ 120.576330500181385, 24.269377970202363 ] } },
{ "type": "Feature", "properties": { "NAME": "豐原郡役所", "TYPE": "官署" }, "geometry": { "type": "Point", "coordinates": [ 120.715069198786509, 24.25153925031006 ] } },
{ "type": "Feature", "properties": { "NAME": "東勢郡役所", "TYPE": "官署" }, "geometry": { "type": "Point", "coordinates": [ 120.827876693706273, 24.258903089650232 ] } },
{ "type": "Feature", "properties": { "NAME": "大屯郡役所", "TYPE": "官署" }, "geometry": { "type": "Point", "coordinates": [ 120.676644008631783, 24.139244084607057 ] } },
{ "type": "Feature", "properties": { "NAME": "彰化郡役所", "TYPE": "官署" }, "geometry": { "type": "Point", "coordinates": [ 120.541496280977498, 24.078563700107335 ] } },
{ "type": "Feature", "properties": { "NAME": "基隆郡役所", "TYPE": "官署" }, "geometry": { "type": "Point", "coordinates": [ 121.746451837854224, 25.130684846922104 ] } },
{ "type": "Feature", "properties": { "NAME": "海山郡役所", "TYPE": "官署" }, "geometry": { "type": "Point", "coordinates": [ 121.458221739480834, 25.009889574384907 ] } },
{ "type": "Feature", "properties": { "NAME": "新莊郡役所", "TYPE": "官署" }, "geometry": { "type": "Point", "coordinates": [ 121.453416572123771, 25.034811976567013 ] } },
{ "type": "Feature", "properties": { "NAME": "大溪郡役所", "TYPE": "官署" }, "geometry": { "type": "Point", "coordinates": [ 121.285907954728103, 24.880618117704383 ] } },
{ "type": "Feature", "properties": { "NAME": "新竹郡役所", "TYPE": "官署" }, "geometry": { "type": "Point", "coordinates": [ 120.967014461705119, 24.80359904356758 ] } },
{ "type": "Feature", "properties": { "NAME": "宜蘭郡役所", "TYPE": "官署" }, "geometry": { "type": "Point", "coordinates": [ 121.751101466267016, 24.755091291928199 ] } },
{ "type": "Feature", "properties": { "NAME": "竹南郡役所", "TYPE": "官署" }, "geometry": { "type": "Point", "coordinates": [ 120.878002571991431, 24.686232666447136 ] } },
{ "type": "Feature", "properties": { "NAME": "竹東郡役所", "TYPE": "官署" }, "geometry": { "type": "Point", "coordinates": [ 121.086889479898687, 24.736773038285609 ] } },
{ "type": "Feature", "properties": { "NAME": "羅東郡役所", "TYPE": "官署" }, "geometry": { "type": "Point", "coordinates": [ 121.771564520228523, 24.677712867657565 ] } },
{ "type": "Feature", "properties": { "NAME": "蘇澳郡役所", "TYPE": "官署" }, "geometry": { "type": "Point", "coordinates": [ 121.853625610365071, 24.598139242657048 ] } },
{ "type": "Feature", "properties": { "NAME": "苗栗郡役所", "TYPE": "官署" }, "geometry": { "type": "Point", "coordinates": [ 120.821420818753509, 24.559615584089048 ] } },
{ "type": "Feature", "properties": { "NAME": "大湖郡役所", "TYPE": "官署" }, "geometry": { "type": "Point", "coordinates": [ 120.866231442102517, 24.423884982266951 ] } },
{ "type": "Feature", "properties": { "NAME": "淡水郡役所", "TYPE": "官署" }, "geometry": { "type": "Point", "coordinates": [ 121.436618841235742, 25.173356949354027 ] } },
{ "type": "Feature", "properties": { "NAME": "中壢郡役所", "TYPE": "官署" }, "geometry": { "type": "Point", "coordinates": [ 121.220660462716182, 24.95490014812988 ] } },
{ "type": "Feature", "properties": { "NAME": "桃園郡役所", "TYPE": "官署" }, "geometry": { "type": "Point", "coordinates": [ 121.313584951652814, 24.991654154739898 ] } },
{ "type": "Feature", "properties": { "NAME": "文山郡役所", "TYPE": "官署" }, "geometry": { "type": "Point", "coordinates": [ 121.536817527805653, 24.957990841438281 ] } },
{ "type": "Feature", "properties": { "NAME": "北斗郡役所", "TYPE": "官署" }, "geometry": { "type": "Point", "coordinates": [ 120.52393630971018, 23.874819039764215 ] } },
{ "type": "Feature", "properties": { "NAME": "竹山郡役所", "TYPE": "官署" }, "geometry": { "type": "Point", "coordinates": [ 120.682182476000946, 23.757056342968298 ] } },
{ "type": "Feature", "properties": { "NAME": "虎尾郡役所", "TYPE": "官署" }, "geometry": { "type": "Point", "coordinates": [ 120.433311715076627, 23.709439438690801 ] } },
{ "type": "Feature", "properties": { "NAME": "斗六郡役所", "TYPE": "官署" }, "geometry": { "type": "Point", "coordinates": [ 120.539982662843713, 23.707974397422621 ] } },
{ "type": "Feature", "properties": { "NAME": "北港郡役所", "TYPE": "官署" }, "geometry": { "type": "Point", "coordinates": [ 120.305043646667741, 23.56826796212415 ] } },
{ "type": "Feature", "properties": { "NAME": "東石郡役所", "TYPE": "官署" }, "geometry": { "type": "Point", "coordinates": [ 120.246213076810434, 23.468361064887194 ] } },
{ "type": "Feature", "properties": { "NAME": "嘉義郡役所", "TYPE": "官署" }, "geometry": { "type": "Point", "coordinates": [ 120.453769169191133, 23.482101553743092 ] } },
{ "type": "Feature", "properties": { "NAME": "新營郡役所", "TYPE": "官署" }, "geometry": { "type": "Point", "coordinates": [ 120.315926290229527, 23.305114226317574 ] } },
{ "type": "Feature", "properties": { "NAME": "曾文郡役所", "TYPE": "官署" }, "geometry": { "type": "Point", "coordinates": [ 120.247305063894828, 23.18297764822163 ] } },
{ "type": "Feature", "properties": { "NAME": "北門郡役所", "TYPE": "官署" }, "geometry": { "type": "Point", "coordinates": [ 120.176561223034255, 23.164500479954306 ] } },
{ "type": "Feature", "properties": { "NAME": "新化郡役所", "TYPE": "官署" }, "geometry": { "type": "Point", "coordinates": [ 120.308576716672334, 23.033493787079077 ] } },
{ "type": "Feature", "properties": { "NAME": "新豐郡役所", "TYPE": "官署" }, "geometry": { "type": "Point", "coordinates": [ 120.210760565608709, 22.988194868894062 ] } },
{ "type": "Feature", "properties": { "NAME": "旗山郡役所", "TYPE": "官署" }, "geometry": { "type": "Point", "coordinates": [ 120.482550345133376, 22.88762695533509 ] } },
{ "type": "Feature", "properties": { "NAME": "岡山郡役所", "TYPE": "官署" }, "geometry": { "type": "Point", "coordinates": [ 120.294933114605342, 22.796050394042958 ] } },
{ "type": "Feature", "properties": { "NAME": "屏東郡役所", "TYPE": "官署" }, "geometry": { "type": "Point", "coordinates": [ 120.488821023166736, 22.675306525652143 ] } },
{ "type": "Feature", "properties": { "NAME": "鳳山郡役所", "TYPE": "官署" }, "geometry": { "type": "Point", "coordinates": [ 120.357791548250674, 22.626640919114074 ] } },
{ "type": "Feature", "properties": { "NAME": "潮州郡役所", "TYPE": "官署" }, "geometry": { "type": "Point", "coordinates": [ 120.545284500512395, 22.550003461667519 ] } },
{ "type": "Feature", "properties": { "NAME": "東港郡役所", "TYPE": "官署" }, "geometry": { "type": "Point", "coordinates": [ 120.447517820201455, 22.466512364086519 ] } },
{ "type": "Feature", "properties": { "NAME": "澎湖郡役所", "TYPE": "官署" }, "geometry": { "type": "Point", "coordinates": [ 119.56695998144437, 23.565150408099935 ] } },
{ "type": "Feature", "properties": { "NAME": "員林郡役所", "TYPE": "官署" }, "geometry": { "type": "Point", "coordinates": [ 120.57330376894717, 23.960380950256276 ] } },
{ "type": "Feature", "properties": { "NAME": "南投郡役所", "TYPE": "官署" }, "geometry": { "type": "Point", "coordinates": [ 120.684920665309818, 23.910974597888199 ] } },
{ "type": "Feature", "properties": { "NAME": "七星郡役所", "TYPE": "官署" }, "geometry": { "type": "Point", "coordinates": [ 121.520895161093463, 25.044983220752236 ] } },
{ "type": "Feature", "properties": { "NAME": "大甲郵便局", "TYPE": "郵便局" }, "geometry": { "type": "Point", "coordinates": [ 120.624401109343779, 24.34756850096193 ] } },
{ "type": "Feature", "properties": { "NAME": "三叉郵便局", "TYPE": "郵便局" }, "geometry": { "type": "Point", "coordinates": [ 120.77143221962217, 24.413581774723532 ] } },
{ "type": "Feature", "properties": { "NAME": "梧棲郵便局", "TYPE": "郵便局" }, "geometry": { "type": "Point", "coordinates": [ 120.529060318481541, 24.255974096965556 ] } },
{ "type": "Feature", "properties": { "NAME": "后里郵便局", "TYPE": "郵便局" }, "geometry": { "type": "Point", "coordinates": [ 120.731325908615005, 24.309084515091158 ] } },
{ "type": "Feature", "properties": { "NAME": "豐原郵便局", "TYPE": "郵便局" }, "geometry": { "type": "Point", "coordinates": [ 120.720124282354078, 24.251370477909749 ] } },
{ "type": "Feature", "properties": { "NAME": "東勢郵便局", "TYPE": "郵便局" }, "geometry": { "type": "Point", "coordinates": [ 120.827876548756151, 24.256631169952218 ] } },
{ "type": "Feature", "properties": { "NAME": "沙鹿郵便局", "TYPE": "郵便局" }, "geometry": { "type": "Point", "coordinates": [ 120.560463991625781, 24.237054280419738 ] } },
{ "type": "Feature", "properties": { "NAME": "潭子郵便局", "TYPE": "郵便局" }, "geometry": { "type": "Point", "coordinates": [ 120.70650552516949, 24.214839636694887 ] } },
{ "type": "Feature", "properties": { "NAME": "和美郵便局", "TYPE": "郵便局" }, "geometry": { "type": "Point", "coordinates": [ 120.498312793062453, 24.112535266570973 ] } },
{ "type": "Feature", "properties": { "NAME": "中寮郵便局", "TYPE": "郵便局" }, "geometry": { "type": "Point", "coordinates": [ 120.530869080446038, 24.109154497393661 ] } },
{ "type": "Feature", "properties": { "NAME": "大肚郵便局", "TYPE": "郵便局" }, "geometry": { "type": "Point", "coordinates": [ 120.545513920321, 24.149622983356235 ] } },
{ "type": "Feature", "properties": { "NAME": "烏日郵便局", "TYPE": "郵便局" }, "geometry": { "type": "Point", "coordinates": [ 120.624231454823715, 24.111208103844131 ] } },
{ "type": "Feature", "properties": { "NAME": "臺中錦町郵便局", "TYPE": "郵便局" }, "geometry": { "type": "Point", "coordinates": [ 120.679254231134749, 24.141905150232866 ] } },
{ "type": "Feature", "properties": { "NAME": "臺中郵便局", "TYPE": "郵便局" }, "geometry": { "type": "Point", "coordinates": [ 120.678691122682608, 24.139448683454344 ] } },
{ "type": "Feature", "properties": { "NAME": "鹿港郵便局", "TYPE": "郵便局" }, "geometry": { "type": "Point", "coordinates": [ 120.433152954258986, 24.056456808467058 ] } },
{ "type": "Feature", "properties": { "NAME": "彰化郵便局", "TYPE": "郵便局" }, "geometry": { "type": "Point", "coordinates": [ 120.541197393849032, 24.079759554432627 ] } },
{ "type": "Feature", "properties": { "NAME": "溪湖郵便局", "TYPE": "郵便局" }, "geometry": { "type": "Point", "coordinates": [ 120.479983181910214, 23.952305460541435 ] } },
{ "type": "Feature", "properties": { "NAME": "永靖郵便局", "TYPE": "郵便局" }, "geometry": { "type": "Point", "coordinates": [ 120.546321628722168, 23.922046529901664 ] } },
{ "type": "Feature", "properties": { "NAME": "員林郵便局", "TYPE": "郵便局" }, "geometry": { "type": "Point", "coordinates": [ 120.571974036712732, 23.958858248998343 ] } },
{ "type": "Feature", "properties": { "NAME": "草屯郵便局", "TYPE": "郵便局" }, "geometry": { "type": "Point", "coordinates": [ 120.684976279583708, 23.97881345695895 ] } },
{ "type": "Feature", "properties": { "NAME": "金山郵便局", "TYPE": "郵便局" }, "geometry": { "type": "Point", "coordinates": [ 121.638096699613484, 25.222026285359746 ] } },
{ "type": "Feature", "properties": { "NAME": "士林郵便局", "TYPE": "郵便局" }, "geometry": { "type": "Point", "coordinates": [ 121.525490599271976, 25.089932725076231 ] } },
{ "type": "Feature", "properties": { "NAME": "草山郵便局", "TYPE": "郵便局" }, "geometry": { "type": "Point", "coordinates": [ 121.549641634144038, 25.152034550668628 ] } },
{ "type": "Feature", "properties": { "NAME": "基隆郵便局", "TYPE": "郵便局" }, "geometry": { "type": "Point", "coordinates": [ 121.744447966851084, 25.130211327622682 ] } },
{ "type": "Feature", "properties": { "NAME": "臺北永樂町郵便局", "TYPE": "郵便局" }, "geometry": { "type": "Point", "coordinates": [ 121.510456495519804, 25.056383145936948 ] } },
{ "type": "Feature", "properties": { "NAME": "臺北御成町郵便局", "TYPE": "郵便局" }, "geometry": { "type": "Point", "coordinates": [ 121.522212756052724, 25.050234564982905 ] } },
{ "type": "Feature", "properties": { "NAME": "臺北郵便局", "TYPE": "郵便局" }, "geometry": { "type": "Point", "coordinates": [ 121.512253506228461, 25.046711741383689 ] } },
{ "type": "Feature", "properties": { "NAME": "臺北榮町郵便局", "TYPE": "郵便局" }, "geometry": { "type": "Point", "coordinates": [ 121.513152058465764, 25.042577118894311 ] } },
{ "type": "Feature", "properties": { "NAME": "臺北電話局", "TYPE": "郵便局" }, "geometry": { "type": "Point", "coordinates": [ 121.510419628371636, 25.042685128566433 ] } },
{ "type": "Feature", "properties": { "NAME": "松山郵便局", "TYPE": "郵便局" }, "geometry": { "type": "Point", "coordinates": [ 121.577976036141393, 25.050123618612368 ] } },
{ "type": "Feature", "properties": { "NAME": "深坑郵便局", "TYPE": "郵便局" }, "geometry": { "type": "Point", "coordinates": [ 121.616047132214703, 25.001333563117427 ] } },
{ "type": "Feature", "properties": { "NAME": "板橋郵便局", "TYPE": "郵便局" }, "geometry": { "type": "Point", "coordinates": [ 121.458169430484375, 25.008975243148068 ] } },
{ "type": "Feature", "properties": { "NAME": "臺北八甲町郵便局", "TYPE": "郵便局" }, "geometry": { "type": "Point", "coordinates": [ 121.505063964298046, 25.03663778687508 ] } },
{ "type": "Feature", "properties": { "NAME": "臺北入船町郵便局", "TYPE": "郵便局" }, "geometry": { "type": "Point", "coordinates": [ 121.500988856526646, 25.04032147253551 ] } },
{ "type": "Feature", "properties": { "NAME": "臺北新起町郵便局", "TYPE": "郵便局" }, "geometry": { "type": "Point", "coordinates": [ 121.506344334180525, 25.041000395711794 ] } },
{ "type": "Feature", "properties": { "NAME": "新莊郵便局", "TYPE": "郵便局" }, "geometry": { "type": "Point", "coordinates": [ 121.454356998355536, 25.034211076370752 ] } },
{ "type": "Feature", "properties": { "NAME": "楊梅郵便局", "TYPE": "郵便局" }, "geometry": { "type": "Point", "coordinates": [ 121.144683551374058, 24.909094271192838 ] } },
{ "type": "Feature", "properties": { "NAME": "大溪郵便局", "TYPE": "郵便局" }, "geometry": { "type": "Point", "coordinates": [ 121.286877236176906, 24.881302224985678 ] } },
{ "type": "Feature", "properties": { "NAME": "頭圍郵便局", "TYPE": "郵便局" }, "geometry": { "type": "Point", "coordinates": [ 121.824645842191345, 24.858139298491508 ] } },
{ "type": "Feature", "properties": { "NAME": "新竹郵便局", "TYPE": "郵便局" }, "geometry": { "type": "Point", "coordinates": [ 120.96718471148445, 24.802698838052567 ] } },
{ "type": "Feature", "properties": { "NAME": "新埔郵便局", "TYPE": "郵便局" }, "geometry": { "type": "Point", "coordinates": [ 121.076809727720942, 24.828469822078819 ] } },
{ "type": "Feature", "properties": { "NAME": "關西郵便局", "TYPE": "郵便局" }, "geometry": { "type": "Point", "coordinates": [ 121.176945216334033, 24.790839808043835 ] } },
{ "type": "Feature", "properties": { "NAME": "宜蘭郵便局", "TYPE": "郵便局" }, "geometry": { "type": "Point", "coordinates": [ 121.753747218992913, 24.758554047496649 ] } },
{ "type": "Feature", "properties": { "NAME": "竹南郵便局中港出張所", "TYPE": "郵便局" }, "geometry": { "type": "Point", "coordinates": [ 120.864191322337945, 24.684324465033544 ] } },
{ "type": "Feature", "properties": { "NAME": "竹南郵便局", "TYPE": "郵便局" }, "geometry": { "type": "Point", "coordinates": [ 120.880229706238154, 24.686232545028918 ] } },
{ "type": "Feature", "properties": { "NAME": "頭分郵便局", "TYPE": "郵便局" }, "geometry": { "type": "Point", "coordinates": [ 120.908765440819749, 24.686892612378244 ] } },
{ "type": "Feature", "properties": { "NAME": "北埔郵便局", "TYPE": "郵便局" }, "geometry": { "type": "Point", "coordinates": [ 121.05748685747615, 24.699586427270166 ] } },
{ "type": "Feature", "properties": { "NAME": "竹東郵便局", "TYPE": "郵便局" }, "geometry": { "type": "Point", "coordinates": [ 121.087092633465204, 24.738895431598383 ] } },
{ "type": "Feature", "properties": { "NAME": "三星郵便局", "TYPE": "郵便局" }, "geometry": { "type": "Point", "coordinates": [ 121.652776463783923, 24.667124544268162 ] } },
{ "type": "Feature", "properties": { "NAME": "二結郵便局", "TYPE": "郵便局" }, "geometry": { "type": "Point", "coordinates": [ 121.767727305686122, 24.703085777437149 ] } },
{ "type": "Feature", "properties": { "NAME": "羅東郵便局", "TYPE": "郵便局" }, "geometry": { "type": "Point", "coordinates": [ 121.770110472538448, 24.673556094807026 ] } },
{ "type": "Feature", "properties": { "NAME": "後龍郵便局", "TYPE": "郵便局" }, "geometry": { "type": "Point", "coordinates": [ 120.787034891196996, 24.613334197866234 ] } },
{ "type": "Feature", "properties": { "NAME": "蘇澳郵便局", "TYPE": "郵便局" }, "geometry": { "type": "Point", "coordinates": [ 121.85135953527093, 24.596291419840188 ] } },
{ "type": "Feature", "properties": { "NAME": "苗栗郵便局", "TYPE": "郵便局" }, "geometry": { "type": "Point", "coordinates": [ 120.820436586298172, 24.558220225602646 ] } },
{ "type": "Feature", "properties": { "NAME": "通霄郵便局", "TYPE": "郵便局" }, "geometry": { "type": "Point", "coordinates": [ 120.68083744485223, 24.490854536015355 ] } },
{ "type": "Feature", "properties": { "NAME": "苑裡郵便局", "TYPE": "郵便局" }, "geometry": { "type": "Point", "coordinates": [ 120.653731627148659, 24.444504755826888 ] } },
{ "type": "Feature", "properties": { "NAME": "銅鑼郵便局", "TYPE": "郵便局" }, "geometry": { "type": "Point", "coordinates": [ 120.789620674022402, 24.492010391824394 ] } },
{ "type": "Feature", "properties": { "NAME": "大湖郵便局", "TYPE": "郵便局" }, "geometry": { "type": "Point", "coordinates": [ 120.866297369545677, 24.42260880520173 ] } },
{ "type": "Feature", "properties": { "NAME": "淡水郵便局", "TYPE": "郵便局" }, "geometry": { "type": "Point", "coordinates": [ 121.437934644108864, 25.171394143220024 ] } },
{ "type": "Feature", "properties": { "NAME": "北投郵便局", "TYPE": "郵便局" }, "geometry": { "type": "Point", "coordinates": [ 121.505207350440486, 25.135472531589929 ] } },
{ "type": "Feature", "properties": { "NAME": "平鎮電信取扱所", "TYPE": "郵便局" }, "geometry": { "type": "Point", "coordinates": [ 121.184172413254032, 24.919348984840955 ] } },
{ "type": "Feature", "properties": { "NAME": "中壢郵便局", "TYPE": "郵便局" }, "geometry": { "type": "Point", "coordinates": [ 121.221638778815887, 24.95515753899382 ] } },
{ "type": "Feature", "properties": { "NAME": "三峽郵便局", "TYPE": "郵便局" }, "geometry": { "type": "Point", "coordinates": [ 121.369787573902059, 24.935024729651612 ] } },
{ "type": "Feature", "properties": { "NAME": "新店郵便局", "TYPE": "郵便局" }, "geometry": { "type": "Point", "coordinates": [ 121.538691658562172, 24.958459258780096 ] } },
{ "type": "Feature", "properties": { "NAME": "二林郵便局", "TYPE": "郵便局" }, "geometry": { "type": "Point", "coordinates": [ 120.370557281538694, 23.900019871108583 ] } },
{ "type": "Feature", "properties": { "NAME": "溪州郵便局", "TYPE": "郵便局" }, "geometry": { "type": "Point", "coordinates": [ 120.492121280072922, 23.850777818212762 ] } },
{ "type": "Feature", "properties": { "NAME": "田中郵便局", "TYPE": "郵便局" }, "geometry": { "type": "Point", "coordinates": [ 120.589482800747604, 23.857988525673967 ] } },
{ "type": "Feature", "properties": { "NAME": "北斗郵便局", "TYPE": "郵便局" }, "geometry": { "type": "Point", "coordinates": [ 120.524898918681018, 23.875707490774179 ] } },
{ "type": "Feature", "properties": { "NAME": "南投郵便局", "TYPE": "郵便局" }, "geometry": { "type": "Point", "coordinates": [ 120.684719562336198, 23.910386080779695 ] } },
{ "type": "Feature", "properties": { "NAME": "西螺郵便局", "TYPE": "郵便局" }, "geometry": { "type": "Point", "coordinates": [ 120.461631300398736, 23.800782868713167 ] } },
{ "type": "Feature", "properties": { "NAME": "二水郵便局", "TYPE": "郵便局" }, "geometry": { "type": "Point", "coordinates": [ 120.61517737193752, 23.811116873432407 ] } },
{ "type": "Feature", "properties": { "NAME": "斗南郵便局", "TYPE": "郵便局" }, "geometry": { "type": "Point", "coordinates": [ 120.47909265642889, 23.675252640262318 ] } },
{ "type": "Feature", "properties": { "NAME": "土庫郵便局", "TYPE": "郵便局" }, "geometry": { "type": "Point", "coordinates": [ 120.391342226662942, 23.67658784948425 ] } },
{ "type": "Feature", "properties": { "NAME": "虎尾郵便局", "TYPE": "郵便局" }, "geometry": { "type": "Point", "coordinates": [ 120.436374547173159, 23.703117788581292 ] } },
{ "type": "Feature", "properties": { "NAME": "大林郵便局", "TYPE": "郵便局" }, "geometry": { "type": "Point", "coordinates": [ 120.455787497550148, 23.606492296609854 ] } },
{ "type": "Feature", "properties": { "NAME": "北港郵便局下湖口出張所", "TYPE": "郵便局" }, "geometry": { "type": "Point", "coordinates": [ 120.148163810947295, 23.574497831393252 ] } },
{ "type": "Feature", "properties": { "NAME": "北港郵便局", "TYPE": "郵便局" }, "geometry": { "type": "Point", "coordinates": [ 120.300810245844531, 23.569847146166946 ] } },
{ "type": "Feature", "properties": { "NAME": "新巷郵便局", "TYPE": "郵便局" }, "geometry": { "type": "Point", "coordinates": [ 120.346827146939077, 23.556781531743123 ] } },
{ "type": "Feature", "properties": { "NAME": "民雄郵便局", "TYPE": "郵便局" }, "geometry": { "type": "Point", "coordinates": [ 120.429979245188079, 23.556219839733483 ] } },
{ "type": "Feature", "properties": { "NAME": "竹崎郵便局", "TYPE": "郵便局" }, "geometry": { "type": "Point", "coordinates": [ 120.550942884679472, 23.52332900637877 ] } },
{ "type": "Feature", "properties": { "NAME": "朴子郵便局東石出張所", "TYPE": "郵便局" }, "geometry": { "type": "Point", "coordinates": [ 120.150504086435078, 23.456405119772818 ] } },
{ "type": "Feature", "properties": { "NAME": "朴子郵便局", "TYPE": "郵便局" }, "geometry": { "type": "Point", "coordinates": [ 120.246870618234425, 23.467599621420248 ] } },
{ "type": "Feature", "properties": { "NAME": "蒜頭郵便局", "TYPE": "郵便局" }, "geometry": { "type": "Point", "coordinates": [ 120.298598323071175, 23.480197397091604 ] } },
{ "type": "Feature", "properties": { "NAME": "嘉義郵便局", "TYPE": "郵便局" }, "geometry": { "type": "Point", "coordinates": [ 120.449346199095032, 23.479310535200675 ] } },
{ "type": "Feature", "properties": { "NAME": "布袋郵便局", "TYPE": "郵便局" }, "geometry": { "type": "Point", "coordinates": [ 120.157892726215124, 23.37769329518418 ] } },
{ "type": "Feature", "properties": { "NAME": "關子嶺郵便局", "TYPE": "郵便局" }, "geometry": { "type": "Point", "coordinates": [ 120.505096274678948, 23.339164214418588 ] } },
{ "type": "Feature", "properties": { "NAME": "白河郵便局", "TYPE": "郵便局" }, "geometry": { "type": "Point", "coordinates": [ 120.415418831105981, 23.350798657843988 ] } },
{ "type": "Feature", "properties": { "NAME": "南靖郵便局", "TYPE": "郵便局" }, "geometry": { "type": "Point", "coordinates": [ 120.383784974320278, 23.414544862401421 ] } },
{ "type": "Feature", "properties": { "NAME": "北門郵便局", "TYPE": "郵便局" }, "geometry": { "type": "Point", "coordinates": [ 120.122900614605371, 23.268761589855192 ] } },
{ "type": "Feature", "properties": { "NAME": "鹽水郵便局", "TYPE": "郵便局" }, "geometry": { "type": "Point", "coordinates": [ 120.266942003531, 23.319829842554476 ] } },
{ "type": "Feature", "properties": { "NAME": "新營郵便局", "TYPE": "郵便局" }, "geometry": { "type": "Point", "coordinates": [ 120.317548957272066, 23.301507770641066 ] } },
{ "type": "Feature", "properties": { "NAME": "麻豆郵便局", "TYPE": "郵便局" }, "geometry": { "type": "Point", "coordinates": [ 120.24922996847053, 23.183716150535979 ] } },
{ "type": "Feature", "properties": { "NAME": "佳里郵便局", "TYPE": "郵便局" }, "geometry": { "type": "Point", "coordinates": [ 120.17842642716279, 23.172728446270511 ] } },
{ "type": "Feature", "properties": { "NAME": "六甲郵便局", "TYPE": "郵便局" }, "geometry": { "type": "Point", "coordinates": [ 120.363313553925423, 23.213952476640657 ] } },
{ "type": "Feature", "properties": { "NAME": "善化郵便局", "TYPE": "郵便局" }, "geometry": { "type": "Point", "coordinates": [ 120.288770713362865, 23.13211053055468 ] } },
{ "type": "Feature", "properties": { "NAME": "三崁店郵便局", "TYPE": "郵便局" }, "geometry": { "type": "Point", "coordinates": [ 120.243163023717671, 23.053373942304869 ] } },
{ "type": "Feature", "properties": { "NAME": "安平郵便局", "TYPE": "郵便局" }, "geometry": { "type": "Point", "coordinates": [ 120.160069660070008, 23.001868279316128 ] } },
{ "type": "Feature", "properties": { "NAME": "新化郵便局", "TYPE": "郵便局" }, "geometry": { "type": "Point", "coordinates": [ 120.30840878158034, 23.034261699404325 ] } },
{ "type": "Feature", "properties": { "NAME": "車路墘郵便局", "TYPE": "郵便局" }, "geometry": { "type": "Point", "coordinates": [ 120.229573500144937, 22.940389251033501 ] } },
{ "type": "Feature", "properties": { "NAME": "臺南驛前郵便局", "TYPE": "郵便局" }, "geometry": { "type": "Point", "coordinates": [ 120.210076079858766, 22.996270193401852 ] } },
{ "type": "Feature", "properties": { "NAME": "臺南清水町郵便局", "TYPE": "郵便局" }, "geometry": { "type": "Point", "coordinates": [ 120.209354803693671, 22.991890106456847 ] } },
{ "type": "Feature", "properties": { "NAME": "臺南西門町郵便局", "TYPE": "郵便局" }, "geometry": { "type": "Point", "coordinates": [ 120.199603292651901, 22.995784046041724 ] } },
{ "type": "Feature", "properties": { "NAME": "臺南大宮町郵便局", "TYPE": "郵便局" }, "geometry": { "type": "Point", "coordinates": [ 120.200251930965635, 22.991133511280836 ] } },
{ "type": "Feature", "properties": { "NAME": "關廟郵便局", "TYPE": "郵便局" }, "geometry": { "type": "Point", "coordinates": [ 120.325600890529643, 22.960609969024453 ] } },
{ "type": "Feature", "properties": { "NAME": "旗山郵便局", "TYPE": "郵便局" }, "geometry": { "type": "Point", "coordinates": [ 120.483413278114568, 22.887326758145747 ] } },
{ "type": "Feature", "properties": { "NAME": "橋子頭郵便局", "TYPE": "郵便局" }, "geometry": { "type": "Point", "coordinates": [ 120.311264780873387, 22.757302944394119 ] } },
{ "type": "Feature", "properties": { "NAME": "岡山郵便局", "TYPE": "郵便局" }, "geometry": { "type": "Point", "coordinates": [ 120.295391185386663, 22.79352280295733 ] } },
{ "type": "Feature", "properties": { "NAME": "里港郵便局", "TYPE": "郵便局" }, "geometry": { "type": "Point", "coordinates": [ 120.494914503580375, 22.777698056005494 ] } },
{ "type": "Feature", "properties": { "NAME": "楠梓郵便局", "TYPE": "郵便局" }, "geometry": { "type": "Point", "coordinates": [ 120.329506566573883, 22.726813512011855 ] } },
{ "type": "Feature", "properties": { "NAME": "屏東郵便局", "TYPE": "郵便局" }, "geometry": { "type": "Point", "coordinates": [ 120.490042776482042, 22.67150847679833 ] } },
{ "type": "Feature", "properties": { "NAME": "高雄郵便局", "TYPE": "郵便局" }, "geometry": { "type": "Point", "coordinates": [ 120.273570881253121, 22.621546911693017 ] } },
{ "type": "Feature", "properties": { "NAME": "高雄入船町郵便局", "TYPE": "郵便局" }, "geometry": { "type": "Point", "coordinates": [ 120.283895398139506, 22.622180947928026 ] } },
{ "type": "Feature", "properties": { "NAME": "高雄山下町郵便局", "TYPE": "郵便局" }, "geometry": { "type": "Point", "coordinates": [ 120.280380028915772, 22.629778619548318 ] } },
{ "type": "Feature", "properties": { "NAME": "鳳山郵便局", "TYPE": "郵便局" }, "geometry": { "type": "Point", "coordinates": [ 120.357687999067224, 22.625872042990068 ] } },
{ "type": "Feature", "properties": { "NAME": "高雄郵便局旗後出張所", "TYPE": "郵便局" }, "geometry": { "type": "Point", "coordinates": [ 120.269306459511839, 22.612085751947308 ] } },
{ "type": "Feature", "properties": { "NAME": "萬丹郵便局", "TYPE": "郵便局" }, "geometry": { "type": "Point", "coordinates": [ 120.490236984583859, 22.587638649182171 ] } },
{ "type": "Feature", "properties": { "NAME": "九曲堂郵便局", "TYPE": "郵便局" }, "geometry": { "type": "Point", "coordinates": [ 120.419957295392052, 22.656210869247406 ] } },
{ "type": "Feature", "properties": { "NAME": "內埔郵便局", "TYPE": "郵便局" }, "geometry": { "type": "Point", "coordinates": [ 120.567729643273225, 22.612435533832365 ] } },
{ "type": "Feature", "properties": { "NAME": "後壁林郵便局", "TYPE": "郵便局" }, "geometry": { "type": "Point", "coordinates": [ 120.338233323104006, 22.561901631964563 ] } },
{ "type": "Feature", "properties": { "NAME": "潮州郵便局", "TYPE": "郵便局" }, "geometry": { "type": "Point", "coordinates": [ 120.542710344071196, 22.550178377520034 ] } },
{ "type": "Feature", "properties": { "NAME": "東港郵便局", "TYPE": "郵便局" }, "geometry": { "type": "Point", "coordinates": [ 120.449129413475831, 22.467429955883066 ] } },
{ "type": "Feature", "properties": { "NAME": "東港郵便局佳冬出張所", "TYPE": "郵便局" }, "geometry": { "type": "Point", "coordinates": [ 120.551731180870448, 22.414389851580353 ] } },
{ "type": "Feature", "properties": { "NAME": "澎湖郵便局測天島出張所", "TYPE": "郵便局" }, "geometry": { "type": "Point", "coordinates": [ 119.563068083027702, 23.552944037367293 ] } },
{ "type": "Feature", "properties": { "NAME": "澎湖郵便局", "TYPE": "郵便局" }, "geometry": { "type": "Point", "coordinates": [ 119.565953704706388, 23.564479643910826 ] } },
{ "type": "Feature", "properties": { "NAME": "臺北郵便局港町出張所", "TYPE": "郵便局" }, "geometry": { "type": "Point", "coordinates": [ 121.508586403276396, 25.054947003692131 ] } },
{ "type": "Feature", "properties": { "NAME": "臺南郵便局", "TYPE": "郵便局" }, "geometry": { "type": "Point", "coordinates": [ 120.202502263404739, 22.993122792412102 ] } },
{ "type": "Feature", "properties": { "NAME": "斗六郵便局", "TYPE": "郵便局" }, "geometry": { "type": "Point", "coordinates": [ 120.53932616969719, 23.706866968808974 ] } },
{ "type": "Feature", "properties": { "NAME": "嘉義驛前郵便局", "TYPE": "郵便局" }, "geometry": { "type": "Point", "coordinates": [ 120.442410328422881, 23.478949060761011 ] } },
{ "type": "Feature", "properties": { "NAME": "卓蘭郵便局", "TYPE": "郵便局" }, "geometry": { "type": "Point", "coordinates": [ 120.827029369740728, 24.311691341687261 ] } }
]
}
